{"type":"FeatureCollection","features":[{"type":"Feature","id":1,"geometry":{"type":"Point","coordinates":[114.0892442985011,22.497186744531589]},"properties":{"OBJECTID":1,"GEO_NAME_ID":"5062","PLACE_CLASS":"Topographic","PLACE_TYPE":"Hill","DISTRICT":"YL"}},{"type":"Feature","id":2,"geometry":{"type":"Point","coordinates":[114.2344411018462,22.297319066197804]},"properties":{"OBJECTID":2,"GEO_NAME_ID":"5078","PLACE_CLASS":"Hydrographic","PLACE_TYPE":"Bay","DISTRICT":"KT"}},{"type":"Feature","id":3,"geometry":{"type":"Point","coordinates":[114.22806939547864,22.388259003908622]},"properties":{"OBJECTID":3,"GEO_NAME_ID":"5080","PLACE_CLASS":"Topographic","PLACE_TYPE":"Pass","DISTRICT":"ST"}},{"type":"Feature","id":4,"geometry":{"type":"Point","coordinates":[113.94264157043948,22.278114823516077]},"properties":{"OBJECTID":4,"GEO_NAME_ID":"5082","PLACE_CLASS":"Settlement","PLACE_TYPE":"Village","DISTRICT":"ILD"}},{"type":"Feature","id":5,"geometry":{"type":"Point","coordinates":[114.12080350920864,22.535904983332721]},"properties":{"OBJECTID":5,"GEO_NAME_ID":"5057","PLACE_CLASS":"Hydrographic","PLACE_TYPE":"River","DISTRICT":"NTH"}},{"type":"Feature","id":6,"geometry":{"type":"Point","coordinates":[114.16007218566378,22.490870341529408]},"properties":{"OBJECTID":6,"GEO_NAME_ID":"1000","PLACE_CLASS":"Topographic","PLACE_TYPE":"Hill","DISTRICT":"NTH"}},{"type":"Feature","id":7,"geometry":{"type":"Point","coordinates":[114.36773538810812,22.264526216206647]},"properties":{"OBJECTID":7,"GEO_NAME_ID":"1001","PLACE_CLASS":"Topographic","PLACE_TYPE":"Reef","DISTRICT":"SK"}},{"type":"Feature","id":8,"geometry":{"type":"Point","coordinates":[114.0249347126351,22.438043971858662]},"properties":{"OBJECTID":8,"GEO_NAME_ID":"1003","PLACE_CLASS":"Settlement","PLACE_TYPE":"Village","DISTRICT":"YL"}},{"type":"Feature","id":9,"geometry":{"type":"Point","coordinates":[113.92184676557859,22.385555668008955]},"properties":{"OBJECTID":9,"GEO_NAME_ID":"1004","PLACE_CLASS":"Settlement","PLACE_TYPE":"Village","DISTRICT":"TM"}},{"type":"Feature","id":10,"geometry":{"type":"Point","coordinates":[113.87093221541353,22.235253879796215]},"properties":{"OBJECTID":10,"GEO_NAME_ID":"1005","PLACE_CLASS":"Settlement","PLACE_TYPE":"Village","DISTRICT":"ILD"}},{"type":"Feature","id":11,"geometry":{"type":"Point","coordinates":[113.93420334430797,22.276124737051781]},"properties":{"OBJECTID":11,"GEO_NAME_ID":"1006","PLACE_CLASS":"Settlement","PLACE_TYPE":"Village","DISTRICT":"ILD"}},{"type":"Feature","id":12,"geometry":{"type":"Point","coordinates":[114.23343624680963,22.332322012275565]},"properties":{"OBJECTID":12,"GEO_NAME_ID":"1007","PLACE_CLASS":"Settlement","PLACE_TYPE":"Village","DISTRICT":"SK"}},{"type":"Feature","id":13,"geometry":{"type":"Point","coordinates":[114.14941909366476,22.502500031438458]},"properties":{"OBJECTID":13,"GEO_NAME_ID":"1008","PLACE_CLASS":"Settlement","PLACE_TYPE":"Area","DISTRICT":"NTH"}},{"type":"Feature","id":14,"geometry":{"type":"Point","coordinates":[114.03412341556546,22.476892192701996]},"properties":{"OBJECTID":14,"GEO_NAME_ID":"1009","PLACE_CLASS":"Settlement","PLACE_TYPE":"Area","DISTRICT":"YL"}},{"type":"Feature","id":15,"geometry":{"type":"Point","coordinates":[113.90109633906317,22.172291970792177]},"properties":{"OBJECTID":15,"GEO_NAME_ID":"1010","PLACE_CLASS":"Topographic","PLACE_TYPE":"Island","DISTRICT":"ILD"}},{"type":"Feature","id":16,"geometry":{"type":"Point","coordinates":[114.44092670082492,22.541296828952035]},"properties":{"OBJECTID":16,"GEO_NAME_ID":"1012","PLACE_CLASS":"Topographic","PLACE_TYPE":"Cape","DISTRICT":"TP"}},{"type":"Feature","id":17,"geometry":{"type":"Point","coordinates":[114.0541847270071,22.348757224813173]},"properties":{"OBJECTID":17,"GEO_NAME_ID":"1013","PLACE_CLASS":"Topographic","PLACE_TYPE":"Cape","DISTRICT":"TW"}},{"type":"Feature","id":18,"geometry":{"type":"Point","coordinates":[114.26222618331832,22.426813799882716]},"properties":{"OBJECTID":18,"GEO_NAME_ID":"1014","PLACE_CLASS":"Settlement","PLACE_TYPE":"Village","DISTRICT":"TP"}},{"type":"Feature","id":19,"geometry":{"type":"Point","coordinates":[114.21189713720543,22.372775966733698]},"properties":{"OBJECTID":19,"GEO_NAME_ID":"1015","PLACE_CLASS":"Hydrographic","PLACE_TYPE":"Stream","DISTRICT":"ST"}},{"type":"Feature","id":20,"geometry":{"type":"Point","coordinates":[114.206742322214,22.422932434670241]},"properties":{"OBJECTID":20,"GEO_NAME_ID":"1016","PLACE_CLASS":"Settlement","PLACE_TYPE":"Area","DISTRICT":"ST"}},{"type":"Feature","id":21,"geometry":{"type":"Point","coordinates":[114.1560953455361,22.505797121269325]},"properties":{"OBJECTID":21,"GEO_NAME_ID":"1017","PLACE_CLASS":"Settlement","PLACE_TYPE":"Village","DISTRICT":"NTH"}},{"type":"Feature","id":22,"geometry":{"type":"Point","coordinates":[114.17657309918928,22.518124925957071]},"properties":{"OBJECTID":22,"GEO_NAME_ID":"1018","PLACE_CLASS":"Settlement","PLACE_TYPE":"Village","DISTRICT":"NTH"}},{"type":"Feature","id":23,"geometry":{"type":"Point","coordinates":[114.1755428140581,22.516797455961886]},"properties":{"OBJECTID":23,"GEO_NAME_ID":"1019","PLACE_CLASS":"Settlement","PLACE_TYPE":"Village","DISTRICT":"NTH"}},{"type":"Feature","id":24,"geometry":{"type":"Point","coordinates":[114.27184364660049,22.357083897865696]},"properties":{"OBJECTID":24,"GEO_NAME_ID":"1020","PLACE_CLASS":"Settlement","PLACE_TYPE":"Village","DISTRICT":"SK"}},{"type":"Feature","id":25,"geometry":{"type":"Point","coordinates":[114.19935020016641,22.407875810975852]},"properties":{"OBJECTID":25,"GEO_NAME_ID":"1021","PLACE_CLASS":"Settlement","PLACE_TYPE":"Village","DISTRICT":"ST"}},{"type":"Feature","id":26,"geometry":{"type":"Point","coordinates":[114.27468414098377,22.503646605220965]},"properties":{"OBJECTID":26,"GEO_NAME_ID":"1022","PLACE_CLASS":"Hydrographic","PLACE_TYPE":"River","DISTRICT":"NTH"}},{"type":"Feature","id":27,"geometry":{"type":"Point","coordinates":[114.27869002320169,22.506037172764003]},"properties":{"OBJECTID":27,"GEO_NAME_ID":"1023","PLACE_CLASS":"Settlement","PLACE_TYPE":"Village","DISTRICT":"NTH"}},{"type":"Feature","id":28,"geometry":{"type":"Point","coordinates":[114.0665400746572,22.415472914677945]},"properties":{"OBJECTID":28,"GEO_NAME_ID":"1024","PLACE_CLASS":"Settlement","PLACE_TYPE":"Village","DISTRICT":"YL"}},{"type":"Feature","id":29,"geometry":{"type":"Point","coordinates":[114.25245456981634,22.409019594370537]},"properties":{"OBJECTID":29,"GEO_NAME_ID":"1025","PLACE_CLASS":"Topographic","PLACE_TYPE":"Hill","DISTRICT":"TP"}},{"type":"Feature","id":30,"geometry":{"type":"Point","coordinates":[114.23125694748231,22.419196449181111]},"properties":{"OBJECTID":30,"GEO_NAME_ID":"1026","PLACE_CLASS":"Settlement","PLACE_TYPE":"Town","DISTRICT":"ST"}},{"type":"Feature","id":31,"geometry":{"type":"Point","coordinates":[114.23978879105587,22.406577760137949]},"properties":{"OBJECTID":31,"GEO_NAME_ID":"1027","PLACE_CLASS":"Settlement","PLACE_TYPE":"Village","DISTRICT":"ST"}},{"type":"Feature","id":32,"geometry":{"type":"Point","coordinates":[114.08819390025306,22.422089110765089]},"properties":{"OBJECTID":32,"GEO_NAME_ID":"1028","PLACE_CLASS":"Topographic","PLACE_TYPE":"Hill","DISTRICT":"YL"}},{"type":"Feature","id":33,"geometry":{"type":"Point","coordinates":[114.1297191540738,22.445486431588879]},"properties":{"OBJECTID":33,"GEO_NAME_ID":"1029","PLACE_CLASS":"Settlement","PLACE_TYPE":"Village","DISTRICT":"TP"}},{"type":"Feature","id":34,"geometry":{"type":"Point","coordinates":[114.22984244534253,22.454451840490144]},"properties":{"OBJECTID":34,"GEO_NAME_ID":"1030","PLACE_CLASS":"Topographic","PLACE_TYPE":"Island","DISTRICT":"TP"}},{"type":"Feature","id":35,"geometry":{"type":"Point","coordinates":[114.14125537651655,22.50255261730506]},"properties":{"OBJECTID":35,"GEO_NAME_ID":"1031","PLACE_CLASS":"Settlement","PLACE_TYPE":"Village","DISTRICT":"NTH"}},{"type":"Feature","id":36,"geometry":{"type":"Point","coordinates":[114.24754585695216,22.496797706014995]},"properties":{"OBJECTID":36,"GEO_NAME_ID":"1032","PLACE_CLASS":"Topographic","PLACE_TYPE":"Hill","DISTRICT":"TP"}},{"type":"Feature","id":37,"geometry":{"type":"Point","coordinates":[114.19129758163324,22.320880468239039]},"properties":{"OBJECTID":37,"GEO_NAME_ID":"1033","PLACE_CLASS":"Settlement","PLACE_TYPE":"Area","DISTRICT":"KLC"}},{"type":"Feature","id":38,"geometry":{"type":"Point","coordinates":[114.1867939345028,22.320456369678599]},"properties":{"OBJECTID":38,"GEO_NAME_ID":"1034","PLACE_CLASS":"Settlement","PLACE_TYPE":"Area","DISTRICT":"KLC"}},{"type":"Feature","id":39,"geometry":{"type":"Point","coordinates":[114.3540558591822,22.341843498652409]},"properties":{"OBJECTID":39,"GEO_NAME_ID":"1036","PLACE_CLASS":"Hydrographic","PLACE_TYPE":"Bay","DISTRICT":"SK"}},{"type":"Feature","id":40,"geometry":{"type":"Point","coordinates":[114.02681061470319,22.437052377283365]},"properties":{"OBJECTID":40,"GEO_NAME_ID":"1037","PLACE_CLASS":"Settlement","PLACE_TYPE":"Village","DISTRICT":"YL"}},{"type":"Feature","id":41,"geometry":{"type":"Point","coordinates":[114.02365087639468,22.439469568200831]},"properties":{"OBJECTID":41,"GEO_NAME_ID":"1038","PLACE_CLASS":"Settlement","PLACE_TYPE":"Village","DISTRICT":"YL"}},{"type":"Feature","id":42,"geometry":{"type":"Point","coordinates":[114.20008790103317,22.533872203215363]},"properties":{"OBJECTID":42,"GEO_NAME_ID":"1039","PLACE_CLASS":"Settlement","PLACE_TYPE":"Village","DISTRICT":"NTH"}},{"type":"Feature","id":43,"geometry":{"type":"Point","coordinates":[114.20266356566866,22.531876101898497]},"properties":{"OBJECTID":43,"GEO_NAME_ID":"1040","PLACE_CLASS":"Settlement","PLACE_TYPE":"Village","DISTRICT":"NTH"}},{"type":"Feature","id":44,"geometry":{"type":"Point","coordinates":[114.19647364575064,22.478588660515534]},"properties":{"OBJECTID":44,"GEO_NAME_ID":"1041","PLACE_CLASS":"Settlement","PLACE_TYPE":"Village","DISTRICT":"TP"}},{"type":"Feature","id":45,"geometry":{"type":"Point","coordinates":[114.09512976832575,22.520244388624867]},"properties":{"OBJECTID":45,"GEO_NAME_ID":"1042","PLACE_CLASS":"Settlement","PLACE_TYPE":"Area","DISTRICT":"NTH"}},{"type":"Feature","id":46,"geometry":{"type":"Point","coordinates":[114.05903803331037,22.349573576253757]},"properties":{"OBJECTID":46,"GEO_NAME_ID":"1043","PLACE_CLASS":"Topographic","PLACE_TYPE":"Island","DISTRICT":"TW"}},{"type":"Feature","id":47,"geometry":{"type":"Point","coordinates":[114.34765756274227,22.269154188047033]},"properties":{"OBJECTID":47,"GEO_NAME_ID":"1044","PLACE_CLASS":"Hydrographic","PLACE_TYPE":"Bay","DISTRICT":"SK"}},{"type":"Feature","id":48,"geometry":{"type":"Point","coordinates":[114.07524973872745,22.350577915418494]},"properties":{"OBJECTID":48,"GEO_NAME_ID":"1045","PLACE_CLASS":"Hydrographic","PLACE_TYPE":"Channel","DISTRICT":"TW"}},{"type":"Feature","id":49,"geometry":{"type":"Point","coordinates":[113.9353436302343,22.284488753169796]},"properties":{"OBJECTID":49,"GEO_NAME_ID":"1046","PLACE_CLASS":"Settlement","PLACE_TYPE":"Village","DISTRICT":"ILD"}},{"type":"Feature","id":50,"geometry":{"type":"Point","coordinates":[114.05592177350258,22.348895921520995]},"properties":{"OBJECTID":50,"GEO_NAME_ID":"1047","PLACE_CLASS":"Settlement","PLACE_TYPE":"Village","DISTRICT":"TW"}},{"type":"Feature","id":51,"geometry":{"type":"Point","coordinates":[114.05825917470433,22.352191866065553]},"properties":{"OBJECTID":51,"GEO_NAME_ID":"1048","PLACE_CLASS":"Settlement","PLACE_TYPE":"Village","DISTRICT":"TW"}},{"type":"Feature","id":52,"geometry":{"type":"Point","coordinates":[114.05903636344772,22.351560295102999]},"properties":{"OBJECTID":52,"GEO_NAME_ID":"1049","PLACE_CLASS":"Settlement","PLACE_TYPE":"Village","DISTRICT":"TW"}},{"type":"Feature","id":53,"geometry":{"type":"Point","coordinates":[114.05922901120222,22.353366543840512]},"properties":{"OBJECTID":53,"GEO_NAME_ID":"1050","PLACE_CLASS":"Settlement","PLACE_TYPE":"Village","DISTRICT":"TW"}},{"type":"Feature","id":54,"geometry":{"type":"Point","coordinates":[114.05782280342636,22.351604560638947]},"properties":{"OBJECTID":54,"GEO_NAME_ID":"1051","PLACE_CLASS":"Settlement","PLACE_TYPE":"Village","DISTRICT":"TW"}},{"type":"Feature","id":55,"geometry":{"type":"Point","coordinates":[113.94113508801654,22.279611720754534]},"properties":{"OBJECTID":55,"GEO_NAME_ID":"1052","PLACE_CLASS":"Settlement","PLACE_TYPE":"Village","DISTRICT":"ILD"}},{"type":"Feature","id":56,"geometry":{"type":"Point","coordinates":[114.05661253117475,22.34883379077543]},"properties":{"OBJECTID":56,"GEO_NAME_ID":"1053","PLACE_CLASS":"Settlement","PLACE_TYPE":"Area","DISTRICT":"TW"}},{"type":"Feature","id":57,"geometry":{"type":"Point","coordinates":[114.15096489869437,22.499637653049977]},"properties":{"OBJECTID":57,"GEO_NAME_ID":"1054","PLACE_CLASS":"Settlement","PLACE_TYPE":"Village","DISTRICT":"NTH"}},{"type":"Feature","id":58,"geometry":{"type":"Point","coordinates":[114.14990576284453,22.498707348928193]},"properties":{"OBJECTID":58,"GEO_NAME_ID":"1055","PLACE_CLASS":"Settlement","PLACE_TYPE":"Village","DISTRICT":"NTH"}},{"type":"Feature","id":59,"geometry":{"type":"Point","coordinates":[114.15978484635848,22.442614401555485]},"properties":{"OBJECTID":59,"GEO_NAME_ID":"1056","PLACE_CLASS":"Settlement","PLACE_TYPE":"Village","DISTRICT":"TP"}},{"type":"Feature","id":60,"geometry":{"type":"Point","coordinates":[114.24460157731481,22.317281805332261]},"properties":{"OBJECTID":60,"GEO_NAME_ID":"1057","PLACE_CLASS":"Settlement","PLACE_TYPE":"Village","DISTRICT":"SK"}},{"type":"Feature","id":61,"geometry":{"type":"Point","coordinates":[114.23031807440933,22.453349969616472]},"properties":{"OBJECTID":61,"GEO_NAME_ID":"1058","PLACE_CLASS":"Settlement","PLACE_TYPE":"Village","DISTRICT":"TP"}},{"type":"Feature","id":62,"geometry":{"type":"Point","coordinates":[114.16554178017533,22.269695160729839]},"properties":{"OBJECTID":62,"GEO_NAME_ID":"1059","PLACE_CLASS":"Topographic","PLACE_TYPE":"Pass","DISTRICT":"CW"}},{"type":"Feature","id":63,"geometry":{"type":"Point","coordinates":[114.13954596713326,22.243321739477157]},"properties":{"OBJECTID":63,"GEO_NAME_ID":"1060","PLACE_CLASS":"Topographic","PLACE_TYPE":"Island","DISTRICT":"STH"}},{"type":"Feature","id":64,"geometry":{"type":"Point","coordinates":[114.38364899430114,22.430433546541586]},"properties":{"OBJECTID":64,"GEO_NAME_ID":"1061","PLACE_CLASS":"Topographic","PLACE_TYPE":"Hill","DISTRICT":"SK"}},{"type":"Feature","id":65,"geometry":{"type":"Point","coordinates":[114.39206764062166,22.441042321824238]},"properties":{"OBJECTID":65,"GEO_NAME_ID":"1062","PLACE_CLASS":"Topographic","PLACE_TYPE":"Cape","DISTRICT":"SK"}},{"type":"Feature","id":66,"geometry":{"type":"Point","coordinates":[114.05307112948311,22.498996186826641]},"properties":{"OBJECTID":66,"GEO_NAME_ID":"1063","PLACE_CLASS":"Settlement","PLACE_TYPE":"Area","DISTRICT":"YL"}},{"type":"Feature","id":67,"geometry":{"type":"Point","coordinates":[114.06110302194993,22.493629077968574]},"properties":{"OBJECTID":67,"GEO_NAME_ID":"1064","PLACE_CLASS":"Settlement","PLACE_TYPE":"Village","DISTRICT":"YL"}},{"type":"Feature","id":68,"geometry":{"type":"Point","coordinates":[114.06756639514195,22.492531882744657]},"properties":{"OBJECTID":68,"GEO_NAME_ID":"1065","PLACE_CLASS":"Settlement","PLACE_TYPE":"Village","DISTRICT":"YL"}},{"type":"Feature","id":69,"geometry":{"type":"Point","coordinates":[114.06084195927042,22.492039542014012]},"properties":{"OBJECTID":69,"GEO_NAME_ID":"1066","PLACE_CLASS":"Settlement","PLACE_TYPE":"Village","DISTRICT":"YL"}},{"type":"Feature","id":70,"geometry":{"type":"Point","coordinates":[114.18147980525521,22.464511356143014]},"properties":{"OBJECTID":70,"GEO_NAME_ID":"1068","PLACE_CLASS":"Settlement","PLACE_TYPE":"Village","DISTRICT":"TP"}},{"type":"Feature","id":71,"geometry":{"type":"Point","coordinates":[113.86792011520467,22.228719065521705]},"properties":{"OBJECTID":71,"GEO_NAME_ID":"1069","PLACE_CLASS":"Settlement","PLACE_TYPE":"Area","DISTRICT":"ILD"}},{"type":"Feature","id":72,"geometry":{"type":"Point","coordinates":[114.19089148924876,22.400976626101784]},"properties":{"OBJECTID":72,"GEO_NAME_ID":"1070","PLACE_CLASS":"Settlement","PLACE_TYPE":"Village","DISTRICT":"ST"}},{"type":"Feature","id":73,"geometry":{"type":"Point","coordinates":[114.12933789226572,22.537894406140889]},"properties":{"OBJECTID":73,"GEO_NAME_ID":"1071","PLACE_CLASS":"Settlement","PLACE_TYPE":"Area","DISTRICT":"NTH"}},{"type":"Feature","id":74,"geometry":{"type":"Point","coordinates":[114.23639769751952,22.3343437998574]},"properties":{"OBJECTID":74,"GEO_NAME_ID":"1072","PLACE_CLASS":"Settlement","PLACE_TYPE":"Village","DISTRICT":"SK"}},{"type":"Feature","id":75,"geometry":{"type":"Point","coordinates":[114.02100611558214,22.267092236895753]},"properties":{"OBJECTID":75,"GEO_NAME_ID":"1073","PLACE_CLASS":"Settlement","PLACE_TYPE":"Village","DISTRICT":"ILD"}},{"type":"Feature","id":76,"geometry":{"type":"Point","coordinates":[114.02340386874896,22.265920537386059]},"properties":{"OBJECTID":76,"GEO_NAME_ID":"1074","PLACE_CLASS":"Topographic","PLACE_TYPE":"Cape","DISTRICT":"ILD"}},{"type":"Feature","id":77,"geometry":{"type":"Point","coordinates":[114.12372920761469,22.511343385349132]},"properties":{"OBJECTID":77,"GEO_NAME_ID":"1075","PLACE_CLASS":"Settlement","PLACE_TYPE":"Village","DISTRICT":"NTH"}},{"type":"Feature","id":78,"geometry":{"type":"Point","coordinates":[114.26553262167585,22.3563650341897]},"properties":{"OBJECTID":78,"GEO_NAME_ID":"1076","PLACE_CLASS":"Topographic","PLACE_TYPE":"Cape","DISTRICT":"SK"}},{"type":"Feature","id":79,"geometry":{"type":"Point","coordinates":[114.20464170105767,22.361109917035364]},"properties":{"OBJECTID":79,"GEO_NAME_ID":"1077","PLACE_CLASS":"Topographic","PLACE_TYPE":"Hill","DISTRICT":"ST"}},{"type":"Feature","id":80,"geometry":{"type":"Point","coordinates":[114.18416469528485,22.526504941712663]},"properties":{"OBJECTID":80,"GEO_NAME_ID":"1078","PLACE_CLASS":"Settlement","PLACE_TYPE":"Village","DISTRICT":"NTH"}},{"type":"Feature","id":81,"geometry":{"type":"Point","coordinates":[114.23594941549361,22.353190751492356]},"properties":{"OBJECTID":81,"GEO_NAME_ID":"1079","PLACE_CLASS":"Settlement","PLACE_TYPE":"Village","DISTRICT":"SK"}},{"type":"Feature","id":82,"geometry":{"type":"Point","coordinates":[114.2767736493397,22.313481350849671]},"properties":{"OBJECTID":82,"GEO_NAME_ID":"1080","PLACE_CLASS":"Settlement","PLACE_TYPE":"Village","DISTRICT":"SK"}},{"type":"Feature","id":83,"geometry":{"type":"Point","coordinates":[114.250440200805,22.160533772649121]},"properties":{"OBJECTID":83,"GEO_NAME_ID":"1084","PLACE_CLASS":"Topographic","PLACE_TYPE":"Island","DISTRICT":"ILD"}},{"type":"Feature","id":84,"geometry":{"type":"Point","coordinates":[114.24965444813883,22.15964911047735]},"properties":{"OBJECTID":84,"GEO_NAME_ID":"1085","PLACE_CLASS":"Topographic","PLACE_TYPE":"Reef","DISTRICT":"ILD"}},{"type":"Feature","id":85,"geometry":{"type":"Point","coordinates":[114.24388606557135,22.383837298262321]},"properties":{"OBJECTID":85,"GEO_NAME_ID":"1086","PLACE_CLASS":"Settlement","PLACE_TYPE":"Village","DISTRICT":"ST"}},{"type":"Feature","id":86,"geometry":{"type":"Point","coordinates":[114.2421002148681,22.3856983152738]},"properties":{"OBJECTID":86,"GEO_NAME_ID":"1087","PLACE_CLASS":"Settlement","PLACE_TYPE":"Village","DISTRICT":"ST"}},{"type":"Feature","id":87,"geometry":{"type":"Point","coordinates":[114.26200143619319,22.385442167599116]},"properties":{"OBJECTID":87,"GEO_NAME_ID":"1088","PLACE_CLASS":"Settlement","PLACE_TYPE":"Village","DISTRICT":"SK"}},{"type":"Feature","id":88,"geometry":{"type":"Point","coordinates":[114.24030246748393,22.382845386690999]},"properties":{"OBJECTID":88,"GEO_NAME_ID":"1089","PLACE_CLASS":"Settlement","PLACE_TYPE":"Village","DISTRICT":"ST"}},{"type":"Feature","id":89,"geometry":{"type":"Point","coordinates":[114.36038353595463,22.48109517284264]},"properties":{"OBJECTID":89,"GEO_NAME_ID":"1090","PLACE_CLASS":"Topographic","PLACE_TYPE":"Hill","DISTRICT":"TP"}},{"type":"Feature","id":90,"geometry":{"type":"Point","coordinates":[114.29411735440783,22.301729962430908]},"properties":{"OBJECTID":90,"GEO_NAME_ID":"1091","PLACE_CLASS":"Settlement","PLACE_TYPE":"Village","DISTRICT":"SK"}},{"type":"Feature","id":91,"geometry":{"type":"Point","coordinates":[114.20416555481542,22.358996849723326]},"properties":{"OBJECTID":91,"GEO_NAME_ID":"1092","PLACE_CLASS":"Settlement","PLACE_TYPE":"Village","DISTRICT":"ST"}},{"type":"Feature","id":92,"geometry":{"type":"Point","coordinates":[114.26580933481742,22.348752128563646]},"properties":{"OBJECTID":92,"GEO_NAME_ID":"1093","PLACE_CLASS":"Settlement","PLACE_TYPE":"Village","DISTRICT":"SK"}},{"type":"Feature","id":93,"geometry":{"type":"Point","coordinates":[114.22135196300401,22.365269265400588]},"properties":{"OBJECTID":93,"GEO_NAME_ID":"1094","PLACE_CLASS":"Settlement","PLACE_TYPE":"Village","DISTRICT":"ST"}},{"type":"Feature","id":94,"geometry":{"type":"Point","coordinates":[114.25143213896449,22.312889937994182]},"properties":{"OBJECTID":94,"GEO_NAME_ID":"1095","PLACE_CLASS":"Topographic","PLACE_TYPE":"Hill","DISTRICT":"SK"}},{"type":"Feature","id":95,"geometry":{"type":"Point","coordinates":[114.25374390072714,22.31626630038182]},"properties":{"OBJECTID":95,"GEO_NAME_ID":"1096","PLACE_CLASS":"Settlement","PLACE_TYPE":"Village","DISTRICT":"SK"}},{"type":"Feature","id":96,"geometry":{"type":"Point","coordinates":[113.976145666478,22.251311670015738]},"properties":{"OBJECTID":96,"GEO_NAME_ID":"1097","PLACE_CLASS":"Settlement","PLACE_TYPE":"Village","DISTRICT":"ILD"}},{"type":"Feature","id":97,"geometry":{"type":"Point","coordinates":[113.98054516866385,22.199047582599981]},"properties":{"OBJECTID":97,"GEO_NAME_ID":"1103","PLACE_CLASS":"Topographic","PLACE_TYPE":"Reef","DISTRICT":"ILD"}},{"type":"Feature","id":98,"geometry":{"type":"Point","coordinates":[114.19736037214092,22.230410836115141]},"properties":{"OBJECTID":98,"GEO_NAME_ID":"1107","PLACE_CLASS":"Hydrographic","PLACE_TYPE":"Bay","DISTRICT":"STH"}},{"type":"Feature","id":99,"geometry":{"type":"Point","coordinates":[114.17922220624779,22.260845493701368]},"properties":{"OBJECTID":99,"GEO_NAME_ID":"1108","PLACE_CLASS":"Topographic","PLACE_TYPE":"Pass","DISTRICT":"WC"}},{"type":"Feature","id":100,"geometry":{"type":"Point","coordinates":[114.22218095399947,22.346747373218115]},"properties":{"OBJECTID":100,"GEO_NAME_ID":"1109","PLACE_CLASS":"Topographic","PLACE_TYPE":"Hill","DISTRICT":"WTS"}},{"type":"Feature","id":101,"geometry":{"type":"Point","coordinates":[114.18610883611559,22.234475678383685]},"properties":{"OBJECTID":101,"GEO_NAME_ID":"1110","PLACE_CLASS":"Topographic","PLACE_TYPE":"Island","DISTRICT":"STH"}},{"type":"Feature","id":102,"geometry":{"type":"Point","coordinates":[114.14490199239012,22.280682707157762]},"properties":{"OBJECTID":102,"GEO_NAME_ID":"1111","PLACE_CLASS":"Settlement","PLACE_TYPE":"Area","DISTRICT":"CW"}},{"type":"Feature","id":103,"geometry":{"type":"Point","coordinates":[114.37323645835066,22.520353045213639]},"properties":{"OBJECTID":103,"GEO_NAME_ID":"1115","PLACE_CLASS":"Hydrographic","PLACE_TYPE":"Bay","DISTRICT":"TP"}},{"type":"Feature","id":104,"geometry":{"type":"Point","coordinates":[114.32120199844317,22.516732753831892]},"properties":{"OBJECTID":104,"GEO_NAME_ID":"1116","PLACE_CLASS":"Topographic","PLACE_TYPE":"Cape","DISTRICT":"NTH"}},{"type":"Feature","id":105,"geometry":{"type":"Point","coordinates":[114.25115984413108,22.164741781576634]},"properties":{"OBJECTID":105,"GEO_NAME_ID":"1117","PLACE_CLASS":"Topographic","PLACE_TYPE":"Cape","DISTRICT":"ILD"}},{"type":"Feature","id":106,"geometry":{"type":"Point","coordinates":[114.25028797887542,22.166114852282067]},"properties":{"OBJECTID":106,"GEO_NAME_ID":"1118","PLACE_CLASS":"Settlement","PLACE_TYPE":"Area","DISTRICT":"ILD"}},{"type":"Feature","id":107,"geometry":{"type":"Point","coordinates":[114.28846039449435,22.302862778475664]},"properties":{"OBJECTID":107,"GEO_NAME_ID":"1119","PLACE_CLASS":"Settlement","PLACE_TYPE":"Area","DISTRICT":"SK"}},{"type":"Feature","id":108,"geometry":{"type":"Point","coordinates":[114.28271243196525,22.299263420591728]},"properties":{"OBJECTID":108,"GEO_NAME_ID":"1120","PLACE_CLASS":"Topographic","PLACE_TYPE":"Hill","DISTRICT":"SK"}},{"type":"Feature","id":109,"geometry":{"type":"Point","coordinates":[114.33386400132164,22.479876987836754]},"properties":{"OBJECTID":109,"GEO_NAME_ID":"1121","PLACE_CLASS":"Topographic","PLACE_TYPE":"Island","DISTRICT":"TP"}},{"type":"Feature","id":110,"geometry":{"type":"Point","coordinates":[114.05457290954269,22.459940848137073]},"properties":{"OBJECTID":110,"GEO_NAME_ID":"1122","PLACE_CLASS":"Settlement","PLACE_TYPE":"Village","DISTRICT":"YL"}},{"type":"Feature","id":111,"geometry":{"type":"Point","coordinates":[114.14605354721022,22.206206931663427]},"properties":{"OBJECTID":111,"GEO_NAME_ID":"1123","PLACE_CLASS":"Settlement","PLACE_TYPE":"Village","DISTRICT":"ILD"}},{"type":"Feature","id":112,"geometry":{"type":"Point","coordinates":[114.14566583984661,22.205213478804378]},"properties":{"OBJECTID":112,"GEO_NAME_ID":"1124","PLACE_CLASS":"Settlement","PLACE_TYPE":"Village","DISTRICT":"ILD"}},{"type":"Feature","id":113,"geometry":{"type":"Point","coordinates":[114.14536464740608,22.207687837735154]},"properties":{"OBJECTID":113,"GEO_NAME_ID":"1125","PLACE_CLASS":"Settlement","PLACE_TYPE":"Village","DISTRICT":"ILD"}},{"type":"Feature","id":114,"geometry":{"type":"Point","coordinates":[114.27152984692074,22.524237732375759]},"properties":{"OBJECTID":114,"GEO_NAME_ID":"1126","PLACE_CLASS":"Settlement","PLACE_TYPE":"Village","DISTRICT":"NTH"}},{"type":"Feature","id":115,"geometry":{"type":"Point","coordinates":[114.36152452604659,22.451266274190431]},"properties":{"OBJECTID":115,"GEO_NAME_ID":"1127","PLACE_CLASS":"Settlement","PLACE_TYPE":"Village","DISTRICT":"TP"}},{"type":"Feature","id":116,"geometry":{"type":"Point","coordinates":[113.92887622524835,22.270743493237653]},"properties":{"OBJECTID":116,"GEO_NAME_ID":"1129","PLACE_CLASS":"Settlement","PLACE_TYPE":"Village","DISTRICT":"ILD"}},{"type":"Feature","id":117,"geometry":{"type":"Point","coordinates":[114.25054817822162,22.348389540065266]},"properties":{"OBJECTID":117,"GEO_NAME_ID":"1130","PLACE_CLASS":"Settlement","PLACE_TYPE":"Village","DISTRICT":"SK"}},{"type":"Feature","id":118,"geometry":{"type":"Point","coordinates":[114.30126350064823,22.371278017595849]},"properties":{"OBJECTID":118,"GEO_NAME_ID":"1131","PLACE_CLASS":"Topographic","PLACE_TYPE":"Island","DISTRICT":"SK"}},{"type":"Feature","id":119,"geometry":{"type":"Point","coordinates":[114.17148751976804,22.320104394654095]},"properties":{"OBJECTID":119,"GEO_NAME_ID":"1132","PLACE_CLASS":"Settlement","PLACE_TYPE":"Area","DISTRICT":"YTM"}},{"type":"Feature","id":120,"geometry":{"type":"Point","coordinates":[113.98793903136404,22.282707195916124]},"properties":{"OBJECTID":120,"GEO_NAME_ID":"1133","PLACE_CLASS":"Topographic","PLACE_TYPE":"Pass","DISTRICT":"ILD"}},{"type":"Feature","id":121,"geometry":{"type":"Point","coordinates":[114.00067746340424,22.477247428878801]},"properties":{"OBJECTID":121,"GEO_NAME_ID":"1134","PLACE_CLASS":"Settlement","PLACE_TYPE":"Village","DISTRICT":"YL"}},{"type":"Feature","id":122,"geometry":{"type":"Point","coordinates":[114.00370887392066,22.477458411131384]},"properties":{"OBJECTID":122,"GEO_NAME_ID":"1135","PLACE_CLASS":"Settlement","PLACE_TYPE":"Village","DISTRICT":"YL"}},{"type":"Feature","id":123,"geometry":{"type":"Point","coordinates":[114.04130431656247,22.32651373180401]},"properties":{"OBJECTID":123,"GEO_NAME_ID":"1136","PLACE_CLASS":"Settlement","PLACE_TYPE":"Village","DISTRICT":"TW"}},{"type":"Feature","id":124,"geometry":{"type":"Point","coordinates":[113.98464453093699,22.22242386562603]},"properties":{"OBJECTID":124,"GEO_NAME_ID":"1137","PLACE_CLASS":"Settlement","PLACE_TYPE":"Village","DISTRICT":"ILD"}},{"type":"Feature","id":125,"geometry":{"type":"Point","coordinates":[113.98135358999421,22.224515058780348]},"properties":{"OBJECTID":125,"GEO_NAME_ID":"1138","PLACE_CLASS":"Hydrographic","PLACE_TYPE":"Bay","DISTRICT":"ILD"}},{"type":"Feature","id":126,"geometry":{"type":"Point","coordinates":[114.37871328397401,22.409453040543813]},"properties":{"OBJECTID":126,"GEO_NAME_ID":"1139","PLACE_CLASS":"Topographic","PLACE_TYPE":"Cape","DISTRICT":"SK"}},{"type":"Feature","id":127,"geometry":{"type":"Point","coordinates":[114.17853355831069,22.276414344284305]},"properties":{"OBJECTID":127,"GEO_NAME_ID":"1140","PLACE_CLASS":"Settlement","PLACE_TYPE":"Area","DISTRICT":"WC"}},{"type":"Feature","id":128,"geometry":{"type":"Point","coordinates":[114.21113350288351,22.267660033579698]},"properties":{"OBJECTID":128,"GEO_NAME_ID":"1142","PLACE_CLASS":"Topographic","PLACE_TYPE":"Hill","DISTRICT":"EST"}},{"type":"Feature","id":129,"geometry":{"type":"Point","coordinates":[114.17521529378679,22.262308470069705]},"properties":{"OBJECTID":129,"GEO_NAME_ID":"1143","PLACE_CLASS":"Topographic","PLACE_TYPE":"Hill","DISTRICT":"WC"}},{"type":"Feature","id":130,"geometry":{"type":"Point","coordinates":[114.23490738053908,22.251443242350803]},"properties":{"OBJECTID":130,"GEO_NAME_ID":"1144","PLACE_CLASS":"Topographic","PLACE_TYPE":"Hill","DISTRICT":"STH"}},{"type":"Feature","id":131,"geometry":{"type":"Point","coordinates":[114.12486607646603,22.276938847799652]},"properties":{"OBJECTID":131,"GEO_NAME_ID":"1145","PLACE_CLASS":"Topographic","PLACE_TYPE":"Hill","DISTRICT":"CW"}},{"type":"Feature","id":132,"geometry":{"type":"Point","coordinates":[114.15962336547884,22.268610963742077]},"properties":{"OBJECTID":132,"GEO_NAME_ID":"1146","PLACE_CLASS":"Topographic","PLACE_TYPE":"Hill","DISTRICT":"CW"}},{"type":"Feature","id":133,"geometry":{"type":"Point","coordinates":[114.31461210849356,22.457869417337758]},"properties":{"OBJECTID":133,"GEO_NAME_ID":"1147","PLACE_CLASS":"Topographic","PLACE_TYPE":"Hill","DISTRICT":"TP"}},{"type":"Feature","id":134,"geometry":{"type":"Point","coordinates":[114.14840870083025,22.261773184074364]},"properties":{"OBJECTID":134,"GEO_NAME_ID":"1148","PLACE_CLASS":"Topographic","PLACE_TYPE":"Hill","DISTRICT":"CW"}},{"type":"Feature","id":135,"geometry":{"type":"Point","coordinates":[114.28035550957446,22.497746221189622]},"properties":{"OBJECTID":135,"GEO_NAME_ID":"1149","PLACE_CLASS":"Topographic","PLACE_TYPE":"Hill","DISTRICT":"TP"}},{"type":"Feature","id":136,"geometry":{"type":"Point","coordinates":[114.18596495381355,22.259436471380326]},"properties":{"OBJECTID":136,"GEO_NAME_ID":"1150","PLACE_CLASS":"Topographic","PLACE_TYPE":"Hill","DISTRICT":"WC"}},{"type":"Feature","id":137,"geometry":{"type":"Point","coordinates":[114.21987485461804,22.266005343091397]},"properties":{"OBJECTID":137,"GEO_NAME_ID":"1151","PLACE_CLASS":"Topographic","PLACE_TYPE":"Hill","DISTRICT":"EST"}},{"type":"Feature","id":138,"geometry":{"type":"Point","coordinates":[114.1276030055466,22.191671961992142]},"properties":{"OBJECTID":138,"GEO_NAME_ID":"1152","PLACE_CLASS":"Topographic","PLACE_TYPE":"Hill","DISTRICT":"ILD"}},{"type":"Feature","id":139,"geometry":{"type":"Point","coordinates":[114.15108962376462,22.455822087140138]},"properties":{"OBJECTID":139,"GEO_NAME_ID":"1153","PLACE_CLASS":"Settlement","PLACE_TYPE":"Village","DISTRICT":"TP"}},{"type":"Feature","id":140,"geometry":{"type":"Point","coordinates":[114.25635325338186,22.518385237239446]},"properties":{"OBJECTID":140,"GEO_NAME_ID":"1154","PLACE_CLASS":"Settlement","PLACE_TYPE":"Village","DISTRICT":"NTH"}},{"type":"Feature","id":141,"geometry":{"type":"Point","coordinates":[114.23399401431023,22.390875867719032]},"properties":{"OBJECTID":141,"GEO_NAME_ID":"1155","PLACE_CLASS":"Settlement","PLACE_TYPE":"Village","DISTRICT":"ST"}},{"type":"Feature","id":142,"geometry":{"type":"Point","coordinates":[113.99385771729028,22.268084386678936]},"properties":{"OBJECTID":142,"GEO_NAME_ID":"1156","PLACE_CLASS":"Settlement","PLACE_TYPE":"Area","DISTRICT":"ILD"}},{"type":"Feature","id":143,"geometry":{"type":"Point","coordinates":[113.98810321676621,22.268818313353766]},"properties":{"OBJECTID":143,"GEO_NAME_ID":"1157","PLACE_CLASS":"Settlement","PLACE_TYPE":"Village","DISTRICT":"ILD"}},{"type":"Feature","id":144,"geometry":{"type":"Point","coordinates":[114.3191889161439,22.534623660313706]},"properties":{"OBJECTID":144,"GEO_NAME_ID":"1158","PLACE_CLASS":"Topographic","PLACE_TYPE":"Hill","DISTRICT":"NTH"}},{"type":"Feature","id":145,"geometry":{"type":"Point","coordinates":[114.02515815020942,22.429095011546238]},"properties":{"OBJECTID":145,"GEO_NAME_ID":"1159","PLACE_CLASS":"Settlement","PLACE_TYPE":"Village","DISTRICT":"YL"}},{"type":"Feature","id":146,"geometry":{"type":"Point","coordinates":[114.11824592253791,22.376363311044067]},"properties":{"OBJECTID":146,"GEO_NAME_ID":"1160","PLACE_CLASS":"Settlement","PLACE_TYPE":"Village","DISTRICT":"TW"}},{"type":"Feature","id":147,"geometry":{"type":"Point","coordinates":[114.27165181234973,22.38920559233279]},"properties":{"OBJECTID":147,"GEO_NAME_ID":"1161","PLACE_CLASS":"Settlement","PLACE_TYPE":"Village","DISTRICT":"SK"}},{"type":"Feature","id":148,"geometry":{"type":"Point","coordinates":[114.21645103621117,22.543964937741713]},"properties":{"OBJECTID":148,"GEO_NAME_ID":"1162","PLACE_CLASS":"Settlement","PLACE_TYPE":"Village","DISTRICT":"NTH"}},{"type":"Feature","id":149,"geometry":{"type":"Point","coordinates":[114.13299250965311,22.539611209775547]},"properties":{"OBJECTID":149,"GEO_NAME_ID":"1163","PLACE_CLASS":"Settlement","PLACE_TYPE":"Village","DISTRICT":"NTH"}},{"type":"Feature","id":150,"geometry":{"type":"Point","coordinates":[114.13740547978011,22.541355208883893]},"properties":{"OBJECTID":150,"GEO_NAME_ID":"1164","PLACE_CLASS":"Settlement","PLACE_TYPE":"Village","DISTRICT":"NTH"}},{"type":"Feature","id":151,"geometry":{"type":"Point","coordinates":[114.31114534208724,22.3889337959044]},"properties":{"OBJECTID":151,"GEO_NAME_ID":"1165","PLACE_CLASS":"Topographic","PLACE_TYPE":"Reef","DISTRICT":"SK"}},{"type":"Feature","id":152,"geometry":{"type":"Point","coordinates":[113.90749018733777,22.251320768551494]},"properties":{"OBJECTID":152,"GEO_NAME_ID":"1166","PLACE_CLASS":"Topographic","PLACE_TYPE":"Hill","DISTRICT":"ILD"}},{"type":"Feature","id":153,"geometry":{"type":"Point","coordinates":[114.30944707196089,22.390109162152125]},"properties":{"OBJECTID":153,"GEO_NAME_ID":"1167","PLACE_CLASS":"Topographic","PLACE_TYPE":"Cape","DISTRICT":"SK"}},{"type":"Feature","id":154,"geometry":{"type":"Point","coordinates":[114.09945558268808,22.43200132129331]},"properties":{"OBJECTID":154,"GEO_NAME_ID":"1168","PLACE_CLASS":"Settlement","PLACE_TYPE":"Village","DISTRICT":"YL"}},{"type":"Feature","id":155,"geometry":{"type":"Point","coordinates":[114.12432245391757,22.510368299031907]},"properties":{"OBJECTID":155,"GEO_NAME_ID":"1169","PLACE_CLASS":"Settlement","PLACE_TYPE":"Village","DISTRICT":"NTH"}},{"type":"Feature","id":156,"geometry":{"type":"Point","coordinates":[114.30307299869069,22.536136144516842]},"properties":{"OBJECTID":156,"GEO_NAME_ID":"1170","PLACE_CLASS":"Hydrographic","PLACE_TYPE":"Bay","DISTRICT":"NTH"}},{"type":"Feature","id":157,"geometry":{"type":"Point","coordinates":[114.39594656994532,22.436702504930921]},"properties":{"OBJECTID":157,"GEO_NAME_ID":"1171","PLACE_CLASS":"Hydrographic","PLACE_TYPE":"Bay","DISTRICT":"SK"}},{"type":"Feature","id":158,"geometry":{"type":"Point","coordinates":[114.25778968450189,22.431177799467076]},"properties":{"OBJECTID":158,"GEO_NAME_ID":"1172","PLACE_CLASS":"Settlement","PLACE_TYPE":"Village","DISTRICT":"TP"}},{"type":"Feature","id":159,"geometry":{"type":"Point","coordinates":[114.31700911254474,22.338899705175198]},"properties":{"OBJECTID":159,"GEO_NAME_ID":"1173","PLACE_CLASS":"Settlement","PLACE_TYPE":"Area","DISTRICT":"SK"}},{"type":"Feature","id":160,"geometry":{"type":"Point","coordinates":[114.44017762915925,22.541018118025754]},"properties":{"OBJECTID":160,"GEO_NAME_ID":"1174","PLACE_CLASS":"Settlement","PLACE_TYPE":"Village","DISTRICT":"TP"}},{"type":"Feature","id":161,"geometry":{"type":"Point","coordinates":[114.25040928652852,22.490240356937111]},"properties":{"OBJECTID":161,"GEO_NAME_ID":"1175","PLACE_CLASS":"Settlement","PLACE_TYPE":"Area","DISTRICT":"TP"}},{"type":"Feature","id":162,"geometry":{"type":"Point","coordinates":[113.98862367982699,22.423240967491871]},"properties":{"OBJECTID":162,"GEO_NAME_ID":"1176","PLACE_CLASS":"Settlement","PLACE_TYPE":"Village","DISTRICT":"TM"}},{"type":"Feature","id":163,"geometry":{"type":"Point","coordinates":[114.27713571310652,22.3989823183074]},"properties":{"OBJECTID":163,"GEO_NAME_ID":"1177","PLACE_CLASS":"Settlement","PLACE_TYPE":"Village","DISTRICT":"SK"}},{"type":"Feature","id":164,"geometry":{"type":"Point","coordinates":[114.20688993932211,22.52192390880478]},"properties":{"OBJECTID":164,"GEO_NAME_ID":"1179","PLACE_CLASS":"Settlement","PLACE_TYPE":"Area","DISTRICT":"NTH"}},{"type":"Feature","id":165,"geometry":{"type":"Point","coordinates":[114.20680204613939,22.520009486903096]},"properties":{"OBJECTID":165,"GEO_NAME_ID":"1180","PLACE_CLASS":"Settlement","PLACE_TYPE":"Village","DISTRICT":"NTH"}},{"type":"Feature","id":166,"geometry":{"type":"Point","coordinates":[114.21058362726424,22.522203118513488]},"properties":{"OBJECTID":166,"GEO_NAME_ID":"1181","PLACE_CLASS":"Settlement","PLACE_TYPE":"Village","DISTRICT":"NTH"}},{"type":"Feature","id":167,"geometry":{"type":"Point","coordinates":[114.21118659087361,22.523494333488351]},"properties":{"OBJECTID":167,"GEO_NAME_ID":"1182","PLACE_CLASS":"Settlement","PLACE_TYPE":"Village","DISTRICT":"NTH"}},{"type":"Feature","id":168,"geometry":{"type":"Point","coordinates":[114.20592688305723,22.518239694575914]},"properties":{"OBJECTID":168,"GEO_NAME_ID":"1183","PLACE_CLASS":"Settlement","PLACE_TYPE":"Village","DISTRICT":"NTH"}},{"type":"Feature","id":169,"geometry":{"type":"Point","coordinates":[114.21094296191828,22.520947821611188]},"properties":{"OBJECTID":169,"GEO_NAME_ID":"1184","PLACE_CLASS":"Hydrographic","PLACE_TYPE":"River","DISTRICT":"NTH"}},{"type":"Feature","id":170,"geometry":{"type":"Point","coordinates":[113.8621084421856,22.246814249679915]},"properties":{"OBJECTID":170,"GEO_NAME_ID":"1185","PLACE_CLASS":"Settlement","PLACE_TYPE":"Village","DISTRICT":"ILD"}},{"type":"Feature","id":171,"geometry":{"type":"Point","coordinates":[114.20744425277572,22.523151934377683]},"properties":{"OBJECTID":171,"GEO_NAME_ID":"1186","PLACE_CLASS":"Settlement","PLACE_TYPE":"Village","DISTRICT":"NTH"}},{"type":"Feature","id":172,"geometry":{"type":"Point","coordinates":[114.35182375948125,22.342342604595942]},"properties":{"OBJECTID":172,"GEO_NAME_ID":"1187","PLACE_CLASS":"Topographic","PLACE_TYPE":"Island","DISTRICT":"SK"}},{"type":"Feature","id":173,"geometry":{"type":"Point","coordinates":[114.34629918088812,22.461686205625345]},"properties":{"OBJECTID":173,"GEO_NAME_ID":"1188","PLACE_CLASS":"Topographic","PLACE_TYPE":"Cape","DISTRICT":"TP"}},{"type":"Feature","id":174,"geometry":{"type":"Point","coordinates":[114.34300452163069,22.463099369667578]},"properties":{"OBJECTID":174,"GEO_NAME_ID":"1189","PLACE_CLASS":"Topographic","PLACE_TYPE":"Hill","DISTRICT":"TP"}},{"type":"Feature","id":175,"geometry":{"type":"Point","coordinates":[114.33477818496716,22.377534015874954]},"properties":{"OBJECTID":175,"GEO_NAME_ID":"1190","PLACE_CLASS":"Hydrographic","PLACE_TYPE":"Bay","DISTRICT":"SK"}},{"type":"Feature","id":176,"geometry":{"type":"Point","coordinates":[114.33953718964639,22.461873774579473]},"properties":{"OBJECTID":176,"GEO_NAME_ID":"1191","PLACE_CLASS":"Hydrographic","PLACE_TYPE":"Bay","DISTRICT":"TP"}},{"type":"Feature","id":177,"geometry":{"type":"Point","coordinates":[114.12276756118187,22.534867164997294]},"properties":{"OBJECTID":177,"GEO_NAME_ID":"1192","PLACE_CLASS":"Settlement","PLACE_TYPE":"Area","DISTRICT":"NTH"}},{"type":"Feature","id":178,"geometry":{"type":"Point","coordinates":[114.16818859148222,22.459110990175652]},"properties":{"OBJECTID":178,"GEO_NAME_ID":"1193","PLACE_CLASS":"Settlement","PLACE_TYPE":"Village","DISTRICT":"TP"}},{"type":"Feature","id":179,"geometry":{"type":"Point","coordinates":[114.22286979124992,22.522182014220856]},"properties":{"OBJECTID":179,"GEO_NAME_ID":"1194","PLACE_CLASS":"Settlement","PLACE_TYPE":"Village","DISTRICT":"NTH"}},{"type":"Feature","id":180,"geometry":{"type":"Point","coordinates":[114.03174550825852,22.418237423085618]},"properties":{"OBJECTID":180,"GEO_NAME_ID":"1195","PLACE_CLASS":"Settlement","PLACE_TYPE":"Village","DISTRICT":"YL"}},{"type":"Feature","id":181,"geometry":{"type":"Point","coordinates":[114.03474135832556,22.423549996647964]},"properties":{"OBJECTID":181,"GEO_NAME_ID":"1196","PLACE_CLASS":"Settlement","PLACE_TYPE":"Village","DISTRICT":"YL"}},{"type":"Feature","id":182,"geometry":{"type":"Point","coordinates":[114.0936268275066,22.430348864777848]},"properties":{"OBJECTID":182,"GEO_NAME_ID":"1197","PLACE_CLASS":"Settlement","PLACE_TYPE":"Village","DISTRICT":"YL"}},{"type":"Feature","id":183,"geometry":{"type":"Point","coordinates":[113.90321131577102,22.156582133071741]},"properties":{"OBJECTID":183,"GEO_NAME_ID":"1198","PLACE_CLASS":"Topographic","PLACE_TYPE":"Cape","DISTRICT":"ILD"}},{"type":"Feature","id":184,"geometry":{"type":"Point","coordinates":[114.25512977389066,22.155438235139034]},"properties":{"OBJECTID":184,"GEO_NAME_ID":"1199","PLACE_CLASS":"Topographic","PLACE_TYPE":"Cape","DISTRICT":"ILD"}},{"type":"Feature","id":185,"geometry":{"type":"Point","coordinates":[113.92342027773324,22.390687438517762]},"properties":{"OBJECTID":185,"GEO_NAME_ID":"1200","PLACE_CLASS":"Settlement","PLACE_TYPE":"Village","DISTRICT":"TM"}},{"type":"Feature","id":186,"geometry":{"type":"Point","coordinates":[114.24717146876628,22.35170525559257]},"properties":{"OBJECTID":186,"GEO_NAME_ID":"1201","PLACE_CLASS":"Settlement","PLACE_TYPE":"Village","DISTRICT":"SK"}},{"type":"Feature","id":187,"geometry":{"type":"Point","coordinates":[114.03307583589149,22.44684707088393]},"properties":{"OBJECTID":187,"GEO_NAME_ID":"1202","PLACE_CLASS":"Settlement","PLACE_TYPE":"Village","DISTRICT":"YL"}},{"type":"Feature","id":188,"geometry":{"type":"Point","coordinates":[114.03699381159375,22.463312975387002]},"properties":{"OBJECTID":188,"GEO_NAME_ID":"1203","PLACE_CLASS":"Settlement","PLACE_TYPE":"Area","DISTRICT":"YL"}},{"type":"Feature","id":189,"geometry":{"type":"Point","coordinates":[114.00230541079239,22.488582328576534]},"properties":{"OBJECTID":189,"GEO_NAME_ID":"1204","PLACE_CLASS":"Settlement","PLACE_TYPE":"Village","DISTRICT":"YL"}},{"type":"Feature","id":190,"geometry":{"type":"Point","coordinates":[113.98560730557875,22.256289923496109]},"properties":{"OBJECTID":190,"GEO_NAME_ID":"1205","PLACE_CLASS":"Settlement","PLACE_TYPE":"Area","DISTRICT":"ILD"}},{"type":"Feature","id":191,"geometry":{"type":"Point","coordinates":[113.90914711666311,22.160303601621525]},"properties":{"OBJECTID":191,"GEO_NAME_ID":"1206","PLACE_CLASS":"Topographic","PLACE_TYPE":"Hill","DISTRICT":"ILD"}},{"type":"Feature","id":192,"geometry":{"type":"Point","coordinates":[114.21766829480889,22.385173526795903]},"properties":{"OBJECTID":192,"GEO_NAME_ID":"1207","PLACE_CLASS":"Settlement","PLACE_TYPE":"Village","DISTRICT":"ST"}},{"type":"Feature","id":193,"geometry":{"type":"Point","coordinates":[114.26436773388058,22.38763838945145]},"properties":{"OBJECTID":193,"GEO_NAME_ID":"1208","PLACE_CLASS":"Settlement","PLACE_TYPE":"Village","DISTRICT":"SK"}},{"type":"Feature","id":194,"geometry":{"type":"Point","coordinates":[114.18836156924908,22.498411185741123]},"properties":{"OBJECTID":194,"GEO_NAME_ID":"1209","PLACE_CLASS":"Topographic","PLACE_TYPE":"Hill","DISTRICT":"NTH"}},{"type":"Feature","id":195,"geometry":{"type":"Point","coordinates":[114.21160930362677,22.347589830131401]},"properties":{"OBJECTID":195,"GEO_NAME_ID":"1211","PLACE_CLASS":"Settlement","PLACE_TYPE":"Village","DISTRICT":"WTS"}},{"type":"Feature","id":196,"geometry":{"type":"Point","coordinates":[114.19383152594691,22.486057112075418]},"properties":{"OBJECTID":196,"GEO_NAME_ID":"1212","PLACE_CLASS":"Settlement","PLACE_TYPE":"Village","DISTRICT":"TP"}},{"type":"Feature","id":197,"geometry":{"type":"Point","coordinates":[114.31068872090314,22.449519573613905]},"properties":{"OBJECTID":197,"GEO_NAME_ID":"1213","PLACE_CLASS":"Settlement","PLACE_TYPE":"Village","DISTRICT":"TP"}},{"type":"Feature","id":198,"geometry":{"type":"Point","coordinates":[114.37104818891063,22.43581326636761]},"properties":{"OBJECTID":198,"GEO_NAME_ID":"1214","PLACE_CLASS":"Settlement","PLACE_TYPE":"Village","DISTRICT":"SK"}},{"type":"Feature","id":199,"geometry":{"type":"Point","coordinates":[114.36931974637415,22.429241180598616]},"properties":{"OBJECTID":199,"GEO_NAME_ID":"1215","PLACE_CLASS":"Topographic","PLACE_TYPE":"Pass","DISTRICT":"SK"}},{"type":"Feature","id":200,"geometry":{"type":"Point","coordinates":[114.03251654365697,22.206868337171613]},"properties":{"OBJECTID":200,"GEO_NAME_ID":"1216","PLACE_CLASS":"Settlement","PLACE_TYPE":"Area","DISTRICT":"ILD"}},{"type":"Feature","id":201,"geometry":{"type":"Point","coordinates":[114.3710799956515,22.437727678779552]},"properties":{"OBJECTID":201,"GEO_NAME_ID":"1217","PLACE_CLASS":"Hydrographic","PLACE_TYPE":"Bay","DISTRICT":"SK"}},{"type":"Feature","id":202,"geometry":{"type":"Point","coordinates":[114.03140456470153,22.203652418689984]},"properties":{"OBJECTID":202,"GEO_NAME_ID":"1218","PLACE_CLASS":"Settlement","PLACE_TYPE":"Area","DISTRICT":"ILD"}},{"type":"Feature","id":203,"geometry":{"type":"Point","coordinates":[114.25658621505644,22.159411067070071]},"properties":{"OBJECTID":203,"GEO_NAME_ID":"1219","PLACE_CLASS":"Hydrographic","PLACE_TYPE":"Bay","DISTRICT":"ILD"}},{"type":"Feature","id":204,"geometry":{"type":"Point","coordinates":[114.0332677116436,22.202534265060336]},"properties":{"OBJECTID":204,"GEO_NAME_ID":"1220","PLACE_CLASS":"Hydrographic","PLACE_TYPE":"Bay","DISTRICT":"ILD"}},{"type":"Feature","id":205,"geometry":{"type":"Point","coordinates":[113.88818927675189,22.272807498316485]},"properties":{"OBJECTID":205,"GEO_NAME_ID":"1221","PLACE_CLASS":"Settlement","PLACE_TYPE":"Village","DISTRICT":"ILD"}},{"type":"Feature","id":206,"geometry":{"type":"Point","coordinates":[114.42864151686311,22.542725249201563]},"properties":{"OBJECTID":206,"GEO_NAME_ID":"1222","PLACE_CLASS":"Settlement","PLACE_TYPE":"Area","DISTRICT":"TP"}},{"type":"Feature","id":207,"geometry":{"type":"Point","coordinates":[114.2895379840626,22.254873279966109]},"properties":{"OBJECTID":207,"GEO_NAME_ID":"1223","PLACE_CLASS":"Settlement","PLACE_TYPE":"Village","DISTRICT":"SK"}},{"type":"Feature","id":208,"geometry":{"type":"Point","coordinates":[114.1226690811242,22.237176131985652]},"properties":{"OBJECTID":208,"GEO_NAME_ID":"1224","PLACE_CLASS":"Topographic","PLACE_TYPE":"Cape","DISTRICT":"ILD"}},{"type":"Feature","id":209,"geometry":{"type":"Point","coordinates":[114.15096934868355,22.475698046283853]},"properties":{"OBJECTID":209,"GEO_NAME_ID":"1225","PLACE_CLASS":"Settlement","PLACE_TYPE":"Village","DISTRICT":"TP"}},{"type":"Feature","id":210,"geometry":{"type":"Point","coordinates":[114.2569607791454,22.352552858239129]},"properties":{"OBJECTID":210,"GEO_NAME_ID":"1226","PLACE_CLASS":"Settlement","PLACE_TYPE":"Village","DISTRICT":"SK"}},{"type":"Feature","id":211,"geometry":{"type":"Point","coordinates":[114.06379934076568,22.344158638371312]},"properties":{"OBJECTID":211,"GEO_NAME_ID":"1227","PLACE_CLASS":"Hydrographic","PLACE_TYPE":"Bay","DISTRICT":"TW"}},{"type":"Feature","id":212,"geometry":{"type":"Point","coordinates":[114.04340501764848,22.281317353704019]},"properties":{"OBJECTID":212,"GEO_NAME_ID":"1228","PLACE_CLASS":"Settlement","PLACE_TYPE":"Area","DISTRICT":"ILD"}},{"type":"Feature","id":213,"geometry":{"type":"Point","coordinates":[114.09644905647451,22.339247441259872]},"properties":{"OBJECTID":213,"GEO_NAME_ID":"1229","PLACE_CLASS":"Settlement","PLACE_TYPE":"Area","DISTRICT":"KC"}},{"type":"Feature","id":214,"geometry":{"type":"Point","coordinates":[114.09704526746619,22.332104555214709]},"properties":{"OBJECTID":214,"GEO_NAME_ID":"1230","PLACE_CLASS":"Settlement","PLACE_TYPE":"Area","DISTRICT":"KC"}},{"type":"Feature","id":215,"geometry":{"type":"Point","coordinates":[114.10507280021861,22.332153461139111]},"properties":{"OBJECTID":215,"GEO_NAME_ID":"1231","PLACE_CLASS":"Settlement","PLACE_TYPE":"Area","DISTRICT":"KC"}},{"type":"Feature","id":216,"geometry":{"type":"Point","coordinates":[114.03972772706602,22.281043371681783]},"properties":{"OBJECTID":216,"GEO_NAME_ID":"1232","PLACE_CLASS":"Settlement","PLACE_TYPE":"Village","DISTRICT":"ILD"}},{"type":"Feature","id":217,"geometry":{"type":"Point","coordinates":[114.04012535132222,22.281260441778194]},"properties":{"OBJECTID":217,"GEO_NAME_ID":"1233","PLACE_CLASS":"Settlement","PLACE_TYPE":"Village","DISTRICT":"ILD"}},{"type":"Feature","id":218,"geometry":{"type":"Point","coordinates":[114.16062847492942,22.386857545332802]},"properties":{"OBJECTID":218,"GEO_NAME_ID":"1235","PLACE_CLASS":"Topographic","PLACE_TYPE":"Hill","DISTRICT":"ST"}},{"type":"Feature","id":219,"geometry":{"type":"Point","coordinates":[113.91057236034503,22.263065616877949]},"properties":{"OBJECTID":219,"GEO_NAME_ID":"1236","PLACE_CLASS":"Topographic","PLACE_TYPE":"Hill","DISTRICT":"ILD"}},{"type":"Feature","id":220,"geometry":{"type":"Point","coordinates":[113.94653906713675,22.274101785544058]},"properties":{"OBJECTID":220,"GEO_NAME_ID":"1238","PLACE_CLASS":"Settlement","PLACE_TYPE":"Village","DISTRICT":"ILD"}},{"type":"Feature","id":221,"geometry":{"type":"Point","coordinates":[114.28535000010753,22.317052367010607]},"properties":{"OBJECTID":221,"GEO_NAME_ID":"1239","PLACE_CLASS":"Settlement","PLACE_TYPE":"Village","DISTRICT":"SK"}},{"type":"Feature","id":222,"geometry":{"type":"Point","coordinates":[114.25739976918243,22.225967137007991]},"properties":{"OBJECTID":222,"GEO_NAME_ID":"1240","PLACE_CLASS":"Topographic","PLACE_TYPE":"Island","DISTRICT":"STH"}},{"type":"Feature","id":223,"geometry":{"type":"Point","coordinates":[114.07019385398918,22.437041704833455]},"properties":{"OBJECTID":223,"GEO_NAME_ID":"1241","PLACE_CLASS":"Settlement","PLACE_TYPE":"Village","DISTRICT":"YL"}},{"type":"Feature","id":224,"geometry":{"type":"Point","coordinates":[114.04778203523989,22.343785448934394]},"properties":{"OBJECTID":224,"GEO_NAME_ID":"1242","PLACE_CLASS":"Topographic","PLACE_TYPE":"Hill","DISTRICT":"TW"}},{"type":"Feature","id":225,"geometry":{"type":"Point","coordinates":[114.23560399681475,22.524345157599175]},"properties":{"OBJECTID":225,"GEO_NAME_ID":"1243","PLACE_CLASS":"Settlement","PLACE_TYPE":"Village","DISTRICT":"NTH"}},{"type":"Feature","id":226,"geometry":{"type":"Point","coordinates":[114.12772092398731,22.436961085071786]},"properties":{"OBJECTID":226,"GEO_NAME_ID":"1244","PLACE_CLASS":"Settlement","PLACE_TYPE":"Village","DISTRICT":"TP"}},{"type":"Feature","id":227,"geometry":{"type":"Point","coordinates":[114.22913076091423,22.473777195003116]},"properties":{"OBJECTID":227,"GEO_NAME_ID":"1245","PLACE_CLASS":"Settlement","PLACE_TYPE":"Village","DISTRICT":"TP"}},{"type":"Feature","id":228,"geometry":{"type":"Point","coordinates":[114.17059564496356,22.513329675404297]},"properties":{"OBJECTID":228,"GEO_NAME_ID":"1246","PLACE_CLASS":"Settlement","PLACE_TYPE":"Village","DISTRICT":"NTH"}},{"type":"Feature","id":229,"geometry":{"type":"Point","coordinates":[114.02119423096075,22.464625976034977]},"properties":{"OBJECTID":229,"GEO_NAME_ID":"1247","PLACE_CLASS":"Settlement","PLACE_TYPE":"Village","DISTRICT":"YL"}},{"type":"Feature","id":230,"geometry":{"type":"Point","coordinates":[114.12751529110886,22.496480573275495]},"properties":{"OBJECTID":230,"GEO_NAME_ID":"1248","PLACE_CLASS":"Settlement","PLACE_TYPE":"Village","DISTRICT":"NTH"}},{"type":"Feature","id":231,"geometry":{"type":"Point","coordinates":[114.11065356216983,22.230479949260843]},"properties":{"OBJECTID":231,"GEO_NAME_ID":"1249","PLACE_CLASS":"Settlement","PLACE_TYPE":"Village","DISTRICT":"ILD"}},{"type":"Feature","id":232,"geometry":{"type":"Point","coordinates":[114.15540899601955,22.544853358325167]},"properties":{"OBJECTID":232,"GEO_NAME_ID":"5090","PLACE_CLASS":"Settlement","PLACE_TYPE":"Village","DISTRICT":"NTH"}},{"type":"Feature","id":233,"geometry":{"type":"Point","coordinates":[114.23993475680028,22.428711413615286]},"properties":{"OBJECTID":233,"GEO_NAME_ID":"2750","PLACE_CLASS":"Settlement","PLACE_TYPE":"Village","DISTRICT":"ST"}},{"type":"Feature","id":234,"geometry":{"type":"Point","coordinates":[114.24924128550154,22.505339699654201]},"properties":{"OBJECTID":234,"GEO_NAME_ID":"2751","PLACE_CLASS":"Settlement","PLACE_TYPE":"Area","DISTRICT":"NTH"}},{"type":"Feature","id":235,"geometry":{"type":"Point","coordinates":[114.24129862344546,22.437307877110214]},"properties":{"OBJECTID":235,"GEO_NAME_ID":"2753","PLACE_CLASS":"Topographic","PLACE_TYPE":"Cape","DISTRICT":"ST"}},{"type":"Feature","id":236,"geometry":{"type":"Point","coordinates":[114.35578345158569,22.440246784525002]},"properties":{"OBJECTID":236,"GEO_NAME_ID":"2754","PLACE_CLASS":"Settlement","PLACE_TYPE":"Village","DISTRICT":"TP"}},{"type":"Feature","id":237,"geometry":{"type":"Point","coordinates":[114.25551578826766,22.377844825046111]},"properties":{"OBJECTID":237,"GEO_NAME_ID":"2755","PLACE_CLASS":"Settlement","PLACE_TYPE":"Village","DISTRICT":"SK"}},{"type":"Feature","id":238,"geometry":{"type":"Point","coordinates":[114.13987453898365,22.505496212680811]},"properties":{"OBJECTID":238,"GEO_NAME_ID":"2756","PLACE_CLASS":"Settlement","PLACE_TYPE":"Village","DISTRICT":"NTH"}},{"type":"Feature","id":239,"geometry":{"type":"Point","coordinates":[114.28423556622712,22.526062919907286]},"properties":{"OBJECTID":239,"GEO_NAME_ID":"2757","PLACE_CLASS":"Topographic","PLACE_TYPE":"Reef","DISTRICT":"NTH"}},{"type":"Feature","id":240,"geometry":{"type":"Point","coordinates":[114.3148986089592,22.531222960378347]},"properties":{"OBJECTID":240,"GEO_NAME_ID":"2758","PLACE_CLASS":"Topographic","PLACE_TYPE":"Reef","DISTRICT":"NTH"}},{"type":"Feature","id":241,"geometry":{"type":"Point","coordinates":[114.31315193860048,22.5046029603463]},"properties":{"OBJECTID":241,"GEO_NAME_ID":"2759","PLACE_CLASS":"Topographic","PLACE_TYPE":"Reef","DISTRICT":"NTH"}},{"type":"Feature","id":242,"geometry":{"type":"Point","coordinates":[114.21168515243151,22.534791206496607]},"properties":{"OBJECTID":242,"GEO_NAME_ID":"2760","PLACE_CLASS":"Settlement","PLACE_TYPE":"Village","DISTRICT":"NTH"}},{"type":"Feature","id":243,"geometry":{"type":"Point","coordinates":[114.13673017087052,22.489692270216146]},"properties":{"OBJECTID":243,"GEO_NAME_ID":"2761","PLACE_CLASS":"Topographic","PLACE_TYPE":"Hill","DISTRICT":"NTH"}},{"type":"Feature","id":244,"geometry":{"type":"Point","coordinates":[114.13868356236702,22.489277345943623]},"properties":{"OBJECTID":244,"GEO_NAME_ID":"2762","PLACE_CLASS":"Settlement","PLACE_TYPE":"Village","DISTRICT":"NTH"}},{"type":"Feature","id":245,"geometry":{"type":"Point","coordinates":[114.29003243651181,22.518491509569014]},"properties":{"OBJECTID":245,"GEO_NAME_ID":"2763","PLACE_CLASS":"Topographic","PLACE_TYPE":"Reef","DISTRICT":"NTH"}},{"type":"Feature","id":246,"geometry":{"type":"Point","coordinates":[114.03554285009704,22.303092520317271]},"properties":{"OBJECTID":246,"GEO_NAME_ID":"2764","PLACE_CLASS":"Topographic","PLACE_TYPE":"Reef","DISTRICT":"ILD"}},{"type":"Feature","id":247,"geometry":{"type":"Point","coordinates":[114.01600731882318,22.328278659177229]},"properties":{"OBJECTID":247,"GEO_NAME_ID":"2765","PLACE_CLASS":"Settlement","PLACE_TYPE":"Village","DISTRICT":"TW"}},{"type":"Feature","id":248,"geometry":{"type":"Point","coordinates":[114.01712126864979,22.330302605507825]},"properties":{"OBJECTID":248,"GEO_NAME_ID":"2766","PLACE_CLASS":"Hydrographic","PLACE_TYPE":"Bay","DISTRICT":"TW"}},{"type":"Feature","id":249,"geometry":{"type":"Point","coordinates":[114.2878031206519,22.526304319875255]},"properties":{"OBJECTID":249,"GEO_NAME_ID":"2767","PLACE_CLASS":"Topographic","PLACE_TYPE":"Island","DISTRICT":"NTH"}},{"type":"Feature","id":250,"geometry":{"type":"Point","coordinates":[114.02071997661209,22.323804107431098]},"properties":{"OBJECTID":250,"GEO_NAME_ID":"2769","PLACE_CLASS":"Settlement","PLACE_TYPE":"Village","DISTRICT":"TW"}},{"type":"Feature","id":251,"geometry":{"type":"Point","coordinates":[114.02207536403598,22.326966104189935]},"properties":{"OBJECTID":251,"GEO_NAME_ID":"2770","PLACE_CLASS":"Hydrographic","PLACE_TYPE":"Bay","DISTRICT":"TW"}},{"type":"Feature","id":252,"geometry":{"type":"Point","coordinates":[114.07449814000019,22.501909974252477]},"properties":{"OBJECTID":252,"GEO_NAME_ID":"2771","PLACE_CLASS":"Settlement","PLACE_TYPE":"Village","DISTRICT":"YL"}},{"type":"Feature","id":253,"geometry":{"type":"Point","coordinates":[114.03566149742181,22.426133514094886]},"properties":{"OBJECTID":253,"GEO_NAME_ID":"2773","PLACE_CLASS":"Settlement","PLACE_TYPE":"Village","DISTRICT":"YL"}},{"type":"Feature","id":254,"geometry":{"type":"Point","coordinates":[114.09180032459231,22.369461282661231]},"properties":{"OBJECTID":254,"GEO_NAME_ID":"2774","PLACE_CLASS":"Settlement","PLACE_TYPE":"Village","DISTRICT":"TW"}},{"type":"Feature","id":255,"geometry":{"type":"Point","coordinates":[114.09114616717311,22.359518316619411]},"properties":{"OBJECTID":255,"GEO_NAME_ID":"2775","PLACE_CLASS":"Settlement","PLACE_TYPE":"Village","DISTRICT":"KC"}},{"type":"Feature","id":256,"geometry":{"type":"Point","coordinates":[114.29564379215019,22.373774664576167]},"properties":{"OBJECTID":256,"GEO_NAME_ID":"2776","PLACE_CLASS":"Topographic","PLACE_TYPE":"Island","DISTRICT":"SK"}},{"type":"Feature","id":257,"geometry":{"type":"Point","coordinates":[114.1326859602996,22.371924873378305]},"properties":{"OBJECTID":257,"GEO_NAME_ID":"2777","PLACE_CLASS":"Settlement","PLACE_TYPE":"Village","DISTRICT":"TW"}},{"type":"Feature","id":258,"geometry":{"type":"Point","coordinates":[114.27040383591923,22.381738084990754]},"properties":{"OBJECTID":258,"GEO_NAME_ID":"2778","PLACE_CLASS":"Settlement","PLACE_TYPE":"Village","DISTRICT":"SK"}},{"type":"Feature","id":259,"geometry":{"type":"Point","coordinates":[114.16914889722004,22.310459621059131]},"properties":{"OBJECTID":259,"GEO_NAME_ID":"2779","PLACE_CLASS":"Settlement","PLACE_TYPE":"Area","DISTRICT":"YTM"}},{"type":"Feature","id":260,"geometry":{"type":"Point","coordinates":[114.0571882998716,22.480396692559854]},"properties":{"OBJECTID":260,"GEO_NAME_ID":"2780","PLACE_CLASS":"Settlement","PLACE_TYPE":"Village","DISTRICT":"YL"}},{"type":"Feature","id":261,"geometry":{"type":"Point","coordinates":[114.17758325290663,22.386199127489981]},"properties":{"OBJECTID":261,"GEO_NAME_ID":"2782","PLACE_CLASS":"Settlement","PLACE_TYPE":"Village","DISTRICT":"ST"}},{"type":"Feature","id":262,"geometry":{"type":"Point","coordinates":[114.237730240977,22.29578266030294]},"properties":{"OBJECTID":262,"GEO_NAME_ID":"2785","PLACE_CLASS":"Settlement","PLACE_TYPE":"Area","DISTRICT":"KT"}},{"type":"Feature","id":263,"geometry":{"type":"Point","coordinates":[114.17401086677744,22.330932132760868]},"properties":{"OBJECTID":263,"GEO_NAME_ID":"2787","PLACE_CLASS":"Settlement","PLACE_TYPE":"Area","DISTRICT":"SSP"}},{"type":"Feature","id":264,"geometry":{"type":"Point","coordinates":[114.30382790123184,22.511211779906535]},"properties":{"OBJECTID":264,"GEO_NAME_ID":"2788","PLACE_CLASS":"Hydrographic","PLACE_TYPE":"Bay","DISTRICT":"NTH"}},{"type":"Feature","id":265,"geometry":{"type":"Point","coordinates":[114.30715930369489,22.539835324554527]},"properties":{"OBJECTID":265,"GEO_NAME_ID":"2791","PLACE_CLASS":"Topographic","PLACE_TYPE":"Island","DISTRICT":"NTH"}},{"type":"Feature","id":266,"geometry":{"type":"Point","coordinates":[114.22168376732364,22.461317447251105]},"properties":{"OBJECTID":266,"GEO_NAME_ID":"2792","PLACE_CLASS":"Topographic","PLACE_TYPE":"Island","DISTRICT":"TP"}},{"type":"Feature","id":267,"geometry":{"type":"Point","coordinates":[114.28147260142059,22.380467032637576]},"properties":{"OBJECTID":267,"GEO_NAME_ID":"2793","PLACE_CLASS":"Topographic","PLACE_TYPE":"Island","DISTRICT":"SK"}},{"type":"Feature","id":268,"geometry":{"type":"Point","coordinates":[114.02098227770595,22.41083144957393]},"properties":{"OBJECTID":268,"GEO_NAME_ID":"2794","PLACE_CLASS":"Settlement","PLACE_TYPE":"Village","DISTRICT":"YL"}},{"type":"Feature","id":269,"geometry":{"type":"Point","coordinates":[114.36388300832941,22.503748345213985]},"properties":{"OBJECTID":269,"GEO_NAME_ID":"2795","PLACE_CLASS":"Topographic","PLACE_TYPE":"Cape","DISTRICT":"TP"}},{"type":"Feature","id":270,"geometry":{"type":"Point","coordinates":[113.96484080095512,22.394621104485818]},"properties":{"OBJECTID":270,"GEO_NAME_ID":"2796","PLACE_CLASS":"Settlement","PLACE_TYPE":"Village","DISTRICT":"TM"}},{"type":"Feature","id":271,"geometry":{"type":"Point","coordinates":[114.02560101767419,22.450669141921257]},"properties":{"OBJECTID":271,"GEO_NAME_ID":"2797","PLACE_CLASS":"Settlement","PLACE_TYPE":"Village","DISTRICT":"YL"}},{"type":"Feature","id":272,"geometry":{"type":"Point","coordinates":[114.04251391791435,22.44163560784807]},"properties":{"OBJECTID":272,"GEO_NAME_ID":"2798","PLACE_CLASS":"Settlement","PLACE_TYPE":"Village","DISTRICT":"YL"}},{"type":"Feature","id":273,"geometry":{"type":"Point","coordinates":[114.12560764672047,22.371958909909264]},"properties":{"OBJECTID":273,"GEO_NAME_ID":"2799","PLACE_CLASS":"Settlement","PLACE_TYPE":"Village","DISTRICT":"TW"}},{"type":"Feature","id":274,"geometry":{"type":"Point","coordinates":[114.05384260806569,22.340358552819211]},"properties":{"OBJECTID":274,"GEO_NAME_ID":"2800","PLACE_CLASS":"Settlement","PLACE_TYPE":"Village","DISTRICT":"TW"}},{"type":"Feature","id":275,"geometry":{"type":"Point","coordinates":[114.31763625516621,22.354413638113119]},"properties":{"OBJECTID":275,"GEO_NAME_ID":"2801","PLACE_CLASS":"Topographic","PLACE_TYPE":"Hill","DISTRICT":"SK"}},{"type":"Feature","id":276,"geometry":{"type":"Point","coordinates":[113.98835049367753,22.214526364242094]},"properties":{"OBJECTID":276,"GEO_NAME_ID":"2802","PLACE_CLASS":"Settlement","PLACE_TYPE":"Area","DISTRICT":"ILD"}},{"type":"Feature","id":277,"geometry":{"type":"Point","coordinates":[113.99015718495748,22.212460421561442]},"properties":{"OBJECTID":277,"GEO_NAME_ID":"2803","PLACE_CLASS":"Topographic","PLACE_TYPE":"Reef","DISTRICT":"ILD"}},{"type":"Feature","id":278,"geometry":{"type":"Point","coordinates":[113.99116338592391,22.214321891920839]},"properties":{"OBJECTID":278,"GEO_NAME_ID":"2804","PLACE_CLASS":"Hydrographic","PLACE_TYPE":"Bay","DISTRICT":"ILD"}},{"type":"Feature","id":279,"geometry":{"type":"Point","coordinates":[113.85020107867847,22.231980615426565]},"properties":{"OBJECTID":279,"GEO_NAME_ID":"2805","PLACE_CLASS":"Hydrographic","PLACE_TYPE":"Bay","DISTRICT":"ILD"}},{"type":"Feature","id":280,"geometry":{"type":"Point","coordinates":[113.848132899337,22.232888537813903]},"properties":{"OBJECTID":280,"GEO_NAME_ID":"2806","PLACE_CLASS":"Settlement","PLACE_TYPE":"Village","DISTRICT":"ILD"}},{"type":"Feature","id":281,"geometry":{"type":"Point","coordinates":[113.84829689285874,22.224950983429689]},"properties":{"OBJECTID":281,"GEO_NAME_ID":"2807","PLACE_CLASS":"Settlement","PLACE_TYPE":"Village","DISTRICT":"ILD"}},{"type":"Feature","id":282,"geometry":{"type":"Point","coordinates":[113.8496537238352,22.22959544072188]},"properties":{"OBJECTID":282,"GEO_NAME_ID":"2808","PLACE_CLASS":"Settlement","PLACE_TYPE":"Village","DISTRICT":"ILD"}},{"type":"Feature","id":283,"geometry":{"type":"Point","coordinates":[114.3717306560449,22.31206754025434]},"properties":{"OBJECTID":283,"GEO_NAME_ID":"2809","PLACE_CLASS":"Topographic","PLACE_TYPE":"Island","DISTRICT":"SK"}},{"type":"Feature","id":284,"geometry":{"type":"Point","coordinates":[114.00621839606568,22.308202732793081]},"properties":{"OBJECTID":284,"GEO_NAME_ID":"2810","PLACE_CLASS":"Topographic","PLACE_TYPE":"Pass","DISTRICT":"ILD"}},{"type":"Feature","id":285,"geometry":{"type":"Point","coordinates":[114.01637374225564,22.30492596424439]},"properties":{"OBJECTID":285,"GEO_NAME_ID":"2811","PLACE_CLASS":"Hydrographic","PLACE_TYPE":"Bay","DISTRICT":"ILD"}},{"type":"Feature","id":286,"geometry":{"type":"Point","coordinates":[114.12477053159914,22.377575632506534]},"properties":{"OBJECTID":286,"GEO_NAME_ID":"2812","PLACE_CLASS":"Settlement","PLACE_TYPE":"Village","DISTRICT":"TW"}},{"type":"Feature","id":287,"geometry":{"type":"Point","coordinates":[114.23417666743531,22.528084241764812]},"properties":{"OBJECTID":287,"GEO_NAME_ID":"2813","PLACE_CLASS":"Settlement","PLACE_TYPE":"Village","DISTRICT":"NTH"}},{"type":"Feature","id":288,"geometry":{"type":"Point","coordinates":[113.96390118195281,22.258746352298751]},"properties":{"OBJECTID":288,"GEO_NAME_ID":"2814","PLACE_CLASS":"Topographic","PLACE_TYPE":"Hill","DISTRICT":"ILD"}},{"type":"Feature","id":289,"geometry":{"type":"Point","coordinates":[113.98768489592391,22.427908608831803]},"properties":{"OBJECTID":289,"GEO_NAME_ID":"2815","PLACE_CLASS":"Settlement","PLACE_TYPE":"Village","DISTRICT":"TM"}},{"type":"Feature","id":290,"geometry":{"type":"Point","coordinates":[114.22481142451936,22.544785100663098]},"properties":{"OBJECTID":290,"GEO_NAME_ID":"2816","PLACE_CLASS":"Settlement","PLACE_TYPE":"Village","DISTRICT":"NTH"}},{"type":"Feature","id":291,"geometry":{"type":"Point","coordinates":[113.86674002267696,22.253686387426466]},"properties":{"OBJECTID":291,"GEO_NAME_ID":"2817","PLACE_CLASS":"Settlement","PLACE_TYPE":"Area","DISTRICT":"ILD"}},{"type":"Feature","id":292,"geometry":{"type":"Point","coordinates":[114.10031484907154,22.352867395620642]},"properties":{"OBJECTID":292,"GEO_NAME_ID":"2818","PLACE_CLASS":"Settlement","PLACE_TYPE":"Village","DISTRICT":"KC"}},{"type":"Feature","id":293,"geometry":{"type":"Point","coordinates":[114.21569588768241,22.450789506090814]},"properties":{"OBJECTID":293,"GEO_NAME_ID":"2819","PLACE_CLASS":"Settlement","PLACE_TYPE":"Area","DISTRICT":"TP"}},{"type":"Feature","id":294,"geometry":{"type":"Point","coordinates":[114.30331805561315,22.377742275895301]},"properties":{"OBJECTID":294,"GEO_NAME_ID":"2820","PLACE_CLASS":"Topographic","PLACE_TYPE":"Island","DISTRICT":"SK"}},{"type":"Feature","id":295,"geometry":{"type":"Point","coordinates":[114.20697950387094,22.531532198083251]},"properties":{"OBJECTID":295,"GEO_NAME_ID":"2821","PLACE_CLASS":"Settlement","PLACE_TYPE":"Village","DISTRICT":"NTH"}},{"type":"Feature","id":296,"geometry":{"type":"Point","coordinates":[114.11142802104969,22.503988129176395]},"properties":{"OBJECTID":296,"GEO_NAME_ID":"2822","PLACE_CLASS":"Settlement","PLACE_TYPE":"Village","DISTRICT":"NTH"}},{"type":"Feature","id":297,"geometry":{"type":"Point","coordinates":[114.15037669348646,22.424125058608894]},"properties":{"OBJECTID":297,"GEO_NAME_ID":"2823","PLACE_CLASS":"Settlement","PLACE_TYPE":"Village","DISTRICT":"TP"}},{"type":"Feature","id":298,"geometry":{"type":"Point","coordinates":[114.39033476343253,22.387764997564865]},"properties":{"OBJECTID":298,"GEO_NAME_ID":"2824","PLACE_CLASS":"Topographic","PLACE_TYPE":"Cape","DISTRICT":"SK"}},{"type":"Feature","id":299,"geometry":{"type":"Point","coordinates":[114.03682861958515,22.446887304019224]},"properties":{"OBJECTID":299,"GEO_NAME_ID":"2825","PLACE_CLASS":"Settlement","PLACE_TYPE":"Village","DISTRICT":"YL"}},{"type":"Feature","id":300,"geometry":{"type":"Point","coordinates":[114.11178993151502,22.47302312705914]},"properties":{"OBJECTID":300,"GEO_NAME_ID":"2826","PLACE_CLASS":"Settlement","PLACE_TYPE":"Village","DISTRICT":"NTH"}},{"type":"Feature","id":301,"geometry":{"type":"Point","coordinates":[114.15938643952973,22.457168733583856]},"properties":{"OBJECTID":301,"GEO_NAME_ID":"2827","PLACE_CLASS":"Settlement","PLACE_TYPE":"Village","DISTRICT":"TP"}},{"type":"Feature","id":302,"geometry":{"type":"Point","coordinates":[114.01910153028241,22.200353790562417]},"properties":{"OBJECTID":302,"GEO_NAME_ID":"2828","PLACE_CLASS":"Settlement","PLACE_TYPE":"Village","DISTRICT":"ILD"}},{"type":"Feature","id":303,"geometry":{"type":"Point","coordinates":[114.18685834723694,22.406770317608739]},"properties":{"OBJECTID":303,"GEO_NAME_ID":"2829","PLACE_CLASS":"Settlement","PLACE_TYPE":"Village","DISTRICT":"ST"}},{"type":"Feature","id":304,"geometry":{"type":"Point","coordinates":[114.27550240058012,22.313734985855291]},"properties":{"OBJECTID":304,"GEO_NAME_ID":"2834","PLACE_CLASS":"Settlement","PLACE_TYPE":"Village","DISTRICT":"SK"}},{"type":"Feature","id":305,"geometry":{"type":"Point","coordinates":[114.17697155407691,22.457657321232027]},"properties":{"OBJECTID":305,"GEO_NAME_ID":"2835","PLACE_CLASS":"Settlement","PLACE_TYPE":"Village","DISTRICT":"TP"}},{"type":"Feature","id":306,"geometry":{"type":"Point","coordinates":[113.90495232121657,22.173815602765146]},"properties":{"OBJECTID":306,"GEO_NAME_ID":"2841","PLACE_CLASS":"Topographic","PLACE_TYPE":"Island","DISTRICT":"ILD"}},{"type":"Feature","id":307,"geometry":{"type":"Point","coordinates":[114.1996162213653,22.383894742164813]},"properties":{"OBJECTID":307,"GEO_NAME_ID":"2842","PLACE_CLASS":"Settlement","PLACE_TYPE":"Area","DISTRICT":"ST"}},{"type":"Feature","id":308,"geometry":{"type":"Point","coordinates":[114.17840215542896,22.445840702556229]},"properties":{"OBJECTID":308,"GEO_NAME_ID":"2843","PLACE_CLASS":"Settlement","PLACE_TYPE":"Area","DISTRICT":"TP"}},{"type":"Feature","id":309,"geometry":{"type":"Point","coordinates":[114.1491133415101,22.181372966419072]},"properties":{"OBJECTID":309,"GEO_NAME_ID":"2844","PLACE_CLASS":"Topographic","PLACE_TYPE":"Cape","DISTRICT":"ILD"}},{"type":"Feature","id":310,"geometry":{"type":"Point","coordinates":[114.07754063738673,22.425674169062763]},"properties":{"OBJECTID":310,"GEO_NAME_ID":"2845","PLACE_CLASS":"Settlement","PLACE_TYPE":"Village","DISTRICT":"YL"}},{"type":"Feature","id":311,"geometry":{"type":"Point","coordinates":[114.36693528972947,22.325745500068887]},"properties":{"OBJECTID":311,"GEO_NAME_ID":"2846","PLACE_CLASS":"Topographic","PLACE_TYPE":"Island","DISTRICT":"SK"}},{"type":"Feature","id":312,"geometry":{"type":"Point","coordinates":[113.91677271419803,22.16265489272563]},"properties":{"OBJECTID":312,"GEO_NAME_ID":"2847","PLACE_CLASS":"Topographic","PLACE_TYPE":"Island","DISTRICT":"ILD"}},{"type":"Feature","id":313,"geometry":{"type":"Point","coordinates":[114.07431419947007,22.421692588961513]},"properties":{"OBJECTID":313,"GEO_NAME_ID":"2848","PLACE_CLASS":"Settlement","PLACE_TYPE":"Village","DISTRICT":"YL"}},{"type":"Feature","id":314,"geometry":{"type":"Point","coordinates":[114.15765450741088,22.475816375716708]},"properties":{"OBJECTID":314,"GEO_NAME_ID":"2849","PLACE_CLASS":"Settlement","PLACE_TYPE":"Village","DISTRICT":"TP"}},{"type":"Feature","id":315,"geometry":{"type":"Point","coordinates":[114.11684780809856,22.534151669107111]},"properties":{"OBJECTID":315,"GEO_NAME_ID":"2850","PLACE_CLASS":"Settlement","PLACE_TYPE":"Area","DISTRICT":"NTH"}},{"type":"Feature","id":316,"geometry":{"type":"Point","coordinates":[114.24256068027763,22.352998561630145]},"properties":{"OBJECTID":316,"GEO_NAME_ID":"2851","PLACE_CLASS":"Settlement","PLACE_TYPE":"Village","DISTRICT":"SK"}},{"type":"Feature","id":317,"geometry":{"type":"Point","coordinates":[114.03870849128754,22.281439855006603]},"properties":{"OBJECTID":317,"GEO_NAME_ID":"2852","PLACE_CLASS":"Settlement","PLACE_TYPE":"Village","DISTRICT":"ILD"}},{"type":"Feature","id":318,"geometry":{"type":"Point","coordinates":[114.01887388281008,22.445903663546364]},"properties":{"OBJECTID":318,"GEO_NAME_ID":"2853","PLACE_CLASS":"Settlement","PLACE_TYPE":"Town","DISTRICT":"YL"}},{"type":"Feature","id":319,"geometry":{"type":"Point","coordinates":[114.03155981257262,22.447342387286007]},"properties":{"OBJECTID":319,"GEO_NAME_ID":"2854","PLACE_CLASS":"Settlement","PLACE_TYPE":"Area","DISTRICT":"YL"}},{"type":"Feature","id":320,"geometry":{"type":"Point","coordinates":[114.3369330623222,22.376890732263096]},"properties":{"OBJECTID":320,"GEO_NAME_ID":"2856","PLACE_CLASS":"Settlement","PLACE_TYPE":"Village","DISTRICT":"SK"}},{"type":"Feature","id":321,"geometry":{"type":"Point","coordinates":[114.06915296986706,22.451534876320064]},"properties":{"OBJECTID":321,"GEO_NAME_ID":"2857","PLACE_CLASS":"Topographic","PLACE_TYPE":"Hill","DISTRICT":"YL"}},{"type":"Feature","id":322,"geometry":{"type":"Point","coordinates":[113.97372933201727,22.432750034830573]},"properties":{"OBJECTID":322,"GEO_NAME_ID":"2858","PLACE_CLASS":"Topographic","PLACE_TYPE":"Hill","DISTRICT":"YL"}},{"type":"Feature","id":323,"geometry":{"type":"Point","coordinates":[114.22477421112353,22.548279175814116]},"properties":{"OBJECTID":323,"GEO_NAME_ID":"2859","PLACE_CLASS":"Topographic","PLACE_TYPE":"Hill","DISTRICT":"NTH"}},{"type":"Feature","id":324,"geometry":{"type":"Point","coordinates":[114.04428172384353,22.370187906953934]},"properties":{"OBJECTID":324,"GEO_NAME_ID":"2860","PLACE_CLASS":"Settlement","PLACE_TYPE":"Village","DISTRICT":"TW"}},{"type":"Feature","id":325,"geometry":{"type":"Point","coordinates":[114.15913772590692,22.426510301806729]},"properties":{"OBJECTID":325,"GEO_NAME_ID":"2861","PLACE_CLASS":"Settlement","PLACE_TYPE":"Village","DISTRICT":"TP"}},{"type":"Feature","id":326,"geometry":{"type":"Point","coordinates":[114.04631800367356,22.362676165002014]},"properties":{"OBJECTID":326,"GEO_NAME_ID":"2862","PLACE_CLASS":"Settlement","PLACE_TYPE":"Village","DISTRICT":"TW"}},{"type":"Feature","id":327,"geometry":{"type":"Point","coordinates":[114.15670730880049,22.237924421337571]},"properties":{"OBJECTID":327,"GEO_NAME_ID":"2865","PLACE_CLASS":"Topographic","PLACE_TYPE":"Hill","DISTRICT":"STH"}},{"type":"Feature","id":328,"geometry":{"type":"Point","coordinates":[114.30512851683574,22.551395774882366]},"properties":{"OBJECTID":328,"GEO_NAME_ID":"2868","PLACE_CLASS":"Topographic","PLACE_TYPE":"Cape","DISTRICT":"NTH"}},{"type":"Feature","id":329,"geometry":{"type":"Point","coordinates":[114.35903696436553,22.469384285331984]},"properties":{"OBJECTID":329,"GEO_NAME_ID":"2869","PLACE_CLASS":"Settlement","PLACE_TYPE":"Village","DISTRICT":"TP"}},{"type":"Feature","id":330,"geometry":{"type":"Point","coordinates":[114.24619942364923,22.544586987365861]},"properties":{"OBJECTID":330,"GEO_NAME_ID":"2870","PLACE_CLASS":"Settlement","PLACE_TYPE":"Village","DISTRICT":"NTH"}},{"type":"Feature","id":331,"geometry":{"type":"Point","coordinates":[114.24883524142695,22.547005959879169]},"properties":{"OBJECTID":331,"GEO_NAME_ID":"2871","PLACE_CLASS":"Hydrographic","PLACE_TYPE":"Bay","DISTRICT":"NTH"}},{"type":"Feature","id":332,"geometry":{"type":"Point","coordinates":[114.14133217076521,22.199721912449938]},"properties":{"OBJECTID":332,"GEO_NAME_ID":"2872","PLACE_CLASS":"Settlement","PLACE_TYPE":"Village","DISTRICT":"ILD"}},{"type":"Feature","id":333,"geometry":{"type":"Point","coordinates":[114.11339100223111,22.225839264523067]},"properties":{"OBJECTID":333,"GEO_NAME_ID":"2873","PLACE_CLASS":"Settlement","PLACE_TYPE":"Village","DISTRICT":"ILD"}},{"type":"Feature","id":334,"geometry":{"type":"Point","coordinates":[114.11328356296652,22.227491839404465]},"properties":{"OBJECTID":334,"GEO_NAME_ID":"2874","PLACE_CLASS":"Settlement","PLACE_TYPE":"Village","DISTRICT":"ILD"}},{"type":"Feature","id":335,"geometry":{"type":"Point","coordinates":[114.11523316769615,22.227537742703344]},"properties":{"OBJECTID":335,"GEO_NAME_ID":"2875","PLACE_CLASS":"Settlement","PLACE_TYPE":"Village","DISTRICT":"ILD"}},{"type":"Feature","id":336,"geometry":{"type":"Point","coordinates":[114.2929982011449,22.426740419602712]},"properties":{"OBJECTID":336,"GEO_NAME_ID":"2876","PLACE_CLASS":"Settlement","PLACE_TYPE":"Village","DISTRICT":"TP"}},{"type":"Feature","id":337,"geometry":{"type":"Point","coordinates":[114.1103549917722,22.225973512798145]},"properties":{"OBJECTID":337,"GEO_NAME_ID":"2877","PLACE_CLASS":"Hydrographic","PLACE_TYPE":"Bay","DISTRICT":"ILD"}},{"type":"Feature","id":338,"geometry":{"type":"Point","coordinates":[114.1116354702219,22.225666987355524]},"properties":{"OBJECTID":338,"GEO_NAME_ID":"2878","PLACE_CLASS":"Settlement","PLACE_TYPE":"Village","DISTRICT":"ILD"}},{"type":"Feature","id":339,"geometry":{"type":"Point","coordinates":[114.10318833563532,22.500489813572909]},"properties":{"OBJECTID":339,"GEO_NAME_ID":"2897","PLACE_CLASS":"Hydrographic","PLACE_TYPE":"River","DISTRICT":"NTH"}},{"type":"Feature","id":340,"geometry":{"type":"Point","coordinates":[114.15434031635598,22.540518646697326]},"properties":{"OBJECTID":340,"GEO_NAME_ID":"2898","PLACE_CLASS":"Hydrographic","PLACE_TYPE":"River","DISTRICT":"NTH"}},{"type":"Feature","id":341,"geometry":{"type":"Point","coordinates":[114.13490742258156,22.508005442957987]},"properties":{"OBJECTID":341,"GEO_NAME_ID":"2899","PLACE_CLASS":"Hydrographic","PLACE_TYPE":"River","DISTRICT":"NTH"}},{"type":"Feature","id":342,"geometry":{"type":"Point","coordinates":[114.17475556661101,22.513609724794563]},"properties":{"OBJECTID":342,"GEO_NAME_ID":"2900","PLACE_CLASS":"Hydrographic","PLACE_TYPE":"River","DISTRICT":"NTH"}},{"type":"Feature","id":343,"geometry":{"type":"Point","coordinates":[114.11670258077898,22.510338542893077]},"properties":{"OBJECTID":343,"GEO_NAME_ID":"2901","PLACE_CLASS":"Hydrographic","PLACE_TYPE":"River","DISTRICT":"NTH"}},{"type":"Feature","id":344,"geometry":{"type":"Point","coordinates":[114.21927424754531,22.554686902950131]},"properties":{"OBJECTID":344,"GEO_NAME_ID":"5056","PLACE_CLASS":"Hydrographic","PLACE_TYPE":"River","DISTRICT":"NTH"}},{"type":"Feature","id":345,"geometry":{"type":"Point","coordinates":[114.03847509549915,22.321381977974948]},"properties":{"OBJECTID":345,"GEO_NAME_ID":"5058","PLACE_CLASS":"Settlement","PLACE_TYPE":"Area","DISTRICT":"TW"}},{"type":"Feature","id":346,"geometry":{"type":"Point","coordinates":[114.1354000816122,22.321688573563687]},"properties":{"OBJECTID":346,"GEO_NAME_ID":"5059","PLACE_CLASS":"Settlement","PLACE_TYPE":"Area","DISTRICT":"SSP"}},{"type":"Feature","id":347,"geometry":{"type":"Point","coordinates":[114.13621002489792,22.37372287243841]},"properties":{"OBJECTID":347,"GEO_NAME_ID":"2918","PLACE_CLASS":"Settlement","PLACE_TYPE":"Village","DISTRICT":"TW"}},{"type":"Feature","id":348,"geometry":{"type":"Point","coordinates":[114.26040504339389,22.353884360904555]},"properties":{"OBJECTID":348,"GEO_NAME_ID":"2922","PLACE_CLASS":"Settlement","PLACE_TYPE":"Village","DISTRICT":"SK"}},{"type":"Feature","id":349,"geometry":{"type":"Point","coordinates":[114.42037166655847,22.461230184527558]},"properties":{"OBJECTID":349,"GEO_NAME_ID":"2926","PLACE_CLASS":"Topographic","PLACE_TYPE":"Reef","DISTRICT":"TP"}},{"type":"Feature","id":350,"geometry":{"type":"Point","coordinates":[114.23922022890207,22.503375267737301]},"properties":{"OBJECTID":350,"GEO_NAME_ID":"2927","PLACE_CLASS":"Hydrographic","PLACE_TYPE":"Stream","DISTRICT":"TP"}},{"type":"Feature","id":351,"geometry":{"type":"Point","coordinates":[114.21879070789541,22.209274873238503]},"properties":{"OBJECTID":351,"GEO_NAME_ID":"4944","PLACE_CLASS":"Hydrographic","PLACE_TYPE":"Bay","DISTRICT":"STH"}},{"type":"Feature","id":352,"geometry":{"type":"Point","coordinates":[114.19107000755254,22.373772497691775]},"properties":{"OBJECTID":352,"GEO_NAME_ID":"5083","PLACE_CLASS":"Settlement","PLACE_TYPE":"Village","DISTRICT":"ST"}},{"type":"Feature","id":353,"geometry":{"type":"Point","coordinates":[114.36540973164324,22.490056535427744]},"properties":{"OBJECTID":353,"GEO_NAME_ID":"2932","PLACE_CLASS":"Topographic","PLACE_TYPE":"Reef","DISTRICT":"TP"}},{"type":"Feature","id":354,"geometry":{"type":"Point","coordinates":[114.35731042777948,22.47167994674043]},"properties":{"OBJECTID":354,"GEO_NAME_ID":"2933","PLACE_CLASS":"Topographic","PLACE_TYPE":"Reef","DISTRICT":"TP"}},{"type":"Feature","id":355,"geometry":{"type":"Point","coordinates":[114.2717595133348,22.376192556104133]},"properties":{"OBJECTID":355,"GEO_NAME_ID":"2934","PLACE_CLASS":"Settlement","PLACE_TYPE":"Village","DISTRICT":"SK"}},{"type":"Feature","id":356,"geometry":{"type":"Point","coordinates":[114.35183616814865,22.429893200468165]},"properties":{"OBJECTID":356,"GEO_NAME_ID":"2936","PLACE_CLASS":"Hydrographic","PLACE_TYPE":"Strait","DISTRICT":"TP"}},{"type":"Feature","id":357,"geometry":{"type":"Point","coordinates":[114.13981814354834,22.351743391767588]},"properties":{"OBJECTID":357,"GEO_NAME_ID":"2939","PLACE_CLASS":"Settlement","PLACE_TYPE":"Village","DISTRICT":"KC"}},{"type":"Feature","id":358,"geometry":{"type":"Point","coordinates":[114.26358657755814,22.351487641365843]},"properties":{"OBJECTID":358,"GEO_NAME_ID":"2940","PLACE_CLASS":"Settlement","PLACE_TYPE":"Area","DISTRICT":"SK"}},{"type":"Feature","id":359,"geometry":{"type":"Point","coordinates":[114.19826324398316,22.426193783961285]},"properties":{"OBJECTID":359,"GEO_NAME_ID":"2941","PLACE_CLASS":"Hydrographic","PLACE_TYPE":"River","DISTRICT":"TP"}},{"type":"Feature","id":360,"geometry":{"type":"Point","coordinates":[114.16157487241557,22.434890827028855]},"properties":{"OBJECTID":360,"GEO_NAME_ID":"2942","PLACE_CLASS":"Settlement","PLACE_TYPE":"Village","DISTRICT":"TP"}},{"type":"Feature","id":361,"geometry":{"type":"Point","coordinates":[114.31326942928651,22.525291413459811]},"properties":{"OBJECTID":361,"GEO_NAME_ID":"2943","PLACE_CLASS":"Hydrographic","PLACE_TYPE":"Strait","DISTRICT":"NTH"}},{"type":"Feature","id":362,"geometry":{"type":"Point","coordinates":[114.03821117504688,22.362533968711059]},"properties":{"OBJECTID":362,"GEO_NAME_ID":"2947","PLACE_CLASS":"Settlement","PLACE_TYPE":"Village","DISTRICT":"TW"}},{"type":"Feature","id":363,"geometry":{"type":"Point","coordinates":[114.19572645943639,22.342481161243384]},"properties":{"OBJECTID":363,"GEO_NAME_ID":"2948","PLACE_CLASS":"Settlement","PLACE_TYPE":"Village","DISTRICT":"WTS"}},{"type":"Feature","id":364,"geometry":{"type":"Point","coordinates":[114.04253804231236,22.284856640577789]},"properties":{"OBJECTID":364,"GEO_NAME_ID":"2950","PLACE_CLASS":"Settlement","PLACE_TYPE":"Village","DISTRICT":"ILD"}},{"type":"Feature","id":365,"geometry":{"type":"Point","coordinates":[114.04902429728737,22.360492339563926]},"properties":{"OBJECTID":365,"GEO_NAME_ID":"2953","PLACE_CLASS":"Hydrographic","PLACE_TYPE":"Bay","DISTRICT":"TW"}},{"type":"Feature","id":366,"geometry":{"type":"Point","coordinates":[114.34674232893677,22.314669357540872]},"properties":{"OBJECTID":366,"GEO_NAME_ID":"2954","PLACE_CLASS":"Topographic","PLACE_TYPE":"Reef","DISTRICT":"SK"}},{"type":"Feature","id":367,"geometry":{"type":"Point","coordinates":[114.26874605220925,22.313940094259539]},"properties":{"OBJECTID":367,"GEO_NAME_ID":"2955","PLACE_CLASS":"Settlement","PLACE_TYPE":"Village","DISTRICT":"SK"}},{"type":"Feature","id":368,"geometry":{"type":"Point","coordinates":[114.29748750968076,22.259536417898598]},"properties":{"OBJECTID":368,"GEO_NAME_ID":"2956","PLACE_CLASS":"Hydrographic","PLACE_TYPE":"Strait","DISTRICT":"SK"}},{"type":"Feature","id":369,"geometry":{"type":"Point","coordinates":[114.07973099464223,22.509778672043151]},"properties":{"OBJECTID":369,"GEO_NAME_ID":"2960","PLACE_CLASS":"Settlement","PLACE_TYPE":"Village","DISTRICT":"YL"}},{"type":"Feature","id":370,"geometry":{"type":"Point","coordinates":[114.28783544089633,22.297995711844145]},"properties":{"OBJECTID":370,"GEO_NAME_ID":"2961","PLACE_CLASS":"Settlement","PLACE_TYPE":"Village","DISTRICT":"SK"}},{"type":"Feature","id":371,"geometry":{"type":"Point","coordinates":[114.12912250830624,22.372005136916176]},"properties":{"OBJECTID":371,"GEO_NAME_ID":"2962","PLACE_CLASS":"Settlement","PLACE_TYPE":"Village","DISTRICT":"TW"}},{"type":"Feature","id":372,"geometry":{"type":"Point","coordinates":[114.26667272691732,22.320902115422491]},"properties":{"OBJECTID":372,"GEO_NAME_ID":"2964","PLACE_CLASS":"Settlement","PLACE_TYPE":"Village","DISTRICT":"SK"}},{"type":"Feature","id":373,"geometry":{"type":"Point","coordinates":[114.16747515054541,22.376798081547342]},"properties":{"OBJECTID":373,"GEO_NAME_ID":"2967","PLACE_CLASS":"Settlement","PLACE_TYPE":"Village","DISTRICT":"ST"}},{"type":"Feature","id":374,"geometry":{"type":"Point","coordinates":[114.34793831583296,22.260665103508746]},"properties":{"OBJECTID":374,"GEO_NAME_ID":"2971","PLACE_CLASS":"Hydrographic","PLACE_TYPE":"Strait","DISTRICT":"SK"}},{"type":"Feature","id":375,"geometry":{"type":"Point","coordinates":[114.0619278038659,22.495146773099766]},"properties":{"OBJECTID":375,"GEO_NAME_ID":"2975","PLACE_CLASS":"Settlement","PLACE_TYPE":"Village","DISTRICT":"YL"}},{"type":"Feature","id":376,"geometry":{"type":"Point","coordinates":[114.12515513909484,22.518893241725486]},"properties":{"OBJECTID":376,"GEO_NAME_ID":"2976","PLACE_CLASS":"Settlement","PLACE_TYPE":"Village","DISTRICT":"NTH"}},{"type":"Feature","id":377,"geometry":{"type":"Point","coordinates":[114.19853899775605,22.325322710645857]},"properties":{"OBJECTID":377,"GEO_NAME_ID":"2978","PLACE_CLASS":"Settlement","PLACE_TYPE":"Area","DISTRICT":"KLC"}},{"type":"Feature","id":378,"geometry":{"type":"Point","coordinates":[114.18225332260437,22.367415534635469]},"properties":{"OBJECTID":378,"GEO_NAME_ID":"2980","PLACE_CLASS":"Settlement","PLACE_TYPE":"Village","DISTRICT":"ST"}},{"type":"Feature","id":379,"geometry":{"type":"Point","coordinates":[114.05613137693091,22.342888829401272]},"properties":{"OBJECTID":379,"GEO_NAME_ID":"2983","PLACE_CLASS":"Hydrographic","PLACE_TYPE":"Strait","DISTRICT":"TW"}},{"type":"Feature","id":380,"geometry":{"type":"Point","coordinates":[114.33999466434821,22.437671776316449]},"properties":{"OBJECTID":380,"GEO_NAME_ID":"2985","PLACE_CLASS":"Hydrographic","PLACE_TYPE":"Strait","DISTRICT":"TP"}},{"type":"Feature","id":381,"geometry":{"type":"Point","coordinates":[114.18854767290163,22.400006358762976]},"properties":{"OBJECTID":381,"GEO_NAME_ID":"2988","PLACE_CLASS":"Settlement","PLACE_TYPE":"Village","DISTRICT":"ST"}},{"type":"Feature","id":382,"geometry":{"type":"Point","coordinates":[114.31322153577233,22.377011790544721]},"properties":{"OBJECTID":382,"GEO_NAME_ID":"2990","PLACE_CLASS":"Hydrographic","PLACE_TYPE":"Bay","DISTRICT":"SK"}},{"type":"Feature","id":383,"geometry":{"type":"Point","coordinates":[113.9658826946533,22.412069309185043]},"properties":{"OBJECTID":383,"GEO_NAME_ID":"2991","PLACE_CLASS":"Settlement","PLACE_TYPE":"Village","DISTRICT":"TM"}},{"type":"Feature","id":384,"geometry":{"type":"Point","coordinates":[114.1361126307628,22.374743298051285]},"properties":{"OBJECTID":384,"GEO_NAME_ID":"2992","PLACE_CLASS":"Settlement","PLACE_TYPE":"Village","DISTRICT":"TW"}},{"type":"Feature","id":385,"geometry":{"type":"Point","coordinates":[114.27112371701408,22.376520780950688]},"properties":{"OBJECTID":385,"GEO_NAME_ID":"2994","PLACE_CLASS":"Settlement","PLACE_TYPE":"Village","DISTRICT":"SK"}},{"type":"Feature","id":386,"geometry":{"type":"Point","coordinates":[114.20922394036182,22.359637085823874]},"properties":{"OBJECTID":386,"GEO_NAME_ID":"2997","PLACE_CLASS":"Settlement","PLACE_TYPE":"Village","DISTRICT":"ST"}},{"type":"Feature","id":387,"geometry":{"type":"Point","coordinates":[114.1851435742735,22.478273577363421]},"properties":{"OBJECTID":387,"GEO_NAME_ID":"5093","PLACE_CLASS":"Settlement","PLACE_TYPE":"Village","DISTRICT":"TP"}},{"type":"Feature","id":388,"geometry":{"type":"Point","coordinates":[114.16340960590462,22.244680061585239]},"properties":{"OBJECTID":388,"GEO_NAME_ID":"1750","PLACE_CLASS":"Hydrographic","PLACE_TYPE":"Bay","DISTRICT":"STH"}},{"type":"Feature","id":389,"geometry":{"type":"Point","coordinates":[114.13946448041531,22.184712415209223]},"properties":{"OBJECTID":389,"GEO_NAME_ID":"1751","PLACE_CLASS":"Hydrographic","PLACE_TYPE":"Bay","DISTRICT":"ILD"}},{"type":"Feature","id":390,"geometry":{"type":"Point","coordinates":[113.888216610166,22.268942465108665]},"properties":{"OBJECTID":390,"GEO_NAME_ID":"1752","PLACE_CLASS":"Settlement","PLACE_TYPE":"Village","DISTRICT":"ILD"}},{"type":"Feature","id":391,"geometry":{"type":"Point","coordinates":[113.88610644048774,22.271241496006834]},"properties":{"OBJECTID":391,"GEO_NAME_ID":"1753","PLACE_CLASS":"Hydrographic","PLACE_TYPE":"Bay","DISTRICT":"ILD"}},{"type":"Feature","id":392,"geometry":{"type":"Point","coordinates":[114.01622827898019,22.431804542838037]},"properties":{"OBJECTID":392,"GEO_NAME_ID":"1754","PLACE_CLASS":"Settlement","PLACE_TYPE":"Village","DISTRICT":"YL"}},{"type":"Feature","id":393,"geometry":{"type":"Point","coordinates":[114.35201422520691,22.261563822890107]},"properties":{"OBJECTID":393,"GEO_NAME_ID":"1756","PLACE_CLASS":"Topographic","PLACE_TYPE":"Island","DISTRICT":"SK"}},{"type":"Feature","id":394,"geometry":{"type":"Point","coordinates":[114.21676267512014,22.478169514533004]},"properties":{"OBJECTID":394,"GEO_NAME_ID":"1757","PLACE_CLASS":"Settlement","PLACE_TYPE":"Village","DISTRICT":"TP"}},{"type":"Feature","id":395,"geometry":{"type":"Point","coordinates":[114.27420022051655,22.395209363942151]},"properties":{"OBJECTID":395,"GEO_NAME_ID":"1758","PLACE_CLASS":"Settlement","PLACE_TYPE":"Village","DISTRICT":"SK"}},{"type":"Feature","id":396,"geometry":{"type":"Point","coordinates":[114.26081825233602,22.16789785649269]},"properties":{"OBJECTID":396,"GEO_NAME_ID":"1759","PLACE_CLASS":"Settlement","PLACE_TYPE":"Village","DISTRICT":"ILD"}},{"type":"Feature","id":397,"geometry":{"type":"Point","coordinates":[114.18022502511423,22.406409372870559]},"properties":{"OBJECTID":397,"GEO_NAME_ID":"1760","PLACE_CLASS":"Settlement","PLACE_TYPE":"Village","DISTRICT":"ST"}},{"type":"Feature","id":398,"geometry":{"type":"Point","coordinates":[114.26738585115027,22.519345660496388]},"properties":{"OBJECTID":398,"GEO_NAME_ID":"1761","PLACE_CLASS":"Topographic","PLACE_TYPE":"Pass","DISTRICT":"NTH"}},{"type":"Feature","id":399,"geometry":{"type":"Point","coordinates":[114.26079474550059,22.533716530284096]},"properties":{"OBJECTID":399,"GEO_NAME_ID":"1762","PLACE_CLASS":"Settlement","PLACE_TYPE":"Area","DISTRICT":"NTH"}},{"type":"Feature","id":400,"geometry":{"type":"Point","coordinates":[114.04069934993747,22.449508627649521]},"properties":{"OBJECTID":400,"GEO_NAME_ID":"1763","PLACE_CLASS":"Settlement","PLACE_TYPE":"Village","DISTRICT":"YL"}},{"type":"Feature","id":401,"geometry":{"type":"Point","coordinates":[114.03728621438775,22.452684423473823]},"properties":{"OBJECTID":401,"GEO_NAME_ID":"1764","PLACE_CLASS":"Settlement","PLACE_TYPE":"Village","DISTRICT":"YL"}},{"type":"Feature","id":402,"geometry":{"type":"Point","coordinates":[114.03059134089233,22.453735055099308]},"properties":{"OBJECTID":402,"GEO_NAME_ID":"1765","PLACE_CLASS":"Settlement","PLACE_TYPE":"Village","DISTRICT":"YL"}},{"type":"Feature","id":403,"geometry":{"type":"Point","coordinates":[114.03417938609057,22.450695013160274]},"properties":{"OBJECTID":403,"GEO_NAME_ID":"1766","PLACE_CLASS":"Settlement","PLACE_TYPE":"Village","DISTRICT":"YL"}},{"type":"Feature","id":404,"geometry":{"type":"Point","coordinates":[114.03047505811426,22.462702155228847]},"properties":{"OBJECTID":404,"GEO_NAME_ID":"1767","PLACE_CLASS":"Hydrographic","PLACE_TYPE":"River","DISTRICT":"YL"}},{"type":"Feature","id":405,"geometry":{"type":"Point","coordinates":[114.03865468586751,22.286822055286631]},"properties":{"OBJECTID":405,"GEO_NAME_ID":"1768","PLACE_CLASS":"Settlement","PLACE_TYPE":"Village","DISTRICT":"ILD"}},{"type":"Feature","id":406,"geometry":{"type":"Point","coordinates":[114.17716278119801,22.523186945125524]},"properties":{"OBJECTID":406,"GEO_NAME_ID":"1769","PLACE_CLASS":"Topographic","PLACE_TYPE":"Hill","DISTRICT":"NTH"}},{"type":"Feature","id":407,"geometry":{"type":"Point","coordinates":[114.17017148542588,22.440336779895652]},"properties":{"OBJECTID":407,"GEO_NAME_ID":"1770","PLACE_CLASS":"Settlement","PLACE_TYPE":"Village","DISTRICT":"TP"}},{"type":"Feature","id":408,"geometry":{"type":"Point","coordinates":[114.2216148746294,22.549146998535559]},"properties":{"OBJECTID":408,"GEO_NAME_ID":"1771","PLACE_CLASS":"Settlement","PLACE_TYPE":"Village","DISTRICT":"NTH"}},{"type":"Feature","id":409,"geometry":{"type":"Point","coordinates":[113.99487464858005,22.239458419855449]},"properties":{"OBJECTID":409,"GEO_NAME_ID":"1773","PLACE_CLASS":"Settlement","PLACE_TYPE":"Village","DISTRICT":"ILD"}},{"type":"Feature","id":410,"geometry":{"type":"Point","coordinates":[113.98964647971373,22.239190596774858]},"properties":{"OBJECTID":410,"GEO_NAME_ID":"1775","PLACE_CLASS":"Settlement","PLACE_TYPE":"Village","DISTRICT":"ILD"}},{"type":"Feature","id":411,"geometry":{"type":"Point","coordinates":[113.99298910642911,22.242264830363077]},"properties":{"OBJECTID":411,"GEO_NAME_ID":"1776","PLACE_CLASS":"Settlement","PLACE_TYPE":"Village","DISTRICT":"ILD"}},{"type":"Feature","id":412,"geometry":{"type":"Point","coordinates":[114.03141957646302,22.43275810203793]},"properties":{"OBJECTID":412,"GEO_NAME_ID":"1777","PLACE_CLASS":"Settlement","PLACE_TYPE":"Area","DISTRICT":"YL"}},{"type":"Feature","id":413,"geometry":{"type":"Point","coordinates":[114.26102798202578,22.421089109826344]},"properties":{"OBJECTID":413,"GEO_NAME_ID":"1778","PLACE_CLASS":"Settlement","PLACE_TYPE":"Area","DISTRICT":"TP"}},{"type":"Feature","id":414,"geometry":{"type":"Point","coordinates":[114.19596172744959,22.359232821044881]},"properties":{"OBJECTID":414,"GEO_NAME_ID":"1779","PLACE_CLASS":"Settlement","PLACE_TYPE":"Village","DISTRICT":"ST"}},{"type":"Feature","id":415,"geometry":{"type":"Point","coordinates":[114.29427700870102,22.36492574686768]},"properties":{"OBJECTID":415,"GEO_NAME_ID":"1780","PLACE_CLASS":"Topographic","PLACE_TYPE":"Island","DISTRICT":"SK"}},{"type":"Feature","id":416,"geometry":{"type":"Point","coordinates":[114.37624739056132,22.430560250078543]},"properties":{"OBJECTID":416,"GEO_NAME_ID":"1781","PLACE_CLASS":"Topographic","PLACE_TYPE":"Hill","DISTRICT":"SK"}},{"type":"Feature","id":417,"geometry":{"type":"Point","coordinates":[114.2924662920537,22.523185566184967]},"properties":{"OBJECTID":417,"GEO_NAME_ID":"1783","PLACE_CLASS":"Topographic","PLACE_TYPE":"Reef","DISTRICT":"NTH"}},{"type":"Feature","id":418,"geometry":{"type":"Point","coordinates":[114.22818479521676,22.279124454166492]},"properties":{"OBJECTID":418,"GEO_NAME_ID":"1784","PLACE_CLASS":"Settlement","PLACE_TYPE":"Area","DISTRICT":"EST"}},{"type":"Feature","id":419,"geometry":{"type":"Point","coordinates":[114.14153157931121,22.448135369635207]},"properties":{"OBJECTID":419,"GEO_NAME_ID":"1785","PLACE_CLASS":"Hydrographic","PLACE_TYPE":"River","DISTRICT":"TP"}},{"type":"Feature","id":420,"geometry":{"type":"Point","coordinates":[114.1443483116923,22.45066448683334]},"properties":{"OBJECTID":420,"GEO_NAME_ID":"1786","PLACE_CLASS":"Settlement","PLACE_TYPE":"Village","DISTRICT":"TP"}},{"type":"Feature","id":421,"geometry":{"type":"Point","coordinates":[114.29866749310676,22.445176423736882]},"properties":{"OBJECTID":421,"GEO_NAME_ID":"1787","PLACE_CLASS":"Topographic","PLACE_TYPE":"Pass","DISTRICT":"TP"}},{"type":"Feature","id":422,"geometry":{"type":"Point","coordinates":[114.30209339409353,22.39808895271829]},"properties":{"OBJECTID":422,"GEO_NAME_ID":"1788","PLACE_CLASS":"Settlement","PLACE_TYPE":"Village","DISTRICT":"SK"}},{"type":"Feature","id":423,"geometry":{"type":"Point","coordinates":[114.31661500136927,22.401147416936947]},"properties":{"OBJECTID":423,"GEO_NAME_ID":"1789","PLACE_CLASS":"Hydrographic","PLACE_TYPE":"Stream","DISTRICT":"SK"}},{"type":"Feature","id":424,"geometry":{"type":"Point","coordinates":[114.34385007884164,22.347299756458483]},"properties":{"OBJECTID":424,"GEO_NAME_ID":"1790","PLACE_CLASS":"Topographic","PLACE_TYPE":"Cape","DISTRICT":"SK"}},{"type":"Feature","id":425,"geometry":{"type":"Point","coordinates":[114.34253518031008,22.351843465772429]},"properties":{"OBJECTID":425,"GEO_NAME_ID":"1791","PLACE_CLASS":"Topographic","PLACE_TYPE":"Hill","DISTRICT":"SK"}},{"type":"Feature","id":426,"geometry":{"type":"Point","coordinates":[114.17812802538035,22.492162556456613]},"properties":{"OBJECTID":426,"GEO_NAME_ID":"1792","PLACE_CLASS":"Settlement","PLACE_TYPE":"Area","DISTRICT":"TP"}},{"type":"Feature","id":427,"geometry":{"type":"Point","coordinates":[114.29936791714373,22.379831364184859]},"properties":{"OBJECTID":427,"GEO_NAME_ID":"1793","PLACE_CLASS":"Topographic","PLACE_TYPE":"Island","DISTRICT":"SK"}},{"type":"Feature","id":428,"geometry":{"type":"Point","coordinates":[113.90724120951184,22.173467208128478]},"properties":{"OBJECTID":428,"GEO_NAME_ID":"1794","PLACE_CLASS":"Topographic","PLACE_TYPE":"Island","DISTRICT":"ILD"}},{"type":"Feature","id":429,"geometry":{"type":"Point","coordinates":[114.20984854695004,22.537545851020511]},"properties":{"OBJECTID":429,"GEO_NAME_ID":"1795","PLACE_CLASS":"Settlement","PLACE_TYPE":"Village","DISTRICT":"NTH"}},{"type":"Feature","id":430,"geometry":{"type":"Point","coordinates":[114.29563891897524,22.241819630825713]},"properties":{"OBJECTID":430,"GEO_NAME_ID":"1796","PLACE_CLASS":"Topographic","PLACE_TYPE":"Cape","DISTRICT":"SK"}},{"type":"Feature","id":431,"geometry":{"type":"Point","coordinates":[114.29589617733608,22.407918805676992]},"properties":{"OBJECTID":431,"GEO_NAME_ID":"1797","PLACE_CLASS":"Settlement","PLACE_TYPE":"Village","DISTRICT":"SK"}},{"type":"Feature","id":432,"geometry":{"type":"Point","coordinates":[114.16834192986872,22.333993301556365]},"properties":{"OBJECTID":432,"GEO_NAME_ID":"1798","PLACE_CLASS":"Settlement","PLACE_TYPE":"Area","DISTRICT":"SSP"}},{"type":"Feature","id":433,"geometry":{"type":"Point","coordinates":[114.20394681912052,22.532462864117562]},"properties":{"OBJECTID":433,"GEO_NAME_ID":"1800","PLACE_CLASS":"Settlement","PLACE_TYPE":"Village","DISTRICT":"NTH"}},{"type":"Feature","id":434,"geometry":{"type":"Point","coordinates":[113.95753736557919,22.378523932213142]},"properties":{"OBJECTID":434,"GEO_NAME_ID":"1801","PLACE_CLASS":"Settlement","PLACE_TYPE":"Village","DISTRICT":"TM"}},{"type":"Feature","id":435,"geometry":{"type":"Point","coordinates":[114.10588948784279,22.233376791641671]},"properties":{"OBJECTID":435,"GEO_NAME_ID":"1802","PLACE_CLASS":"Topographic","PLACE_TYPE":"Cape","DISTRICT":"ILD"}},{"type":"Feature","id":436,"geometry":{"type":"Point","coordinates":[114.09819543794252,22.427304870529511]},"properties":{"OBJECTID":436,"GEO_NAME_ID":"1803","PLACE_CLASS":"Settlement","PLACE_TYPE":"Area","DISTRICT":"YL"}},{"type":"Feature","id":437,"geometry":{"type":"Point","coordinates":[114.07761281771543,22.440730858397934]},"properties":{"OBJECTID":437,"GEO_NAME_ID":"1804","PLACE_CLASS":"Settlement","PLACE_TYPE":"Village","DISTRICT":"YL"}},{"type":"Feature","id":438,"geometry":{"type":"Point","coordinates":[113.98842403331248,22.195760685693056]},"properties":{"OBJECTID":438,"GEO_NAME_ID":"1805","PLACE_CLASS":"Topographic","PLACE_TYPE":"Island","DISTRICT":"ILD"}},{"type":"Feature","id":439,"geometry":{"type":"Point","coordinates":[114.15601641351981,22.448706806510817]},"properties":{"OBJECTID":439,"GEO_NAME_ID":"1806","PLACE_CLASS":"Settlement","PLACE_TYPE":"Village","DISTRICT":"TP"}},{"type":"Feature","id":440,"geometry":{"type":"Point","coordinates":[114.21832836934385,22.384360612005878]},"properties":{"OBJECTID":440,"GEO_NAME_ID":"1807","PLACE_CLASS":"Settlement","PLACE_TYPE":"Village","DISTRICT":"ST"}},{"type":"Feature","id":441,"geometry":{"type":"Point","coordinates":[114.29641177715604,22.363479299084883]},"properties":{"OBJECTID":441,"GEO_NAME_ID":"1808","PLACE_CLASS":"Hydrographic","PLACE_TYPE":"Bay","DISTRICT":"SK"}},{"type":"Feature","id":442,"geometry":{"type":"Point","coordinates":[113.90289916378617,22.212598844682773]},"properties":{"OBJECTID":442,"GEO_NAME_ID":"1809","PLACE_CLASS":"Settlement","PLACE_TYPE":"Village","DISTRICT":"ILD"}},{"type":"Feature","id":443,"geometry":{"type":"Point","coordinates":[113.93029733679981,22.273689627440984]},"properties":{"OBJECTID":443,"GEO_NAME_ID":"1810","PLACE_CLASS":"Settlement","PLACE_TYPE":"Village","DISTRICT":"ILD"}},{"type":"Feature","id":444,"geometry":{"type":"Point","coordinates":[114.17096939589703,22.408621773567056]},"properties":{"OBJECTID":444,"GEO_NAME_ID":"1811","PLACE_CLASS":"Settlement","PLACE_TYPE":"Village","DISTRICT":"ST"}},{"type":"Feature","id":445,"geometry":{"type":"Point","coordinates":[114.14161438621474,22.350849767108986]},"properties":{"OBJECTID":445,"GEO_NAME_ID":"1814","PLACE_CLASS":"Settlement","PLACE_TYPE":"Village","DISTRICT":"KC"}},{"type":"Feature","id":446,"geometry":{"type":"Point","coordinates":[114.1084313901617,22.232357412974032]},"properties":{"OBJECTID":446,"GEO_NAME_ID":"1815","PLACE_CLASS":"Settlement","PLACE_TYPE":"Village","DISTRICT":"ILD"}},{"type":"Feature","id":447,"geometry":{"type":"Point","coordinates":[114.11111880885157,22.231220654283376]},"properties":{"OBJECTID":447,"GEO_NAME_ID":"1816","PLACE_CLASS":"Settlement","PLACE_TYPE":"Village","DISTRICT":"ILD"}},{"type":"Feature","id":448,"geometry":{"type":"Point","coordinates":[114.087462282121,22.381424389832631]},"properties":{"OBJECTID":448,"GEO_NAME_ID":"1817","PLACE_CLASS":"Topographic","PLACE_TYPE":"Hill","DISTRICT":"TW"}},{"type":"Feature","id":449,"geometry":{"type":"Point","coordinates":[114.24118172922574,22.394431188466957]},"properties":{"OBJECTID":449,"GEO_NAME_ID":"1818","PLACE_CLASS":"Settlement","PLACE_TYPE":"Village","DISTRICT":"ST"}},{"type":"Feature","id":450,"geometry":{"type":"Point","coordinates":[114.26053230460778,22.388128067136257]},"properties":{"OBJECTID":450,"GEO_NAME_ID":"1819","PLACE_CLASS":"Settlement","PLACE_TYPE":"Village","DISTRICT":"SK"}},{"type":"Feature","id":451,"geometry":{"type":"Point","coordinates":[114.11033939451451,22.524558872931884]},"properties":{"OBJECTID":451,"GEO_NAME_ID":"1820","PLACE_CLASS":"Settlement","PLACE_TYPE":"Area","DISTRICT":"NTH"}},{"type":"Feature","id":452,"geometry":{"type":"Point","coordinates":[114.30236599552404,22.27957170023894]},"properties":{"OBJECTID":452,"GEO_NAME_ID":"1821","PLACE_CLASS":"Topographic","PLACE_TYPE":"Cape","DISTRICT":"SK"}},{"type":"Feature","id":453,"geometry":{"type":"Point","coordinates":[114.21129959073264,22.390855204328325]},"properties":{"OBJECTID":453,"GEO_NAME_ID":"1822","PLACE_CLASS":"Settlement","PLACE_TYPE":"Area","DISTRICT":"ST"}},{"type":"Feature","id":454,"geometry":{"type":"Point","coordinates":[113.93165448114115,22.268833225807089]},"properties":{"OBJECTID":454,"GEO_NAME_ID":"1823","PLACE_CLASS":"Settlement","PLACE_TYPE":"Village","DISTRICT":"ILD"}},{"type":"Feature","id":455,"geometry":{"type":"Point","coordinates":[113.90940014585782,22.216149666626617]},"properties":{"OBJECTID":455,"GEO_NAME_ID":"1824","PLACE_CLASS":"Topographic","PLACE_TYPE":"Hill","DISTRICT":"ILD"}},{"type":"Feature","id":456,"geometry":{"type":"Point","coordinates":[114.22612110961113,22.370830695159967]},"properties":{"OBJECTID":456,"GEO_NAME_ID":"1825","PLACE_CLASS":"Topographic","PLACE_TYPE":"Pass","DISTRICT":"ST"}},{"type":"Feature","id":457,"geometry":{"type":"Point","coordinates":[114.23549535909657,22.38170032489414]},"properties":{"OBJECTID":457,"GEO_NAME_ID":"1826","PLACE_CLASS":"Topographic","PLACE_TYPE":"Hill","DISTRICT":"ST"}},{"type":"Feature","id":458,"geometry":{"type":"Point","coordinates":[114.24386096608424,22.533679321060802]},"properties":{"OBJECTID":458,"GEO_NAME_ID":"1827","PLACE_CLASS":"Topographic","PLACE_TYPE":"Hill","DISTRICT":"NTH"}},{"type":"Feature","id":459,"geometry":{"type":"Point","coordinates":[114.28915732857065,22.494019807389456]},"properties":{"OBJECTID":459,"GEO_NAME_ID":"1828","PLACE_CLASS":"Topographic","PLACE_TYPE":"Hill","DISTRICT":"TP"}},{"type":"Feature","id":460,"geometry":{"type":"Point","coordinates":[114.2842423705241,22.44671281051107]},"properties":{"OBJECTID":460,"GEO_NAME_ID":"1829","PLACE_CLASS":"Topographic","PLACE_TYPE":"Hill","DISTRICT":"TP"}},{"type":"Feature","id":461,"geometry":{"type":"Point","coordinates":[114.4279583936964,22.465914348458274]},"properties":{"OBJECTID":461,"GEO_NAME_ID":"1830","PLACE_CLASS":"Topographic","PLACE_TYPE":"Island","DISTRICT":"TP"}},{"type":"Feature","id":462,"geometry":{"type":"Point","coordinates":[114.15625598428218,22.536735186691018]},"properties":{"OBJECTID":462,"GEO_NAME_ID":"1831","PLACE_CLASS":"Settlement","PLACE_TYPE":"Area","DISTRICT":"NTH"}},{"type":"Feature","id":463,"geometry":{"type":"Point","coordinates":[114.25336819222281,22.232272504806463]},"properties":{"OBJECTID":463,"GEO_NAME_ID":"1832","PLACE_CLASS":"Settlement","PLACE_TYPE":"Area","DISTRICT":"STH"}},{"type":"Feature","id":464,"geometry":{"type":"Point","coordinates":[114.25522866152944,22.229758929377041]},"properties":{"OBJECTID":464,"GEO_NAME_ID":"1834","PLACE_CLASS":"Settlement","PLACE_TYPE":"Area","DISTRICT":"STH"}},{"type":"Feature","id":465,"geometry":{"type":"Point","coordinates":[114.24332099740018,22.236422007132767]},"properties":{"OBJECTID":465,"GEO_NAME_ID":"1835","PLACE_CLASS":"Topographic","PLACE_TYPE":"Hill","DISTRICT":"STH"}},{"type":"Feature","id":466,"geometry":{"type":"Point","coordinates":[114.25225171705381,22.230439797018562]},"properties":{"OBJECTID":466,"GEO_NAME_ID":"1836","PLACE_CLASS":"Settlement","PLACE_TYPE":"Village","DISTRICT":"STH"}},{"type":"Feature","id":467,"geometry":{"type":"Point","coordinates":[114.15341754399292,22.246033531368905]},"properties":{"OBJECTID":467,"GEO_NAME_ID":"1837","PLACE_CLASS":"Hydrographic","PLACE_TYPE":"Harbour","DISTRICT":"STH"}},{"type":"Feature","id":468,"geometry":{"type":"Point","coordinates":[114.14130369543464,22.197265548513624]},"properties":{"OBJECTID":468,"GEO_NAME_ID":"1838","PLACE_CLASS":"Hydrographic","PLACE_TYPE":"Bay","DISTRICT":"ILD"}},{"type":"Feature","id":469,"geometry":{"type":"Point","coordinates":[114.21168994488816,22.515141132336975]},"properties":{"OBJECTID":469,"GEO_NAME_ID":"1840","PLACE_CLASS":"Settlement","PLACE_TYPE":"Village","DISTRICT":"NTH"}},{"type":"Feature","id":470,"geometry":{"type":"Point","coordinates":[113.89221268584335,22.226379301638588]},"properties":{"OBJECTID":470,"GEO_NAME_ID":"1841","PLACE_CLASS":"Settlement","PLACE_TYPE":"Area","DISTRICT":"ILD"}},{"type":"Feature","id":471,"geometry":{"type":"Point","coordinates":[113.9293863866252,22.267018114733713]},"properties":{"OBJECTID":471,"GEO_NAME_ID":"1842","PLACE_CLASS":"Settlement","PLACE_TYPE":"Village","DISTRICT":"ILD"}},{"type":"Feature","id":472,"geometry":{"type":"Point","coordinates":[113.99632266251491,22.44099456119627]},"properties":{"OBJECTID":472,"GEO_NAME_ID":"1844","PLACE_CLASS":"Settlement","PLACE_TYPE":"Village","DISTRICT":"YL"}},{"type":"Feature","id":473,"geometry":{"type":"Point","coordinates":[114.23958856495885,22.349920321253439]},"properties":{"OBJECTID":473,"GEO_NAME_ID":"1845","PLACE_CLASS":"Settlement","PLACE_TYPE":"Village","DISTRICT":"SK"}},{"type":"Feature","id":474,"geometry":{"type":"Point","coordinates":[114.04062130507577,22.499518934514931]},"properties":{"OBJECTID":474,"GEO_NAME_ID":"1846","PLACE_CLASS":"Topographic","PLACE_TYPE":"Hill","DISTRICT":"YL"}},{"type":"Feature","id":475,"geometry":{"type":"Point","coordinates":[114.26203405616667,22.493900972275888]},"properties":{"OBJECTID":475,"GEO_NAME_ID":"1847","PLACE_CLASS":"Settlement","PLACE_TYPE":"Area","DISTRICT":"NTH"}},{"type":"Feature","id":476,"geometry":{"type":"Point","coordinates":[113.94430257713006,22.265293768389732]},"properties":{"OBJECTID":476,"GEO_NAME_ID":"1848","PLACE_CLASS":"Topographic","PLACE_TYPE":"Hill","DISTRICT":"ILD"}},{"type":"Feature","id":477,"geometry":{"type":"Point","coordinates":[114.04472347860219,22.43700481356186]},"properties":{"OBJECTID":477,"GEO_NAME_ID":"1849","PLACE_CLASS":"Settlement","PLACE_TYPE":"Village","DISTRICT":"YL"}},{"type":"Feature","id":478,"geometry":{"type":"Point","coordinates":[114.13377088108739,22.285367035359027]},"properties":{"OBJECTID":478,"GEO_NAME_ID":"1850","PLACE_CLASS":"Settlement","PLACE_TYPE":"Area","DISTRICT":"CW"}},{"type":"Feature","id":479,"geometry":{"type":"Point","coordinates":[114.17626198066468,22.53847033030047]},"properties":{"OBJECTID":479,"GEO_NAME_ID":"1851","PLACE_CLASS":"Settlement","PLACE_TYPE":"Area","DISTRICT":"NTH"}},{"type":"Feature","id":480,"geometry":{"type":"Point","coordinates":[114.10242725488584,22.506160545010033]},"properties":{"OBJECTID":480,"GEO_NAME_ID":"1852","PLACE_CLASS":"Settlement","PLACE_TYPE":"Village","DISTRICT":"NTH"}},{"type":"Feature","id":481,"geometry":{"type":"Point","coordinates":[113.85566993156243,22.254071264175806]},"properties":{"OBJECTID":481,"GEO_NAME_ID":"1853","PLACE_CLASS":"Settlement","PLACE_TYPE":"Village","DISTRICT":"ILD"}},{"type":"Feature","id":482,"geometry":{"type":"Point","coordinates":[114.32656585425089,22.506406155383917]},"properties":{"OBJECTID":482,"GEO_NAME_ID":"1854","PLACE_CLASS":"Hydrographic","PLACE_TYPE":"Bay","DISTRICT":"NTH"}},{"type":"Feature","id":483,"geometry":{"type":"Point","coordinates":[114.05661001738025,22.350745763206533]},"properties":{"OBJECTID":483,"GEO_NAME_ID":"1855","PLACE_CLASS":"Hydrographic","PLACE_TYPE":"Bay","DISTRICT":"TW"}},{"type":"Feature","id":484,"geometry":{"type":"Point","coordinates":[114.34581451757126,22.350160398483709]},"properties":{"OBJECTID":484,"GEO_NAME_ID":"1856","PLACE_CLASS":"Hydrographic","PLACE_TYPE":"Bay","DISTRICT":"SK"}},{"type":"Feature","id":485,"geometry":{"type":"Point","coordinates":[114.30645015500622,22.436013492736457]},"properties":{"OBJECTID":485,"GEO_NAME_ID":"1857","PLACE_CLASS":"Topographic","PLACE_TYPE":"Hill","DISTRICT":"TP"}},{"type":"Feature","id":486,"geometry":{"type":"Point","coordinates":[114.08802453970863,22.352283167329006]},"properties":{"OBJECTID":486,"GEO_NAME_ID":"1859","PLACE_CLASS":"Settlement","PLACE_TYPE":"Area","DISTRICT":"KC"}},{"type":"Feature","id":487,"geometry":{"type":"Point","coordinates":[114.12829981476517,22.504093430807348]},"properties":{"OBJECTID":487,"GEO_NAME_ID":"1860","PLACE_CLASS":"Settlement","PLACE_TYPE":"Area","DISTRICT":"NTH"}},{"type":"Feature","id":488,"geometry":{"type":"Point","coordinates":[114.13558880279402,22.504483768905452]},"properties":{"OBJECTID":488,"GEO_NAME_ID":"1861","PLACE_CLASS":"Settlement","PLACE_TYPE":"Village","DISTRICT":"NTH"}},{"type":"Feature","id":489,"geometry":{"type":"Point","coordinates":[114.07197110768196,22.427115442531584]},"properties":{"OBJECTID":489,"GEO_NAME_ID":"1862","PLACE_CLASS":"Settlement","PLACE_TYPE":"Village","DISTRICT":"YL"}},{"type":"Feature","id":490,"geometry":{"type":"Point","coordinates":[114.07199823051518,22.491956881773451]},"properties":{"OBJECTID":490,"GEO_NAME_ID":"1863","PLACE_CLASS":"Settlement","PLACE_TYPE":"Village","DISTRICT":"YL"}},{"type":"Feature","id":491,"geometry":{"type":"Point","coordinates":[114.07202149531362,22.48687278503786]},"properties":{"OBJECTID":491,"GEO_NAME_ID":"1864","PLACE_CLASS":"Settlement","PLACE_TYPE":"Village","DISTRICT":"YL"}},{"type":"Feature","id":492,"geometry":{"type":"Point","coordinates":[114.29676907333271,22.327176215824657]},"properties":{"OBJECTID":492,"GEO_NAME_ID":"1866","PLACE_CLASS":"Topographic","PLACE_TYPE":"Island","DISTRICT":"SK"}},{"type":"Feature","id":493,"geometry":{"type":"Point","coordinates":[114.09666961696922,22.450829683318361]},"properties":{"OBJECTID":493,"GEO_NAME_ID":"1867","PLACE_CLASS":"Settlement","PLACE_TYPE":"Village","DISTRICT":"YL"}},{"type":"Feature","id":494,"geometry":{"type":"Point","coordinates":[114.00651579440598,22.446694805068383]},"properties":{"OBJECTID":494,"GEO_NAME_ID":"1868","PLACE_CLASS":"Settlement","PLACE_TYPE":"Village","DISTRICT":"YL"}},{"type":"Feature","id":495,"geometry":{"type":"Point","coordinates":[114.05899022573942,22.475368084679673]},"properties":{"OBJECTID":495,"GEO_NAME_ID":"1869","PLACE_CLASS":"Settlement","PLACE_TYPE":"Village","DISTRICT":"YL"}},{"type":"Feature","id":496,"geometry":{"type":"Point","coordinates":[114.09202115256741,22.389590428211989]},"properties":{"OBJECTID":496,"GEO_NAME_ID":"1870","PLACE_CLASS":"Settlement","PLACE_TYPE":"Village","DISTRICT":"TW"}},{"type":"Feature","id":497,"geometry":{"type":"Point","coordinates":[114.17395195606335,22.363550527204094]},"properties":{"OBJECTID":497,"GEO_NAME_ID":"1871","PLACE_CLASS":"Settlement","PLACE_TYPE":"Village","DISTRICT":"ST"}},{"type":"Feature","id":498,"geometry":{"type":"Point","coordinates":[114.10284080414044,22.351751896416989]},"properties":{"OBJECTID":498,"GEO_NAME_ID":"1872","PLACE_CLASS":"Settlement","PLACE_TYPE":"Area","DISTRICT":"KC"}},{"type":"Feature","id":499,"geometry":{"type":"Point","coordinates":[113.90918475127101,22.186519739156328]},"properties":{"OBJECTID":499,"GEO_NAME_ID":"1873","PLACE_CLASS":"Topographic","PLACE_TYPE":"Cape","DISTRICT":"ILD"}},{"type":"Feature","id":500,"geometry":{"type":"Point","coordinates":[114.25826385225889,22.544382666437127]},"properties":{"OBJECTID":500,"GEO_NAME_ID":"1874","PLACE_CLASS":"Topographic","PLACE_TYPE":"Cape","DISTRICT":"NTH"}},{"type":"Feature","id":501,"geometry":{"type":"Point","coordinates":[114.13499430601296,22.375225721745156]},"properties":{"OBJECTID":501,"GEO_NAME_ID":"1875","PLACE_CLASS":"Settlement","PLACE_TYPE":"Area","DISTRICT":"TW"}},{"type":"Feature","id":502,"geometry":{"type":"Point","coordinates":[113.93759567073343,22.278297110109875]},"properties":{"OBJECTID":502,"GEO_NAME_ID":"1876","PLACE_CLASS":"Settlement","PLACE_TYPE":"Village","DISTRICT":"ILD"}},{"type":"Feature","id":503,"geometry":{"type":"Point","coordinates":[114.13696773106909,22.440593877909414]},"properties":{"OBJECTID":503,"GEO_NAME_ID":"1877","PLACE_CLASS":"Settlement","PLACE_TYPE":"Area","DISTRICT":"TP"}},{"type":"Feature","id":504,"geometry":{"type":"Point","coordinates":[114.25979407797384,22.502119795033959]},"properties":{"OBJECTID":504,"GEO_NAME_ID":"1878","PLACE_CLASS":"Settlement","PLACE_TYPE":"Village","DISTRICT":"NTH"}},{"type":"Feature","id":505,"geometry":{"type":"Point","coordinates":[114.26278686384126,22.548353661022634]},"properties":{"OBJECTID":505,"GEO_NAME_ID":"1879","PLACE_CLASS":"Topographic","PLACE_TYPE":"Reef","DISTRICT":"NTH"}},{"type":"Feature","id":506,"geometry":{"type":"Point","coordinates":[113.95641362429845,22.448684065851133]},"properties":{"OBJECTID":506,"GEO_NAME_ID":"1880","PLACE_CLASS":"Settlement","PLACE_TYPE":"Village","DISTRICT":"YL"}},{"type":"Feature","id":507,"geometry":{"type":"Point","coordinates":[114.12596487029396,22.510739071767215]},"properties":{"OBJECTID":507,"GEO_NAME_ID":"1881","PLACE_CLASS":"Settlement","PLACE_TYPE":"Village","DISTRICT":"NTH"}},{"type":"Feature","id":508,"geometry":{"type":"Point","coordinates":[114.15087313135095,22.522665107836218]},"properties":{"OBJECTID":508,"GEO_NAME_ID":"1882","PLACE_CLASS":"Settlement","PLACE_TYPE":"Village","DISTRICT":"NTH"}},{"type":"Feature","id":509,"geometry":{"type":"Point","coordinates":[114.12701682593492,22.504391041840844]},"properties":{"OBJECTID":509,"GEO_NAME_ID":"1883","PLACE_CLASS":"Settlement","PLACE_TYPE":"Town","DISTRICT":"NTH"}},{"type":"Feature","id":510,"geometry":{"type":"Point","coordinates":[114.13325274164964,22.515780159229919]},"properties":{"OBJECTID":510,"GEO_NAME_ID":"1884","PLACE_CLASS":"Settlement","PLACE_TYPE":"Village","DISTRICT":"NTH"}},{"type":"Feature","id":511,"geometry":{"type":"Point","coordinates":[114.25860336606158,22.210713683946651]},"properties":{"OBJECTID":511,"GEO_NAME_ID":"1885","PLACE_CLASS":"Topographic","PLACE_TYPE":"Cape","DISTRICT":"STH"}},{"type":"Feature","id":512,"geometry":{"type":"Point","coordinates":[114.29156822687031,22.305669126505602]},"properties":{"OBJECTID":512,"GEO_NAME_ID":"1886","PLACE_CLASS":"Settlement","PLACE_TYPE":"Village","DISTRICT":"SK"}},{"type":"Feature","id":513,"geometry":{"type":"Point","coordinates":[114.21806633346976,22.549057643698756]},"properties":{"OBJECTID":513,"GEO_NAME_ID":"1887","PLACE_CLASS":"Settlement","PLACE_TYPE":"Village","DISTRICT":"NTH"}},{"type":"Feature","id":514,"geometry":{"type":"Point","coordinates":[114.14016264256573,22.44484797998286]},"properties":{"OBJECTID":514,"GEO_NAME_ID":"1888","PLACE_CLASS":"Settlement","PLACE_TYPE":"Village","DISTRICT":"TP"}},{"type":"Feature","id":515,"geometry":{"type":"Point","coordinates":[114.07999847684019,22.390568002236641]},"properties":{"OBJECTID":515,"GEO_NAME_ID":"1889","PLACE_CLASS":"Settlement","PLACE_TYPE":"Village","DISTRICT":"TW"}},{"type":"Feature","id":516,"geometry":{"type":"Point","coordinates":[114.21659545023942,22.505062091207147]},"properties":{"OBJECTID":516,"GEO_NAME_ID":"1890","PLACE_CLASS":"Settlement","PLACE_TYPE":"Village","DISTRICT":"NTH"}},{"type":"Feature","id":517,"geometry":{"type":"Point","coordinates":[114.09927851025631,22.432648232885647]},"properties":{"OBJECTID":517,"GEO_NAME_ID":"1891","PLACE_CLASS":"Settlement","PLACE_TYPE":"Village","DISTRICT":"YL"}},{"type":"Feature","id":518,"geometry":{"type":"Point","coordinates":[113.91055034625332,22.161651473126973]},"properties":{"OBJECTID":518,"GEO_NAME_ID":"1892","PLACE_CLASS":"Settlement","PLACE_TYPE":"Village","DISTRICT":"ILD"}},{"type":"Feature","id":519,"geometry":{"type":"Point","coordinates":[114.10112630232999,22.432092417786517]},"properties":{"OBJECTID":519,"GEO_NAME_ID":"1893","PLACE_CLASS":"Settlement","PLACE_TYPE":"Village","DISTRICT":"YL"}},{"type":"Feature","id":520,"geometry":{"type":"Point","coordinates":[113.96771927148733,22.261704322024983]},"properties":{"OBJECTID":520,"GEO_NAME_ID":"1894","PLACE_CLASS":"Topographic","PLACE_TYPE":"Pass","DISTRICT":"ILD"}},{"type":"Feature","id":521,"geometry":{"type":"Point","coordinates":[114.36212060943346,22.472062799339461]},"properties":{"OBJECTID":521,"GEO_NAME_ID":"1895","PLACE_CLASS":"Settlement","PLACE_TYPE":"Village","DISTRICT":"TP"}},{"type":"Feature","id":522,"geometry":{"type":"Point","coordinates":[114.15207189470043,22.285406980262554]},"properties":{"OBJECTID":522,"GEO_NAME_ID":"1896","PLACE_CLASS":"Settlement","PLACE_TYPE":"Area","DISTRICT":"CW"}},{"type":"Feature","id":523,"geometry":{"type":"Point","coordinates":[114.18958319175528,22.387169010393212]},"properties":{"OBJECTID":523,"GEO_NAME_ID":"1897","PLACE_CLASS":"Settlement","PLACE_TYPE":"Village","DISTRICT":"ST"}},{"type":"Feature","id":524,"geometry":{"type":"Point","coordinates":[114.19507057725296,22.523623389840875]},"properties":{"OBJECTID":524,"GEO_NAME_ID":"1898","PLACE_CLASS":"Settlement","PLACE_TYPE":"Village","DISTRICT":"NTH"}},{"type":"Feature","id":525,"geometry":{"type":"Point","coordinates":[114.17407668970422,22.438747532815341]},"properties":{"OBJECTID":525,"GEO_NAME_ID":"1899","PLACE_CLASS":"Settlement","PLACE_TYPE":"Village","DISTRICT":"TP"}},{"type":"Feature","id":526,"geometry":{"type":"Point","coordinates":[114.16322610998785,22.436317788130051]},"properties":{"OBJECTID":526,"GEO_NAME_ID":"1900","PLACE_CLASS":"Settlement","PLACE_TYPE":"Village","DISTRICT":"TP"}},{"type":"Feature","id":527,"geometry":{"type":"Point","coordinates":[114.03545395836339,22.439236513128414]},"properties":{"OBJECTID":527,"GEO_NAME_ID":"1901","PLACE_CLASS":"Settlement","PLACE_TYPE":"Village","DISTRICT":"YL"}},{"type":"Feature","id":528,"geometry":{"type":"Point","coordinates":[114.28537090425793,22.311073687567628]},"properties":{"OBJECTID":528,"GEO_NAME_ID":"1902","PLACE_CLASS":"Settlement","PLACE_TYPE":"Village","DISTRICT":"SK"}},{"type":"Feature","id":529,"geometry":{"type":"Point","coordinates":[114.28146799018042,22.309261103046449]},"properties":{"OBJECTID":529,"GEO_NAME_ID":"1903","PLACE_CLASS":"Topographic","PLACE_TYPE":"Hill","DISTRICT":"SK"}},{"type":"Feature","id":530,"geometry":{"type":"Point","coordinates":[114.32109230633375,22.3919775379198]},"properties":{"OBJECTID":530,"GEO_NAME_ID":"1904","PLACE_CLASS":"Settlement","PLACE_TYPE":"Village","DISTRICT":"SK"}},{"type":"Feature","id":531,"geometry":{"type":"Point","coordinates":[114.0188837640367,22.462907952612085]},"properties":{"OBJECTID":531,"GEO_NAME_ID":"1907","PLACE_CLASS":"Settlement","PLACE_TYPE":"Village","DISTRICT":"YL"}},{"type":"Feature","id":532,"geometry":{"type":"Point","coordinates":[114.18197706776247,22.247570349662499]},"properties":{"OBJECTID":532,"GEO_NAME_ID":"1908","PLACE_CLASS":"Topographic","PLACE_TYPE":"Hill","DISTRICT":"STH"}},{"type":"Feature","id":533,"geometry":{"type":"Point","coordinates":[114.18210331255688,22.251083277062456]},"properties":{"OBJECTID":533,"GEO_NAME_ID":"1909","PLACE_CLASS":"Settlement","PLACE_TYPE":"Area","DISTRICT":"STH"}},{"type":"Feature","id":534,"geometry":{"type":"Point","coordinates":[114.06033442352675,22.369994523994514]},"properties":{"OBJECTID":534,"GEO_NAME_ID":"1910","PLACE_CLASS":"Settlement","PLACE_TYPE":"Village","DISTRICT":"TW"}},{"type":"Feature","id":535,"geometry":{"type":"Point","coordinates":[114.36696226792837,22.266784777652976]},"properties":{"OBJECTID":535,"GEO_NAME_ID":"1911","PLACE_CLASS":"Topographic","PLACE_TYPE":"Island","DISTRICT":"SK"}},{"type":"Feature","id":536,"geometry":{"type":"Point","coordinates":[114.20712094988869,22.466829401691761]},"properties":{"OBJECTID":536,"GEO_NAME_ID":"1912","PLACE_CLASS":"Settlement","PLACE_TYPE":"Area","DISTRICT":"TP"}},{"type":"Feature","id":537,"geometry":{"type":"Point","coordinates":[114.20783889444823,22.462088288379327]},"properties":{"OBJECTID":537,"GEO_NAME_ID":"1913","PLACE_CLASS":"Settlement","PLACE_TYPE":"Village","DISTRICT":"TP"}},{"type":"Feature","id":538,"geometry":{"type":"Point","coordinates":[114.20828636667298,22.464490297105652]},"properties":{"OBJECTID":538,"GEO_NAME_ID":"1914","PLACE_CLASS":"Settlement","PLACE_TYPE":"Village","DISTRICT":"TP"}},{"type":"Feature","id":539,"geometry":{"type":"Point","coordinates":[114.20723669734011,22.462946294236566]},"properties":{"OBJECTID":539,"GEO_NAME_ID":"1915","PLACE_CLASS":"Settlement","PLACE_TYPE":"Village","DISTRICT":"TP"}},{"type":"Feature","id":540,"geometry":{"type":"Point","coordinates":[114.25879894636304,22.545068700361544]},"properties":{"OBJECTID":540,"GEO_NAME_ID":"1916","PLACE_CLASS":"Topographic","PLACE_TYPE":"Cape","DISTRICT":"NTH"}},{"type":"Feature","id":541,"geometry":{"type":"Point","coordinates":[114.22715006784777,22.531698734231721]},"properties":{"OBJECTID":541,"GEO_NAME_ID":"1917","PLACE_CLASS":"Topographic","PLACE_TYPE":"Reef","DISTRICT":"NTH"}},{"type":"Feature","id":542,"geometry":{"type":"Point","coordinates":[114.02343324598075,22.203274845111657]},"properties":{"OBJECTID":542,"GEO_NAME_ID":"1918","PLACE_CLASS":"Settlement","PLACE_TYPE":"Area","DISTRICT":"ILD"}},{"type":"Feature","id":543,"geometry":{"type":"Point","coordinates":[114.15468155689975,22.53429678218119]},"properties":{"OBJECTID":543,"GEO_NAME_ID":"1919","PLACE_CLASS":"Settlement","PLACE_TYPE":"Village","DISTRICT":"NTH"}},{"type":"Feature","id":544,"geometry":{"type":"Point","coordinates":[114.244376517555,22.353801533665798]},"properties":{"OBJECTID":544,"GEO_NAME_ID":"1920","PLACE_CLASS":"Settlement","PLACE_TYPE":"Village","DISTRICT":"SK"}},{"type":"Feature","id":545,"geometry":{"type":"Point","coordinates":[113.91450038541531,22.222073034744898]},"properties":{"OBJECTID":545,"GEO_NAME_ID":"1921","PLACE_CLASS":"Settlement","PLACE_TYPE":"Village","DISTRICT":"ILD"}},{"type":"Feature","id":546,"geometry":{"type":"Point","coordinates":[113.92035357454452,22.219553787951373]},"properties":{"OBJECTID":546,"GEO_NAME_ID":"1922","PLACE_CLASS":"Hydrographic","PLACE_TYPE":"Bay","DISTRICT":"ILD"}},{"type":"Feature","id":547,"geometry":{"type":"Point","coordinates":[114.09961911508319,22.452446342287676]},"properties":{"OBJECTID":547,"GEO_NAME_ID":"1923","PLACE_CLASS":"Settlement","PLACE_TYPE":"Village","DISTRICT":"YL"}},{"type":"Feature","id":548,"geometry":{"type":"Point","coordinates":[114.35563898344077,22.380501403778613]},"properties":{"OBJECTID":548,"GEO_NAME_ID":"1924","PLACE_CLASS":"Topographic","PLACE_TYPE":"Hill","DISTRICT":"SK"}},{"type":"Feature","id":549,"geometry":{"type":"Point","coordinates":[114.08383661288055,22.43083718341509]},"properties":{"OBJECTID":549,"GEO_NAME_ID":"1925","PLACE_CLASS":"Settlement","PLACE_TYPE":"Village","DISTRICT":"YL"}},{"type":"Feature","id":550,"geometry":{"type":"Point","coordinates":[113.85556365883252,22.232605376124923]},"properties":{"OBJECTID":550,"GEO_NAME_ID":"1926","PLACE_CLASS":"Settlement","PLACE_TYPE":"Area","DISTRICT":"ILD"}},{"type":"Feature","id":551,"geometry":{"type":"Point","coordinates":[114.27688685362241,22.404066640472731]},"properties":{"OBJECTID":551,"GEO_NAME_ID":"1927","PLACE_CLASS":"Settlement","PLACE_TYPE":"Village","DISTRICT":"TP"}},{"type":"Feature","id":552,"geometry":{"type":"Point","coordinates":[114.06219100667487,22.446933588649323]},"properties":{"OBJECTID":552,"GEO_NAME_ID":"1928","PLACE_CLASS":"Settlement","PLACE_TYPE":"Village","DISTRICT":"YL"}},{"type":"Feature","id":553,"geometry":{"type":"Point","coordinates":[114.22517751693863,22.449938082887687]},"properties":{"OBJECTID":553,"GEO_NAME_ID":"1929","PLACE_CLASS":"Settlement","PLACE_TYPE":"Village","DISTRICT":"TP"}},{"type":"Feature","id":554,"geometry":{"type":"Point","coordinates":[114.17248043208603,22.538379968651011]},"properties":{"OBJECTID":554,"GEO_NAME_ID":"1930","PLACE_CLASS":"Settlement","PLACE_TYPE":"Area","DISTRICT":"NTH"}},{"type":"Feature","id":555,"geometry":{"type":"Point","coordinates":[113.98660787122901,22.212194422583366]},"properties":{"OBJECTID":555,"GEO_NAME_ID":"1931","PLACE_CLASS":"Topographic","PLACE_TYPE":"Reef","DISTRICT":"ILD"}},{"type":"Feature","id":556,"geometry":{"type":"Point","coordinates":[114.02037230838425,22.443801032631907]},"properties":{"OBJECTID":556,"GEO_NAME_ID":"1932","PLACE_CLASS":"Settlement","PLACE_TYPE":"Village","DISTRICT":"YL"}},{"type":"Feature","id":557,"geometry":{"type":"Point","coordinates":[114.01857395631795,22.444819718266249]},"properties":{"OBJECTID":557,"GEO_NAME_ID":"1933","PLACE_CLASS":"Settlement","PLACE_TYPE":"Village","DISTRICT":"YL"}},{"type":"Feature","id":558,"geometry":{"type":"Point","coordinates":[114.06132534066595,22.44526680112298]},"properties":{"OBJECTID":558,"GEO_NAME_ID":"1935","PLACE_CLASS":"Settlement","PLACE_TYPE":"Village","DISTRICT":"YL"}},{"type":"Feature","id":559,"geometry":{"type":"Point","coordinates":[114.02098906625309,22.448253630823075]},"properties":{"OBJECTID":559,"GEO_NAME_ID":"1936","PLACE_CLASS":"Settlement","PLACE_TYPE":"Village","DISTRICT":"YL"}},{"type":"Feature","id":560,"geometry":{"type":"Point","coordinates":[114.08299476379592,22.426014428558002]},"properties":{"OBJECTID":560,"GEO_NAME_ID":"1937","PLACE_CLASS":"Settlement","PLACE_TYPE":"Village","DISTRICT":"YL"}},{"type":"Feature","id":561,"geometry":{"type":"Point","coordinates":[114.00471572182271,22.251371526158277]},"properties":{"OBJECTID":561,"GEO_NAME_ID":"1938","PLACE_CLASS":"Settlement","PLACE_TYPE":"Village","DISTRICT":"ILD"}},{"type":"Feature","id":562,"geometry":{"type":"Point","coordinates":[114.03192148635138,22.426491420374692]},"properties":{"OBJECTID":562,"GEO_NAME_ID":"1939","PLACE_CLASS":"Settlement","PLACE_TYPE":"Village","DISTRICT":"YL"}},{"type":"Feature","id":563,"geometry":{"type":"Point","coordinates":[114.02824170718746,22.424998052352532]},"properties":{"OBJECTID":563,"GEO_NAME_ID":"1940","PLACE_CLASS":"Settlement","PLACE_TYPE":"Village","DISTRICT":"YL"}},{"type":"Feature","id":564,"geometry":{"type":"Point","coordinates":[114.12698965150857,22.444555475219477]},"properties":{"OBJECTID":564,"GEO_NAME_ID":"1941","PLACE_CLASS":"Settlement","PLACE_TYPE":"Village","DISTRICT":"TP"}},{"type":"Feature","id":565,"geometry":{"type":"Point","coordinates":[114.22382005586984,22.486592986362037]},"properties":{"OBJECTID":565,"GEO_NAME_ID":"1946","PLACE_CLASS":"Topographic","PLACE_TYPE":"Hill","DISTRICT":"TP"}},{"type":"Feature","id":566,"geometry":{"type":"Point","coordinates":[114.02992356566608,22.432838022080812]},"properties":{"OBJECTID":566,"GEO_NAME_ID":"1947","PLACE_CLASS":"Settlement","PLACE_TYPE":"Village","DISTRICT":"YL"}},{"type":"Feature","id":567,"geometry":{"type":"Point","coordinates":[114.14842898568581,22.496630104398179]},"properties":{"OBJECTID":567,"GEO_NAME_ID":"1948","PLACE_CLASS":"Settlement","PLACE_TYPE":"Village","DISTRICT":"NTH"}},{"type":"Feature","id":568,"geometry":{"type":"Point","coordinates":[113.99229804162796,22.450508073716623]},"properties":{"OBJECTID":568,"GEO_NAME_ID":"1949","PLACE_CLASS":"Settlement","PLACE_TYPE":"Village","DISTRICT":"YL"}},{"type":"Feature","id":569,"geometry":{"type":"Point","coordinates":[113.99160094736472,22.448710222524543]},"properties":{"OBJECTID":569,"GEO_NAME_ID":"1950","PLACE_CLASS":"Settlement","PLACE_TYPE":"Village","DISTRICT":"YL"}},{"type":"Feature","id":570,"geometry":{"type":"Point","coordinates":[114.00982352262398,22.263559181118147]},"properties":{"OBJECTID":570,"GEO_NAME_ID":"1951","PLACE_CLASS":"Hydrographic","PLACE_TYPE":"Bay","DISTRICT":"ILD"}},{"type":"Feature","id":571,"geometry":{"type":"Point","coordinates":[114.27269413922131,22.323038174672522]},"properties":{"OBJECTID":571,"GEO_NAME_ID":"1952","PLACE_CLASS":"Hydrographic","PLACE_TYPE":"Bay","DISTRICT":"SK"}},{"type":"Feature","id":572,"geometry":{"type":"Point","coordinates":[114.03012211751079,22.215210556996396]},"properties":{"OBJECTID":572,"GEO_NAME_ID":"1953","PLACE_CLASS":"Topographic","PLACE_TYPE":"Cave","DISTRICT":"ILD"}},{"type":"Feature","id":573,"geometry":{"type":"Point","coordinates":[114.02685146209278,22.201647446217866]},"properties":{"OBJECTID":573,"GEO_NAME_ID":"1954","PLACE_CLASS":"Settlement","PLACE_TYPE":"Area","DISTRICT":"ILD"}},{"type":"Feature","id":574,"geometry":{"type":"Point","coordinates":[114.15463328592051,22.53221076335716]},"properties":{"OBJECTID":574,"GEO_NAME_ID":"1955","PLACE_CLASS":"Settlement","PLACE_TYPE":"Village","DISTRICT":"NTH"}},{"type":"Feature","id":575,"geometry":{"type":"Point","coordinates":[113.91169334739061,22.182875449261189]},"properties":{"OBJECTID":575,"GEO_NAME_ID":"1956","PLACE_CLASS":"Topographic","PLACE_TYPE":"Island","DISTRICT":"ILD"}},{"type":"Feature","id":576,"geometry":{"type":"Point","coordinates":[113.90828614965679,22.184838555768103]},"properties":{"OBJECTID":576,"GEO_NAME_ID":"1957","PLACE_CLASS":"Topographic","PLACE_TYPE":"Hill","DISTRICT":"ILD"}},{"type":"Feature","id":577,"geometry":{"type":"Point","coordinates":[113.90953250597478,22.182095280711145]},"properties":{"OBJECTID":577,"GEO_NAME_ID":"1958","PLACE_CLASS":"Settlement","PLACE_TYPE":"Village","DISTRICT":"ILD"}},{"type":"Feature","id":578,"geometry":{"type":"Point","coordinates":[113.91159977224251,22.181069161785391]},"properties":{"OBJECTID":578,"GEO_NAME_ID":"1959","PLACE_CLASS":"Hydrographic","PLACE_TYPE":"Bay","DISTRICT":"ILD"}},{"type":"Feature","id":579,"geometry":{"type":"Point","coordinates":[114.27490914005422,22.299909498182146]},"properties":{"OBJECTID":579,"GEO_NAME_ID":"1960","PLACE_CLASS":"Settlement","PLACE_TYPE":"Area","DISTRICT":"SK"}},{"type":"Feature","id":580,"geometry":{"type":"Point","coordinates":[114.29239155456399,22.303726963500335]},"properties":{"OBJECTID":580,"GEO_NAME_ID":"1961","PLACE_CLASS":"Settlement","PLACE_TYPE":"Village","DISTRICT":"SK"}},{"type":"Feature","id":581,"geometry":{"type":"Point","coordinates":[114.14576322781853,22.509823010284986]},"properties":{"OBJECTID":581,"GEO_NAME_ID":"1962","PLACE_CLASS":"Settlement","PLACE_TYPE":"Village","DISTRICT":"NTH"}},{"type":"Feature","id":582,"geometry":{"type":"Point","coordinates":[114.14718222231186,22.509868429757521]},"properties":{"OBJECTID":582,"GEO_NAME_ID":"1963","PLACE_CLASS":"Settlement","PLACE_TYPE":"Village","DISTRICT":"NTH"}},{"type":"Feature","id":583,"geometry":{"type":"Point","coordinates":[113.97134720267019,22.414478448631417]},"properties":{"OBJECTID":583,"GEO_NAME_ID":"1964","PLACE_CLASS":"Settlement","PLACE_TYPE":"Village","DISTRICT":"TM"}},{"type":"Feature","id":584,"geometry":{"type":"Point","coordinates":[113.99921243629326,22.310103734107038]},"properties":{"OBJECTID":584,"GEO_NAME_ID":"1966","PLACE_CLASS":"Settlement","PLACE_TYPE":"Village","DISTRICT":"ILD"}},{"type":"Feature","id":585,"geometry":{"type":"Point","coordinates":[114.07801712587761,22.487048149880017]},"properties":{"OBJECTID":585,"GEO_NAME_ID":"1968","PLACE_CLASS":"Settlement","PLACE_TYPE":"Village","DISTRICT":"YL"}},{"type":"Feature","id":586,"geometry":{"type":"Point","coordinates":[114.28860939527061,22.489387597808914]},"properties":{"OBJECTID":586,"GEO_NAME_ID":"1969","PLACE_CLASS":"Settlement","PLACE_TYPE":"Area","DISTRICT":"TP"}},{"type":"Feature","id":587,"geometry":{"type":"Point","coordinates":[114.05918613803118,22.288707570335191]},"properties":{"OBJECTID":587,"GEO_NAME_ID":"1970","PLACE_CLASS":"Topographic","PLACE_TYPE":"Island","DISTRICT":"ILD"}},{"type":"Feature","id":588,"geometry":{"type":"Point","coordinates":[114.00907298434355,22.367383697714569]},"properties":{"OBJECTID":588,"GEO_NAME_ID":"1971","PLACE_CLASS":"Settlement","PLACE_TYPE":"Area","DISTRICT":"TM"}},{"type":"Feature","id":589,"geometry":{"type":"Point","coordinates":[114.01258187981135,22.368867478651108]},"properties":{"OBJECTID":589,"GEO_NAME_ID":"1972","PLACE_CLASS":"Settlement","PLACE_TYPE":"Village","DISTRICT":"TM"}},{"type":"Feature","id":590,"geometry":{"type":"Point","coordinates":[113.99908140163068,22.364735303213529]},"properties":{"OBJECTID":590,"GEO_NAME_ID":"1973","PLACE_CLASS":"Settlement","PLACE_TYPE":"Village","DISTRICT":"TM"}},{"type":"Feature","id":591,"geometry":{"type":"Point","coordinates":[113.93388564630285,22.369996634801026]},"properties":{"OBJECTID":591,"GEO_NAME_ID":"1974","PLACE_CLASS":"Settlement","PLACE_TYPE":"Area","DISTRICT":"TM"}},{"type":"Feature","id":592,"geometry":{"type":"Point","coordinates":[114.21256941194142,22.381815379253112]},"properties":{"OBJECTID":592,"GEO_NAME_ID":"1975","PLACE_CLASS":"Settlement","PLACE_TYPE":"Village","DISTRICT":"ST"}},{"type":"Feature","id":593,"geometry":{"type":"Point","coordinates":[114.2069718428482,22.270776433211083]},"properties":{"OBJECTID":593,"GEO_NAME_ID":"1977","PLACE_CLASS":"Topographic","PLACE_TYPE":"Hill","DISTRICT":"WC"}},{"type":"Feature","id":594,"geometry":{"type":"Point","coordinates":[114.26739828282754,22.538417760076317]},"properties":{"OBJECTID":594,"GEO_NAME_ID":"1978","PLACE_CLASS":"Topographic","PLACE_TYPE":"Island","DISTRICT":"NTH"}},{"type":"Feature","id":595,"geometry":{"type":"Point","coordinates":[114.13926099257471,22.438111051558529]},"properties":{"OBJECTID":595,"GEO_NAME_ID":"1979","PLACE_CLASS":"Settlement","PLACE_TYPE":"Village","DISTRICT":"TP"}},{"type":"Feature","id":596,"geometry":{"type":"Point","coordinates":[114.24856423995482,22.265507552178843]},"properties":{"OBJECTID":596,"GEO_NAME_ID":"1981","PLACE_CLASS":"Settlement","PLACE_TYPE":"Area","DISTRICT":"EST"}},{"type":"Feature","id":597,"geometry":{"type":"Point","coordinates":[113.99821148976066,22.369285722493679]},"properties":{"OBJECTID":597,"GEO_NAME_ID":"1983","PLACE_CLASS":"Settlement","PLACE_TYPE":"Area","DISTRICT":"TM"}},{"type":"Feature","id":598,"geometry":{"type":"Point","coordinates":[114.00095866465497,22.369749286759419]},"properties":{"OBJECTID":598,"GEO_NAME_ID":"1984","PLACE_CLASS":"Settlement","PLACE_TYPE":"Village","DISTRICT":"TM"}},{"type":"Feature","id":599,"geometry":{"type":"Point","coordinates":[114.2648600424332,22.521487257138418]},"properties":{"OBJECTID":599,"GEO_NAME_ID":"1986","PLACE_CLASS":"Settlement","PLACE_TYPE":"Village","DISTRICT":"NTH"}},{"type":"Feature","id":600,"geometry":{"type":"Point","coordinates":[114.23765835404475,22.331453547242845]},"properties":{"OBJECTID":600,"GEO_NAME_ID":"1987","PLACE_CLASS":"Settlement","PLACE_TYPE":"Village","DISTRICT":"SK"}},{"type":"Feature","id":601,"geometry":{"type":"Point","coordinates":[114.28792671830887,22.376489302301266]},"properties":{"OBJECTID":601,"GEO_NAME_ID":"1988","PLACE_CLASS":"Topographic","PLACE_TYPE":"Island","DISTRICT":"SK"}},{"type":"Feature","id":602,"geometry":{"type":"Point","coordinates":[114.04103216506466,22.446935234739843]},"properties":{"OBJECTID":602,"GEO_NAME_ID":"1989","PLACE_CLASS":"Settlement","PLACE_TYPE":"Village","DISTRICT":"YL"}},{"type":"Feature","id":603,"geometry":{"type":"Point","coordinates":[114.15082380512941,22.370294277591341]},"properties":{"OBJECTID":603,"GEO_NAME_ID":"1990","PLACE_CLASS":"Topographic","PLACE_TYPE":"Pass","DISTRICT":"ST"}},{"type":"Feature","id":604,"geometry":{"type":"Point","coordinates":[114.14815349133593,22.371287185456115]},"properties":{"OBJECTID":604,"GEO_NAME_ID":"1991","PLACE_CLASS":"Topographic","PLACE_TYPE":"Hill","DISTRICT":"ST"}},{"type":"Feature","id":605,"geometry":{"type":"Point","coordinates":[114.18744380160877,22.275483850021626]},"properties":{"OBJECTID":605,"GEO_NAME_ID":"1992","PLACE_CLASS":"Settlement","PLACE_TYPE":"Area","DISTRICT":"WC"}},{"type":"Feature","id":606,"geometry":{"type":"Point","coordinates":[114.13109036794432,22.500274393056465]},"properties":{"OBJECTID":606,"GEO_NAME_ID":"1993","PLACE_CLASS":"Settlement","PLACE_TYPE":"Village","DISTRICT":"NTH"}},{"type":"Feature","id":607,"geometry":{"type":"Point","coordinates":[113.99489853964256,22.370862370893036]},"properties":{"OBJECTID":607,"GEO_NAME_ID":"1994","PLACE_CLASS":"Settlement","PLACE_TYPE":"Village","DISTRICT":"TM"}},{"type":"Feature","id":608,"geometry":{"type":"Point","coordinates":[114.00419777694849,22.372859268351093]},"properties":{"OBJECTID":608,"GEO_NAME_ID":"1995","PLACE_CLASS":"Settlement","PLACE_TYPE":"Area","DISTRICT":"TM"}},{"type":"Feature","id":609,"geometry":{"type":"Point","coordinates":[114.01024239351987,22.376631323962489]},"properties":{"OBJECTID":609,"GEO_NAME_ID":"1996","PLACE_CLASS":"Settlement","PLACE_TYPE":"Village","DISTRICT":"TM"}},{"type":"Feature","id":610,"geometry":{"type":"Point","coordinates":[114.00595001590266,22.377123525580242]},"properties":{"OBJECTID":610,"GEO_NAME_ID":"1997","PLACE_CLASS":"Settlement","PLACE_TYPE":"Village","DISTRICT":"TM"}},{"type":"Feature","id":611,"geometry":{"type":"Point","coordinates":[114.25229052460101,22.536556271336988]},"properties":{"OBJECTID":611,"GEO_NAME_ID":"1998","PLACE_CLASS":"Settlement","PLACE_TYPE":"Village","DISTRICT":"NTH"}},{"type":"Feature","id":612,"geometry":{"type":"Point","coordinates":[114.29010587492282,22.285441590760115]},"properties":{"OBJECTID":612,"GEO_NAME_ID":"1999","PLACE_CLASS":"Topographic","PLACE_TYPE":"Cape","DISTRICT":"SK"}},{"type":"Feature","id":613,"geometry":{"type":"Point","coordinates":[113.92816104996211,22.399382197031834]},"properties":{"OBJECTID":613,"GEO_NAME_ID":"5098","PLACE_CLASS":"Topographic","PLACE_TYPE":"Hill","DISTRICT":"TM"}},{"type":"Feature","id":614,"geometry":{"type":"Point","coordinates":[113.99496861222065,22.388705685658234]},"properties":{"OBJECTID":614,"GEO_NAME_ID":"5099","PLACE_CLASS":"Topographic","PLACE_TYPE":"Hill","DISTRICT":"TM"}},{"type":"Feature","id":615,"geometry":{"type":"Point","coordinates":[114.13674120580539,22.417548060322801]},"properties":{"OBJECTID":615,"GEO_NAME_ID":"5106","PLACE_CLASS":"Topographic","PLACE_TYPE":"Hill","DISTRICT":"TP"}},{"type":"Feature","id":616,"geometry":{"type":"Point","coordinates":[114.02284682565299,22.33157242423054]},"properties":{"OBJECTID":616,"GEO_NAME_ID":"4916","PLACE_CLASS":"Settlement","PLACE_TYPE":"Area","DISTRICT":"TW"}},{"type":"Feature","id":617,"geometry":{"type":"Point","coordinates":[114.08394262346795,22.417499241466583]},"properties":{"OBJECTID":617,"GEO_NAME_ID":"5072","PLACE_CLASS":"Settlement","PLACE_TYPE":"Village","DISTRICT":"YL"}},{"type":"Feature","id":618,"geometry":{"type":"Point","coordinates":[114.29740761554052,22.504805150731954]},"properties":{"OBJECTID":618,"GEO_NAME_ID":"5094","PLACE_CLASS":"Hydrographic","PLACE_TYPE":"Strait","DISTRICT":"NTH"}},{"type":"Feature","id":619,"geometry":{"type":"Point","coordinates":[114.06642408741403,22.473401592283995]},"properties":{"OBJECTID":619,"GEO_NAME_ID":"5073","PLACE_CLASS":"Settlement","PLACE_TYPE":"Village","DISTRICT":"YL"}},{"type":"Feature","id":620,"geometry":{"type":"Point","coordinates":[114.16752447098088,22.510746838330533]},"properties":{"OBJECTID":620,"GEO_NAME_ID":"5087","PLACE_CLASS":"Settlement","PLACE_TYPE":"Village","DISTRICT":"NTH"}},{"type":"Feature","id":621,"geometry":{"type":"Point","coordinates":[114.03389098912351,22.447714716252101]},"properties":{"OBJECTID":621,"GEO_NAME_ID":"5039","PLACE_CLASS":"Settlement","PLACE_TYPE":"Area","DISTRICT":"YL"}},{"type":"Feature","id":622,"geometry":{"type":"Point","coordinates":[114.03194886488882,22.446900245841121]},"properties":{"OBJECTID":622,"GEO_NAME_ID":"5040","PLACE_CLASS":"Settlement","PLACE_TYPE":"Area","DISTRICT":"YL"}},{"type":"Feature","id":623,"geometry":{"type":"Point","coordinates":[113.85017162487286,22.202811716194173]},"properties":{"OBJECTID":623,"GEO_NAME_ID":"5041","PLACE_CLASS":"Settlement","PLACE_TYPE":"Village","DISTRICT":"ILD"}},{"type":"Feature","id":624,"geometry":{"type":"Point","coordinates":[114.14492774353195,22.465835739782456]},"properties":{"OBJECTID":624,"GEO_NAME_ID":"3189","PLACE_CLASS":"Settlement","PLACE_TYPE":"Area","DISTRICT":"TP"}},{"type":"Feature","id":625,"geometry":{"type":"Point","coordinates":[113.93243896175288,22.280817992931404]},"properties":{"OBJECTID":625,"GEO_NAME_ID":"3191","PLACE_CLASS":"Topographic","PLACE_TYPE":"Cape","DISTRICT":"ILD"}},{"type":"Feature","id":626,"geometry":{"type":"Point","coordinates":[114.10430871669014,22.476568790124812]},"properties":{"OBJECTID":626,"GEO_NAME_ID":"3211","PLACE_CLASS":"Settlement","PLACE_TYPE":"Area","DISTRICT":"NTH"}},{"type":"Feature","id":627,"geometry":{"type":"Point","coordinates":[114.22811932981942,22.30274510046096]},"properties":{"OBJECTID":627,"GEO_NAME_ID":"5089","PLACE_CLASS":"Settlement","PLACE_TYPE":"Village","DISTRICT":"KT"}},{"type":"Feature","id":628,"geometry":{"type":"Point","coordinates":[114.18251027819748,22.478571695227156]},"properties":{"OBJECTID":628,"GEO_NAME_ID":"5092","PLACE_CLASS":"Settlement","PLACE_TYPE":"Village","DISTRICT":"TP"}},{"type":"Feature","id":629,"geometry":{"type":"Point","coordinates":[114.10662741168157,22.52229067575102]},"properties":{"OBJECTID":629,"GEO_NAME_ID":"5053","PLACE_CLASS":"Topographic","PLACE_TYPE":"Hill","DISTRICT":"NTH"}},{"type":"Feature","id":630,"geometry":{"type":"Point","coordinates":[114.03491154051451,22.207321977509753]},"properties":{"OBJECTID":630,"GEO_NAME_ID":"4903","PLACE_CLASS":"Hydrographic","PLACE_TYPE":"Bay","DISTRICT":"ILD"}},{"type":"Feature","id":631,"geometry":{"type":"Point","coordinates":[114.30647240709671,22.532972823434893]},"properties":{"OBJECTID":631,"GEO_NAME_ID":"5018","PLACE_CLASS":"Hydrographic","PLACE_TYPE":"Strait","DISTRICT":"NTH"}},{"type":"Feature","id":632,"geometry":{"type":"Point","coordinates":[114.10077928767562,22.355739329198357]},"properties":{"OBJECTID":632,"GEO_NAME_ID":"5037","PLACE_CLASS":"Settlement","PLACE_TYPE":"Village","DISTRICT":"KC"}},{"type":"Feature","id":633,"geometry":{"type":"Point","coordinates":[114.25784732752646,22.446541212269583]},"properties":{"OBJECTID":633,"GEO_NAME_ID":"4990","PLACE_CLASS":"Topographic","PLACE_TYPE":"Island","DISTRICT":"TP"}},{"type":"Feature","id":634,"geometry":{"type":"Point","coordinates":[114.03344543117578,22.218518750278935]},"properties":{"OBJECTID":634,"GEO_NAME_ID":"5013","PLACE_CLASS":"Hydrographic","PLACE_TYPE":"Bay","DISTRICT":"ILD"}},{"type":"Feature","id":635,"geometry":{"type":"Point","coordinates":[114.13517954482964,22.279831624594575]},"properties":{"OBJECTID":635,"GEO_NAME_ID":"4917","PLACE_CLASS":"Topographic","PLACE_TYPE":"Hill","DISTRICT":"CW"}},{"type":"Feature","id":636,"geometry":{"type":"Point","coordinates":[114.2920354753972,22.53113258350114]},"properties":{"OBJECTID":636,"GEO_NAME_ID":"4891","PLACE_CLASS":"Topographic","PLACE_TYPE":"Reef","DISTRICT":"NTH"}},{"type":"Feature","id":637,"geometry":{"type":"Point","coordinates":[114.14325223296524,22.240839110363122]},"properties":{"OBJECTID":637,"GEO_NAME_ID":"4918","PLACE_CLASS":"Topographic","PLACE_TYPE":"Reef","DISTRICT":"STH"}},{"type":"Feature","id":638,"geometry":{"type":"Point","coordinates":[114.11476989829106,22.221686398472254]},"properties":{"OBJECTID":638,"GEO_NAME_ID":"5071","PLACE_CLASS":"Settlement","PLACE_TYPE":"Village","DISTRICT":"ILD"}},{"type":"Feature","id":639,"geometry":{"type":"Point","coordinates":[114.30244702931319,22.367720774731094]},"properties":{"OBJECTID":639,"GEO_NAME_ID":"5028","PLACE_CLASS":"Topographic","PLACE_TYPE":"Cape","DISTRICT":"SK"}},{"type":"Feature","id":640,"geometry":{"type":"Point","coordinates":[114.16650408947606,22.377701075476672]},"properties":{"OBJECTID":640,"GEO_NAME_ID":"4872","PLACE_CLASS":"Settlement","PLACE_TYPE":"Village","DISTRICT":"ST"}},{"type":"Feature","id":641,"geometry":{"type":"Point","coordinates":[114.21456489768043,22.363880285977533]},"properties":{"OBJECTID":641,"GEO_NAME_ID":"4901","PLACE_CLASS":"Settlement","PLACE_TYPE":"Village","DISTRICT":"ST"}},{"type":"Feature","id":642,"geometry":{"type":"Point","coordinates":[114.30553454354997,22.51744137486531]},"properties":{"OBJECTID":642,"GEO_NAME_ID":"4978","PLACE_CLASS":"Topographic","PLACE_TYPE":"Reef","DISTRICT":"NTH"}},{"type":"Feature","id":643,"geometry":{"type":"Point","coordinates":[114.28042037251151,22.532630484769843]},"properties":{"OBJECTID":643,"GEO_NAME_ID":"5001","PLACE_CLASS":"Topographic","PLACE_TYPE":"Island","DISTRICT":"NTH"}},{"type":"Feature","id":644,"geometry":{"type":"Point","coordinates":[113.87457123082582,22.356378143062582]},"properties":{"OBJECTID":644,"GEO_NAME_ID":"4943","PLACE_CLASS":"Topographic","PLACE_TYPE":"Island","DISTRICT":"TM"}},{"type":"Feature","id":645,"geometry":{"type":"Point","coordinates":[114.17441541346051,22.51198425178287]},"properties":{"OBJECTID":645,"GEO_NAME_ID":"5060","PLACE_CLASS":"Topographic","PLACE_TYPE":"Hill","DISTRICT":"NTH"}},{"type":"Feature","id":646,"geometry":{"type":"Point","coordinates":[114.28835078305742,22.238049973043228]},"properties":{"OBJECTID":646,"GEO_NAME_ID":"5068","PLACE_CLASS":"Topographic","PLACE_TYPE":"Cape","DISTRICT":"SK"}},{"type":"Feature","id":647,"geometry":{"type":"Point","coordinates":[113.96654884536055,22.3306964102532]},"properties":{"OBJECTID":647,"GEO_NAME_ID":"5070","PLACE_CLASS":"Topographic","PLACE_TYPE":"Island","DISTRICT":"TM"}},{"type":"Feature","id":648,"geometry":{"type":"Point","coordinates":[114.10768421607349,22.527682258457816]},"properties":{"OBJECTID":648,"GEO_NAME_ID":"5079","PLACE_CLASS":"Topographic","PLACE_TYPE":"Pass","DISTRICT":"NTH"}},{"type":"Feature","id":649,"geometry":{"type":"Point","coordinates":[114.19338604697798,22.33494991956135]},"properties":{"OBJECTID":649,"GEO_NAME_ID":"1250","PLACE_CLASS":"Settlement","PLACE_TYPE":"Village","DISTRICT":"WTS"}},{"type":"Feature","id":650,"geometry":{"type":"Point","coordinates":[114.31593266556825,22.388848475322817]},"properties":{"OBJECTID":650,"GEO_NAME_ID":"1252","PLACE_CLASS":"Topographic","PLACE_TYPE":"Island","DISTRICT":"SK"}},{"type":"Feature","id":651,"geometry":{"type":"Point","coordinates":[113.85114768611608,22.242096762830606]},"properties":{"OBJECTID":651,"GEO_NAME_ID":"1253","PLACE_CLASS":"Topographic","PLACE_TYPE":"Cape","DISTRICT":"ILD"}},{"type":"Feature","id":652,"geometry":{"type":"Point","coordinates":[114.28069090901965,22.242660688743296]},"properties":{"OBJECTID":652,"GEO_NAME_ID":"1254","PLACE_CLASS":"Topographic","PLACE_TYPE":"Island","DISTRICT":"SK"}},{"type":"Feature","id":653,"geometry":{"type":"Point","coordinates":[113.86085950669492,22.237058800071342]},"properties":{"OBJECTID":653,"GEO_NAME_ID":"1255","PLACE_CLASS":"Topographic","PLACE_TYPE":"Hill","DISTRICT":"ILD"}},{"type":"Feature","id":654,"geometry":{"type":"Point","coordinates":[114.1605133457778,22.54078127181252]},"properties":{"OBJECTID":654,"GEO_NAME_ID":"1256","PLACE_CLASS":"Settlement","PLACE_TYPE":"Village","DISTRICT":"NTH"}},{"type":"Feature","id":655,"geometry":{"type":"Point","coordinates":[114.26854675881496,22.422466679225465]},"properties":{"OBJECTID":655,"GEO_NAME_ID":"1257","PLACE_CLASS":"Settlement","PLACE_TYPE":"Village","DISTRICT":"TP"}},{"type":"Feature","id":656,"geometry":{"type":"Point","coordinates":[114.21476886729596,22.542746246672838]},"properties":{"OBJECTID":656,"GEO_NAME_ID":"1258","PLACE_CLASS":"Settlement","PLACE_TYPE":"Village","DISTRICT":"NTH"}},{"type":"Feature","id":657,"geometry":{"type":"Point","coordinates":[114.03829044360397,22.429531241188677]},"properties":{"OBJECTID":657,"GEO_NAME_ID":"1259","PLACE_CLASS":"Settlement","PLACE_TYPE":"Village","DISTRICT":"YL"}},{"type":"Feature","id":658,"geometry":{"type":"Point","coordinates":[114.42611861239332,22.550739037644991]},"properties":{"OBJECTID":658,"GEO_NAME_ID":"1260","PLACE_CLASS":"Topographic","PLACE_TYPE":"Cape","DISTRICT":"TP"}},{"type":"Feature","id":659,"geometry":{"type":"Point","coordinates":[114.13623513869999,22.45438319285401]},"properties":{"OBJECTID":659,"GEO_NAME_ID":"1261","PLACE_CLASS":"Settlement","PLACE_TYPE":"Village","DISTRICT":"TP"}},{"type":"Feature","id":660,"geometry":{"type":"Point","coordinates":[114.15633340644662,22.207563157798443]},"properties":{"OBJECTID":660,"GEO_NAME_ID":"1262","PLACE_CLASS":"Topographic","PLACE_TYPE":"Hill","DISTRICT":"ILD"}},{"type":"Feature","id":661,"geometry":{"type":"Point","coordinates":[114.28813569999473,22.285009483785199]},"properties":{"OBJECTID":661,"GEO_NAME_ID":"1263","PLACE_CLASS":"Settlement","PLACE_TYPE":"Area","DISTRICT":"SK"}},{"type":"Feature","id":662,"geometry":{"type":"Point","coordinates":[114.05866650069609,22.329651895086972]},"properties":{"OBJECTID":662,"GEO_NAME_ID":"1264","PLACE_CLASS":"Topographic","PLACE_TYPE":"Rock","DISTRICT":"TW"}},{"type":"Feature","id":663,"geometry":{"type":"Point","coordinates":[114.11184803254437,22.52027909656799]},"properties":{"OBJECTID":663,"GEO_NAME_ID":"1265","PLACE_CLASS":"Settlement","PLACE_TYPE":"Village","DISTRICT":"NTH"}},{"type":"Feature","id":664,"geometry":{"type":"Point","coordinates":[114.35832204524178,22.360387479376598]},"properties":{"OBJECTID":664,"GEO_NAME_ID":"1266","PLACE_CLASS":"Topographic","PLACE_TYPE":"Hill","DISTRICT":"SK"}},{"type":"Feature","id":665,"geometry":{"type":"Point","coordinates":[114.28917347772781,22.320128298059789]},"properties":{"OBJECTID":665,"GEO_NAME_ID":"1267","PLACE_CLASS":"Topographic","PLACE_TYPE":"Cape","DISTRICT":"SK"}},{"type":"Feature","id":666,"geometry":{"type":"Point","coordinates":[114.31919369188515,22.425229432769264]},"properties":{"OBJECTID":666,"GEO_NAME_ID":"1268","PLACE_CLASS":"Topographic","PLACE_TYPE":"Hill","DISTRICT":"TP"}},{"type":"Feature","id":667,"geometry":{"type":"Point","coordinates":[114.04875925592154,22.283507075060861]},"properties":{"OBJECTID":667,"GEO_NAME_ID":"1269","PLACE_CLASS":"Topographic","PLACE_TYPE":"Island","DISTRICT":"ILD"}},{"type":"Feature","id":668,"geometry":{"type":"Point","coordinates":[114.18348895677762,22.216504716898541]},"properties":{"OBJECTID":668,"GEO_NAME_ID":"1270","PLACE_CLASS":"Topographic","PLACE_TYPE":"Reef","DISTRICT":"STH"}},{"type":"Feature","id":669,"geometry":{"type":"Point","coordinates":[114.18785334442539,22.215149873235724]},"properties":{"OBJECTID":669,"GEO_NAME_ID":"1271","PLACE_CLASS":"Topographic","PLACE_TYPE":"Cape","DISTRICT":"STH"}},{"type":"Feature","id":670,"geometry":{"type":"Point","coordinates":[114.23617942351451,22.231205034031813]},"properties":{"OBJECTID":670,"GEO_NAME_ID":"1272","PLACE_CLASS":"Settlement","PLACE_TYPE":"Village","DISTRICT":"STH"}},{"type":"Feature","id":671,"geometry":{"type":"Point","coordinates":[114.35042392138165,22.270090439625811]},"properties":{"OBJECTID":671,"GEO_NAME_ID":"1273","PLACE_CLASS":"Settlement","PLACE_TYPE":"Area","DISTRICT":"SK"}},{"type":"Feature","id":672,"geometry":{"type":"Point","coordinates":[114.25615789734765,22.259832772305106]},"properties":{"OBJECTID":672,"GEO_NAME_ID":"1274","PLACE_CLASS":"Hydrographic","PLACE_TYPE":"Bay","DISTRICT":"EST"}},{"type":"Feature","id":673,"geometry":{"type":"Point","coordinates":[114.22796179187398,22.386109774960747]},"properties":{"OBJECTID":673,"GEO_NAME_ID":"1276","PLACE_CLASS":"Settlement","PLACE_TYPE":"Village","DISTRICT":"ST"}},{"type":"Feature","id":674,"geometry":{"type":"Point","coordinates":[114.23632280180597,22.47773905585041]},"properties":{"OBJECTID":674,"GEO_NAME_ID":"1277","PLACE_CLASS":"Topographic","PLACE_TYPE":"Pass","DISTRICT":"TP"}},{"type":"Feature","id":675,"geometry":{"type":"Point","coordinates":[113.92726558654445,22.276222590316937]},"properties":{"OBJECTID":675,"GEO_NAME_ID":"1278","PLACE_CLASS":"Settlement","PLACE_TYPE":"Village","DISTRICT":"ILD"}},{"type":"Feature","id":676,"geometry":{"type":"Point","coordinates":[114.21942153557957,22.370832596677843]},"properties":{"OBJECTID":676,"GEO_NAME_ID":"1279","PLACE_CLASS":"Topographic","PLACE_TYPE":"Hill","DISTRICT":"ST"}},{"type":"Feature","id":677,"geometry":{"type":"Point","coordinates":[114.21138336642291,22.336816410730005]},"properties":{"OBJECTID":677,"GEO_NAME_ID":"1280","PLACE_CLASS":"Settlement","PLACE_TYPE":"Area","DISTRICT":"WTS"}},{"type":"Feature","id":678,"geometry":{"type":"Point","coordinates":[114.20932499840427,22.335346288683905]},"properties":{"OBJECTID":678,"GEO_NAME_ID":"1281","PLACE_CLASS":"Settlement","PLACE_TYPE":"Village","DISTRICT":"WTS"}},{"type":"Feature","id":679,"geometry":{"type":"Point","coordinates":[113.98880071133644,22.464853350979222]},"properties":{"OBJECTID":679,"GEO_NAME_ID":"1282","PLACE_CLASS":"Settlement","PLACE_TYPE":"Village","DISTRICT":"YL"}},{"type":"Feature","id":680,"geometry":{"type":"Point","coordinates":[113.96685435185229,22.450531158697871]},"properties":{"OBJECTID":680,"GEO_NAME_ID":"1283","PLACE_CLASS":"Settlement","PLACE_TYPE":"Village","DISTRICT":"YL"}},{"type":"Feature","id":681,"geometry":{"type":"Point","coordinates":[113.97442529281319,22.45520052016381]},"properties":{"OBJECTID":681,"GEO_NAME_ID":"1284","PLACE_CLASS":"Settlement","PLACE_TYPE":"Village","DISTRICT":"YL"}},{"type":"Feature","id":682,"geometry":{"type":"Point","coordinates":[114.08546320173271,22.424110414854216]},"properties":{"OBJECTID":682,"GEO_NAME_ID":"1285","PLACE_CLASS":"Settlement","PLACE_TYPE":"Village","DISTRICT":"YL"}},{"type":"Feature","id":683,"geometry":{"type":"Point","coordinates":[114.08760163351026,22.360843891553611]},"properties":{"OBJECTID":683,"GEO_NAME_ID":"1286","PLACE_CLASS":"Settlement","PLACE_TYPE":"Village","DISTRICT":"KC"}},{"type":"Feature","id":684,"geometry":{"type":"Point","coordinates":[114.32150909597671,22.46620748530388]},"properties":{"OBJECTID":684,"GEO_NAME_ID":"1287","PLACE_CLASS":"Settlement","PLACE_TYPE":"Area","DISTRICT":"TP"}},{"type":"Feature","id":685,"geometry":{"type":"Point","coordinates":[113.87748814382736,22.240440610054943]},"properties":{"OBJECTID":685,"GEO_NAME_ID":"1288","PLACE_CLASS":"Settlement","PLACE_TYPE":"Village","DISTRICT":"ILD"}},{"type":"Feature","id":686,"geometry":{"type":"Point","coordinates":[114.11028394735644,22.457589412558441]},"properties":{"OBJECTID":686,"GEO_NAME_ID":"1289","PLACE_CLASS":"Topographic","PLACE_TYPE":"Valley","DISTRICT":"YL"}},{"type":"Feature","id":687,"geometry":{"type":"Point","coordinates":[114.13720504202939,22.460117763021014]},"properties":{"OBJECTID":687,"GEO_NAME_ID":"1290","PLACE_CLASS":"Settlement","PLACE_TYPE":"Village","DISTRICT":"TP"}},{"type":"Feature","id":688,"geometry":{"type":"Point","coordinates":[113.9771855957016,22.291002472059887]},"properties":{"OBJECTID":688,"GEO_NAME_ID":"1291","PLACE_CLASS":"Settlement","PLACE_TYPE":"Village","DISTRICT":"ILD"}},{"type":"Feature","id":689,"geometry":{"type":"Point","coordinates":[113.99961354644437,22.25083323563981]},"properties":{"OBJECTID":689,"GEO_NAME_ID":"1292","PLACE_CLASS":"Settlement","PLACE_TYPE":"Village","DISTRICT":"ILD"}},{"type":"Feature","id":690,"geometry":{"type":"Point","coordinates":[114.06480944265871,22.355673288429227]},"properties":{"OBJECTID":690,"GEO_NAME_ID":"1293","PLACE_CLASS":"Topographic","PLACE_TYPE":"Cape","DISTRICT":"TW"}},{"type":"Feature","id":691,"geometry":{"type":"Point","coordinates":[114.09955923029131,22.402679404194636]},"properties":{"OBJECTID":691,"GEO_NAME_ID":"1294","PLACE_CLASS":"Settlement","PLACE_TYPE":"Village","DISTRICT":"TW"}},{"type":"Feature","id":692,"geometry":{"type":"Point","coordinates":[114.27196526023869,22.393178830999986]},"properties":{"OBJECTID":692,"GEO_NAME_ID":"1295","PLACE_CLASS":"Settlement","PLACE_TYPE":"Village","DISTRICT":"SK"}},{"type":"Feature","id":693,"geometry":{"type":"Point","coordinates":[114.23429830778136,22.351493601464437]},"properties":{"OBJECTID":693,"GEO_NAME_ID":"1296","PLACE_CLASS":"Settlement","PLACE_TYPE":"Village","DISTRICT":"SK"}},{"type":"Feature","id":694,"geometry":{"type":"Point","coordinates":[114.22603316552373,22.451996766039962]},"properties":{"OBJECTID":694,"GEO_NAME_ID":"1297","PLACE_CLASS":"Settlement","PLACE_TYPE":"Village","DISTRICT":"TP"}},{"type":"Feature","id":695,"geometry":{"type":"Point","coordinates":[114.20866548262013,22.380091364114403]},"properties":{"OBJECTID":695,"GEO_NAME_ID":"1298","PLACE_CLASS":"Settlement","PLACE_TYPE":"Village","DISTRICT":"ST"}},{"type":"Feature","id":696,"geometry":{"type":"Point","coordinates":[114.20877203276919,22.378944466213113]},"properties":{"OBJECTID":696,"GEO_NAME_ID":"1299","PLACE_CLASS":"Settlement","PLACE_TYPE":"Village","DISTRICT":"ST"}},{"type":"Feature","id":697,"geometry":{"type":"Point","coordinates":[114.23684109442335,22.349722690214133]},"properties":{"OBJECTID":697,"GEO_NAME_ID":"1300","PLACE_CLASS":"Settlement","PLACE_TYPE":"Village","DISTRICT":"SK"}},{"type":"Feature","id":698,"geometry":{"type":"Point","coordinates":[114.40186718029916,22.433624020944645]},"properties":{"OBJECTID":698,"GEO_NAME_ID":"1301","PLACE_CLASS":"Topographic","PLACE_TYPE":"Island","DISTRICT":"SK"}},{"type":"Feature","id":699,"geometry":{"type":"Point","coordinates":[114.3103003349795,22.510574421231166]},"properties":{"OBJECTID":699,"GEO_NAME_ID":"1302","PLACE_CLASS":"Topographic","PLACE_TYPE":"Hill","DISTRICT":"NTH"}},{"type":"Feature","id":700,"geometry":{"type":"Point","coordinates":[114.27595044567248,22.521300205051499]},"properties":{"OBJECTID":700,"GEO_NAME_ID":"1303","PLACE_CLASS":"Settlement","PLACE_TYPE":"Village","DISTRICT":"NTH"}},{"type":"Feature","id":701,"geometry":{"type":"Point","coordinates":[114.27102285398352,22.521962379225638]},"properties":{"OBJECTID":701,"GEO_NAME_ID":"1304","PLACE_CLASS":"Topographic","PLACE_TYPE":"Hill","DISTRICT":"NTH"}},{"type":"Feature","id":702,"geometry":{"type":"Point","coordinates":[114.28128960782105,22.525134731765085]},"properties":{"OBJECTID":702,"GEO_NAME_ID":"1305","PLACE_CLASS":"Hydrographic","PLACE_TYPE":"Bay","DISTRICT":"NTH"}},{"type":"Feature","id":703,"geometry":{"type":"Point","coordinates":[114.07369284265343,22.473861050283418]},"properties":{"OBJECTID":703,"GEO_NAME_ID":"1306","PLACE_CLASS":"Settlement","PLACE_TYPE":"Area","DISTRICT":"YL"}},{"type":"Feature","id":704,"geometry":{"type":"Point","coordinates":[114.29235599547539,22.507427660670778]},"properties":{"OBJECTID":704,"GEO_NAME_ID":"1307","PLACE_CLASS":"Topographic","PLACE_TYPE":"Cape","DISTRICT":"NTH"}},{"type":"Feature","id":705,"geometry":{"type":"Point","coordinates":[114.21874660107477,22.321724570991591]},"properties":{"OBJECTID":705,"GEO_NAME_ID":"1308","PLACE_CLASS":"Settlement","PLACE_TYPE":"Area","DISTRICT":"KT"}},{"type":"Feature","id":706,"geometry":{"type":"Point","coordinates":[114.30161789889422,22.322205740075692]},"properties":{"OBJECTID":706,"GEO_NAME_ID":"1309","PLACE_CLASS":"Topographic","PLACE_TYPE":"Island","DISTRICT":"SK"}},{"type":"Feature","id":707,"geometry":{"type":"Point","coordinates":[113.98970117023939,22.30829312058567]},"properties":{"OBJECTID":707,"GEO_NAME_ID":"1310","PLACE_CLASS":"Settlement","PLACE_TYPE":"Area","DISTRICT":"ILD"}},{"type":"Feature","id":708,"geometry":{"type":"Point","coordinates":[114.10790370182211,22.496717197124415]},"properties":{"OBJECTID":708,"GEO_NAME_ID":"1311","PLACE_CLASS":"Settlement","PLACE_TYPE":"Area","DISTRICT":"NTH"}},{"type":"Feature","id":709,"geometry":{"type":"Point","coordinates":[114.25987665123117,22.165965757029923]},"properties":{"OBJECTID":709,"GEO_NAME_ID":"1312","PLACE_CLASS":"Settlement","PLACE_TYPE":"Area","DISTRICT":"ILD"}},{"type":"Feature","id":710,"geometry":{"type":"Point","coordinates":[114.26037968079346,22.164050979131705]},"properties":{"OBJECTID":710,"GEO_NAME_ID":"1313","PLACE_CLASS":"Topographic","PLACE_TYPE":"Hill","DISTRICT":"ILD"}},{"type":"Feature","id":711,"geometry":{"type":"Point","coordinates":[114.17718517267316,22.407881379018768]},"properties":{"OBJECTID":711,"GEO_NAME_ID":"1314","PLACE_CLASS":"Settlement","PLACE_TYPE":"Village","DISTRICT":"ST"}},{"type":"Feature","id":712,"geometry":{"type":"Point","coordinates":[114.33880026817216,22.421309808897082]},"properties":{"OBJECTID":712,"GEO_NAME_ID":"1315","PLACE_CLASS":"Topographic","PLACE_TYPE":"Hill","DISTRICT":"TP"}},{"type":"Feature","id":713,"geometry":{"type":"Point","coordinates":[114.32244359119089,22.421343438908242]},"properties":{"OBJECTID":713,"GEO_NAME_ID":"1316","PLACE_CLASS":"Topographic","PLACE_TYPE":"Hill","DISTRICT":"TP"}},{"type":"Feature","id":714,"geometry":{"type":"Point","coordinates":[114.28578343833689,22.429680346931004]},"properties":{"OBJECTID":714,"GEO_NAME_ID":"1317","PLACE_CLASS":"Topographic","PLACE_TYPE":"Cape","DISTRICT":"TP"}},{"type":"Feature","id":715,"geometry":{"type":"Point","coordinates":[114.30222945279797,22.46308103832569]},"properties":{"OBJECTID":715,"GEO_NAME_ID":"1318","PLACE_CLASS":"Topographic","PLACE_TYPE":"Cape","DISTRICT":"TP"}},{"type":"Feature","id":716,"geometry":{"type":"Point","coordinates":[114.25875739676449,22.158570129337363]},"properties":{"OBJECTID":716,"GEO_NAME_ID":"1319","PLACE_CLASS":"Settlement","PLACE_TYPE":"Area","DISTRICT":"ILD"}},{"type":"Feature","id":717,"geometry":{"type":"Point","coordinates":[114.32486114795013,22.502750432016111]},"properties":{"OBJECTID":717,"GEO_NAME_ID":"1320","PLACE_CLASS":"Topographic","PLACE_TYPE":"Hill","DISTRICT":"TP"}},{"type":"Feature","id":718,"geometry":{"type":"Point","coordinates":[114.25098786183236,22.390390352162711]},"properties":{"OBJECTID":718,"GEO_NAME_ID":"1321","PLACE_CLASS":"Settlement","PLACE_TYPE":"Village","DISTRICT":"ST"}},{"type":"Feature","id":719,"geometry":{"type":"Point","coordinates":[113.90690102107401,22.255022335060723]},"properties":{"OBJECTID":719,"GEO_NAME_ID":"1322","PLACE_CLASS":"Settlement","PLACE_TYPE":"Area","DISTRICT":"ILD"}},{"type":"Feature","id":720,"geometry":{"type":"Point","coordinates":[114.03374889113714,22.330254922983354]},"properties":{"OBJECTID":720,"GEO_NAME_ID":"1323","PLACE_CLASS":"Settlement","PLACE_TYPE":"Village","DISTRICT":"TW"}},{"type":"Feature","id":721,"geometry":{"type":"Point","coordinates":[114.17628139777678,22.54470126977095]},"properties":{"OBJECTID":721,"GEO_NAME_ID":"1324","PLACE_CLASS":"Settlement","PLACE_TYPE":"Area","DISTRICT":"NTH"}},{"type":"Feature","id":722,"geometry":{"type":"Point","coordinates":[114.28516977071988,22.402426783354695]},"properties":{"OBJECTID":722,"GEO_NAME_ID":"1325","PLACE_CLASS":"Settlement","PLACE_TYPE":"Village","DISTRICT":"SK"}},{"type":"Feature","id":723,"geometry":{"type":"Point","coordinates":[114.29461308429202,22.487152815689708]},"properties":{"OBJECTID":723,"GEO_NAME_ID":"1326","PLACE_CLASS":"Topographic","PLACE_TYPE":"Hill","DISTRICT":"TP"}},{"type":"Feature","id":724,"geometry":{"type":"Point","coordinates":[114.27356496165265,22.515431919103086]},"properties":{"OBJECTID":724,"GEO_NAME_ID":"1327","PLACE_CLASS":"Topographic","PLACE_TYPE":"Cape","DISTRICT":"NTH"}},{"type":"Feature","id":725,"geometry":{"type":"Point","coordinates":[114.19419205354711,22.415845341106028]},"properties":{"OBJECTID":725,"GEO_NAME_ID":"1328","PLACE_CLASS":"Settlement","PLACE_TYPE":"Village","DISTRICT":"ST"}},{"type":"Feature","id":726,"geometry":{"type":"Point","coordinates":[114.02007541875406,22.292557671506113]},"properties":{"OBJECTID":726,"GEO_NAME_ID":"1329","PLACE_CLASS":"Hydrographic","PLACE_TYPE":"Bay","DISTRICT":"ILD"}},{"type":"Feature","id":727,"geometry":{"type":"Point","coordinates":[114.01853305028784,22.292041430347396]},"properties":{"OBJECTID":727,"GEO_NAME_ID":"1330","PLACE_CLASS":"Settlement","PLACE_TYPE":"Village","DISTRICT":"ILD"}},{"type":"Feature","id":728,"geometry":{"type":"Point","coordinates":[113.99785142327325,22.369926490697637]},"properties":{"OBJECTID":728,"GEO_NAME_ID":"1331","PLACE_CLASS":"Settlement","PLACE_TYPE":"Village","DISTRICT":"TM"}},{"type":"Feature","id":729,"geometry":{"type":"Point","coordinates":[113.9271850072075,22.272420591458285]},"properties":{"OBJECTID":729,"GEO_NAME_ID":"1332","PLACE_CLASS":"Settlement","PLACE_TYPE":"Village","DISTRICT":"ILD"}},{"type":"Feature","id":730,"geometry":{"type":"Point","coordinates":[114.34532054747099,22.504039738062716]},"properties":{"OBJECTID":730,"GEO_NAME_ID":"1333","PLACE_CLASS":"Hydrographic","PLACE_TYPE":"Channel","DISTRICT":"TP"}},{"type":"Feature","id":731,"geometry":{"type":"Point","coordinates":[114.34806264837488,22.267167024453279]},"properties":{"OBJECTID":731,"GEO_NAME_ID":"1335","PLACE_CLASS":"Topographic","PLACE_TYPE":"Island","DISTRICT":"SK"}},{"type":"Feature","id":732,"geometry":{"type":"Point","coordinates":[114.19986268537917,22.288215759562604]},"properties":{"OBJECTID":732,"GEO_NAME_ID":"1336","PLACE_CLASS":"Settlement","PLACE_TYPE":"Area","DISTRICT":"EST"}},{"type":"Feature","id":733,"geometry":{"type":"Point","coordinates":[114.26294832502899,22.379075359052962]},"properties":{"OBJECTID":733,"GEO_NAME_ID":"1337","PLACE_CLASS":"Settlement","PLACE_TYPE":"Village","DISTRICT":"SK"}},{"type":"Feature","id":734,"geometry":{"type":"Point","coordinates":[114.27550379689066,22.315721714900487]},"properties":{"OBJECTID":734,"GEO_NAME_ID":"1338","PLACE_CLASS":"Settlement","PLACE_TYPE":"Village","DISTRICT":"SK"}},{"type":"Feature","id":735,"geometry":{"type":"Point","coordinates":[114.30162011967801,22.542006995392768]},"properties":{"OBJECTID":735,"GEO_NAME_ID":"1339","PLACE_CLASS":"Hydrographic","PLACE_TYPE":"Bay","DISTRICT":"NTH"}},{"type":"Feature","id":736,"geometry":{"type":"Point","coordinates":[114.27498688829986,22.312136883812514]},"properties":{"OBJECTID":736,"GEO_NAME_ID":"1340","PLACE_CLASS":"Settlement","PLACE_TYPE":"Village","DISTRICT":"SK"}},{"type":"Feature","id":737,"geometry":{"type":"Point","coordinates":[114.28653645534756,22.547093033162323]},"properties":{"OBJECTID":737,"GEO_NAME_ID":"1341","PLACE_CLASS":"Topographic","PLACE_TYPE":"Cape","DISTRICT":"NTH"}},{"type":"Feature","id":738,"geometry":{"type":"Point","coordinates":[114.316330776838,22.524755999480078]},"properties":{"OBJECTID":738,"GEO_NAME_ID":"1342","PLACE_CLASS":"Topographic","PLACE_TYPE":"Cape","DISTRICT":"NTH"}},{"type":"Feature","id":739,"geometry":{"type":"Point","coordinates":[114.28043904477616,22.400912761332528]},"properties":{"OBJECTID":739,"GEO_NAME_ID":"1343","PLACE_CLASS":"Settlement","PLACE_TYPE":"Village","DISTRICT":"SK"}},{"type":"Feature","id":740,"geometry":{"type":"Point","coordinates":[114.10954868657161,22.228583051279912]},"properties":{"OBJECTID":740,"GEO_NAME_ID":"1344","PLACE_CLASS":"Settlement","PLACE_TYPE":"Village","DISTRICT":"ILD"}},{"type":"Feature","id":741,"geometry":{"type":"Point","coordinates":[114.22856137030621,22.247697658425022]},"properties":{"OBJECTID":741,"GEO_NAME_ID":"1345","PLACE_CLASS":"Topographic","PLACE_TYPE":"Hill","DISTRICT":"STH"}},{"type":"Feature","id":742,"geometry":{"type":"Point","coordinates":[114.34141255969239,22.478505870727613]},"properties":{"OBJECTID":742,"GEO_NAME_ID":"1346","PLACE_CLASS":"Topographic","PLACE_TYPE":"Cape","DISTRICT":"TP"}},{"type":"Feature","id":743,"geometry":{"type":"Point","coordinates":[114.07577205469458,22.501315089366098]},"properties":{"OBJECTID":743,"GEO_NAME_ID":"1348","PLACE_CLASS":"Settlement","PLACE_TYPE":"Village","DISTRICT":"YL"}},{"type":"Feature","id":744,"geometry":{"type":"Point","coordinates":[114.1198507336247,22.488766084665219]},"properties":{"OBJECTID":744,"GEO_NAME_ID":"1350","PLACE_CLASS":"Settlement","PLACE_TYPE":"Village","DISTRICT":"NTH"}},{"type":"Feature","id":745,"geometry":{"type":"Point","coordinates":[114.055276086669,22.321666361850205]},"properties":{"OBJECTID":745,"GEO_NAME_ID":"1354","PLACE_CLASS":"Settlement","PLACE_TYPE":"Area","DISTRICT":"TW"}},{"type":"Feature","id":746,"geometry":{"type":"Point","coordinates":[114.05440293127002,22.321214176021776]},"properties":{"OBJECTID":746,"GEO_NAME_ID":"1355","PLACE_CLASS":"Hydrographic","PLACE_TYPE":"Bay","DISTRICT":"TW"}},{"type":"Feature","id":747,"geometry":{"type":"Point","coordinates":[114.0547889753303,22.323743028315398]},"properties":{"OBJECTID":747,"GEO_NAME_ID":"1356","PLACE_CLASS":"Hydrographic","PLACE_TYPE":"Bay","DISTRICT":"TW"}},{"type":"Feature","id":748,"geometry":{"type":"Point","coordinates":[114.11815042562445,22.233137848557917]},"properties":{"OBJECTID":748,"GEO_NAME_ID":"1357","PLACE_CLASS":"Settlement","PLACE_TYPE":"Area","DISTRICT":"ILD"}},{"type":"Feature","id":749,"geometry":{"type":"Point","coordinates":[114.05330658692522,22.365730472152084]},"properties":{"OBJECTID":749,"GEO_NAME_ID":"1359","PLACE_CLASS":"Settlement","PLACE_TYPE":"Village","DISTRICT":"TW"}},{"type":"Feature","id":750,"geometry":{"type":"Point","coordinates":[114.19985567332952,22.422771014033238]},"properties":{"OBJECTID":750,"GEO_NAME_ID":"1360","PLACE_CLASS":"Settlement","PLACE_TYPE":"Village","DISTRICT":"TP"}},{"type":"Feature","id":751,"geometry":{"type":"Point","coordinates":[114.34879119118301,22.410363598661185]},"properties":{"OBJECTID":751,"GEO_NAME_ID":"1361","PLACE_CLASS":"Topographic","PLACE_TYPE":"Hill","DISTRICT":"TP"}},{"type":"Feature","id":752,"geometry":{"type":"Point","coordinates":[114.18638093829658,22.384510140095195]},"properties":{"OBJECTID":752,"GEO_NAME_ID":"1362","PLACE_CLASS":"Settlement","PLACE_TYPE":"Village","DISTRICT":"ST"}},{"type":"Feature","id":753,"geometry":{"type":"Point","coordinates":[114.18512849952486,22.388104356152915]},"properties":{"OBJECTID":753,"GEO_NAME_ID":"1363","PLACE_CLASS":"Settlement","PLACE_TYPE":"Village","DISTRICT":"ST"}},{"type":"Feature","id":754,"geometry":{"type":"Point","coordinates":[114.33259371563352,22.386503421513911]},"properties":{"OBJECTID":754,"GEO_NAME_ID":"1364","PLACE_CLASS":"Topographic","PLACE_TYPE":"Hill","DISTRICT":"SK"}},{"type":"Feature","id":755,"geometry":{"type":"Point","coordinates":[114.34927540792249,22.354076000560891]},"properties":{"OBJECTID":755,"GEO_NAME_ID":"1365","PLACE_CLASS":"Settlement","PLACE_TYPE":"Village","DISTRICT":"SK"}},{"type":"Feature","id":756,"geometry":{"type":"Point","coordinates":[114.34724939920496,22.356570570575141]},"properties":{"OBJECTID":756,"GEO_NAME_ID":"1366","PLACE_CLASS":"Topographic","PLACE_TYPE":"Hill","DISTRICT":"SK"}},{"type":"Feature","id":757,"geometry":{"type":"Point","coordinates":[114.22953884142142,22.344966125430098]},"properties":{"OBJECTID":757,"GEO_NAME_ID":"1367","PLACE_CLASS":"Settlement","PLACE_TYPE":"Area","DISTRICT":"SK"}},{"type":"Feature","id":758,"geometry":{"type":"Point","coordinates":[114.16105580288476,22.557830604147149]},"properties":{"OBJECTID":758,"GEO_NAME_ID":"1368","PLACE_CLASS":"Topographic","PLACE_TYPE":"Hill","DISTRICT":"NTH"}},{"type":"Feature","id":759,"geometry":{"type":"Point","coordinates":[114.35888211561087,22.343102422632356]},"properties":{"OBJECTID":759,"GEO_NAME_ID":"1369","PLACE_CLASS":"Topographic","PLACE_TYPE":"Hill","DISTRICT":"SK"}},{"type":"Feature","id":760,"geometry":{"type":"Point","coordinates":[113.99518961832126,22.250972842284519]},"properties":{"OBJECTID":760,"GEO_NAME_ID":"1370","PLACE_CLASS":"Settlement","PLACE_TYPE":"Village","DISTRICT":"ILD"}},{"type":"Feature","id":761,"geometry":{"type":"Point","coordinates":[114.35404989459967,22.41381658502517]},"properties":{"OBJECTID":761,"GEO_NAME_ID":"1372","PLACE_CLASS":"Hydrographic","PLACE_TYPE":"Stream","DISTRICT":"TP"}},{"type":"Feature","id":762,"geometry":{"type":"Point","coordinates":[114.28409573170396,22.50860732102463]},"properties":{"OBJECTID":762,"GEO_NAME_ID":"1373","PLACE_CLASS":"Hydrographic","PLACE_TYPE":"Bay","DISTRICT":"NTH"}},{"type":"Feature","id":763,"geometry":{"type":"Point","coordinates":[114.0458020883942,22.488307495730247]},"properties":{"OBJECTID":763,"GEO_NAME_ID":"1374","PLACE_CLASS":"Settlement","PLACE_TYPE":"Village","DISTRICT":"YL"}},{"type":"Feature","id":764,"geometry":{"type":"Point","coordinates":[114.20772817839929,22.53233575793033]},"properties":{"OBJECTID":764,"GEO_NAME_ID":"1375","PLACE_CLASS":"Settlement","PLACE_TYPE":"Area","DISTRICT":"NTH"}},{"type":"Feature","id":765,"geometry":{"type":"Point","coordinates":[114.16333441418995,22.521555900460051]},"properties":{"OBJECTID":765,"GEO_NAME_ID":"1376","PLACE_CLASS":"Topographic","PLACE_TYPE":"Hill","DISTRICT":"NTH"}},{"type":"Feature","id":766,"geometry":{"type":"Point","coordinates":[114.288440166184,22.532805730535156]},"properties":{"OBJECTID":766,"GEO_NAME_ID":"1377","PLACE_CLASS":"Topographic","PLACE_TYPE":"Island","DISTRICT":"NTH"}},{"type":"Feature","id":767,"geometry":{"type":"Point","coordinates":[114.16630494918154,22.443262442395756]},"properties":{"OBJECTID":767,"GEO_NAME_ID":"1378","PLACE_CLASS":"Settlement","PLACE_TYPE":"Village","DISTRICT":"TP"}},{"type":"Feature","id":768,"geometry":{"type":"Point","coordinates":[113.90660273308765,22.187924260906854]},"properties":{"OBJECTID":768,"GEO_NAME_ID":"1379","PLACE_CLASS":"Topographic","PLACE_TYPE":"Cape","DISTRICT":"ILD"}},{"type":"Feature","id":769,"geometry":{"type":"Point","coordinates":[114.11672387300555,22.234663513489213]},"properties":{"OBJECTID":769,"GEO_NAME_ID":"1380","PLACE_CLASS":"Settlement","PLACE_TYPE":"Area","DISTRICT":"ILD"}},{"type":"Feature","id":770,"geometry":{"type":"Point","coordinates":[114.11805978578258,22.241148030728155]},"properties":{"OBJECTID":770,"GEO_NAME_ID":"1381","PLACE_CLASS":"Topographic","PLACE_TYPE":"Cape","DISTRICT":"ILD"}},{"type":"Feature","id":771,"geometry":{"type":"Point","coordinates":[113.87944125630779,22.211266294700014]},"properties":{"OBJECTID":771,"GEO_NAME_ID":"1382","PLACE_CLASS":"Topographic","PLACE_TYPE":"Cape","DISTRICT":"ILD"}},{"type":"Feature","id":772,"geometry":{"type":"Point","coordinates":[114.29212100781631,22.458392757404894]},"properties":{"OBJECTID":772,"GEO_NAME_ID":"1383","PLACE_CLASS":"Topographic","PLACE_TYPE":"Cape","DISTRICT":"TP"}},{"type":"Feature","id":773,"geometry":{"type":"Point","coordinates":[114.11179593003116,22.235275704184524]},"properties":{"OBJECTID":773,"GEO_NAME_ID":"1384","PLACE_CLASS":"Settlement","PLACE_TYPE":"Village","DISTRICT":"ILD"}},{"type":"Feature","id":774,"geometry":{"type":"Point","coordinates":[114.11394539509899,22.236892228894288]},"properties":{"OBJECTID":774,"GEO_NAME_ID":"1385","PLACE_CLASS":"Settlement","PLACE_TYPE":"Village","DISTRICT":"ILD"}},{"type":"Feature","id":775,"geometry":{"type":"Point","coordinates":[114.31821992815739,22.499451280280287]},"properties":{"OBJECTID":775,"GEO_NAME_ID":"1386","PLACE_CLASS":"Topographic","PLACE_TYPE":"Hill","DISTRICT":"TP"}},{"type":"Feature","id":776,"geometry":{"type":"Point","coordinates":[114.11870205290077,22.236226540812869]},"properties":{"OBJECTID":776,"GEO_NAME_ID":"1387","PLACE_CLASS":"Topographic","PLACE_TYPE":"Hill","DISTRICT":"ILD"}},{"type":"Feature","id":777,"geometry":{"type":"Point","coordinates":[114.03565799200057,22.217328634117877]},"properties":{"OBJECTID":777,"GEO_NAME_ID":"1388","PLACE_CLASS":"Topographic","PLACE_TYPE":"Cape","DISTRICT":"ILD"}},{"type":"Feature","id":778,"geometry":{"type":"Point","coordinates":[114.11820630849897,22.238709800318105]},"properties":{"OBJECTID":778,"GEO_NAME_ID":"1389","PLACE_CLASS":"Settlement","PLACE_TYPE":"Village","DISTRICT":"ILD"}},{"type":"Feature","id":779,"geometry":{"type":"Point","coordinates":[114.26273054429365,22.535891822624968]},"properties":{"OBJECTID":779,"GEO_NAME_ID":"1390","PLACE_CLASS":"Hydrographic","PLACE_TYPE":"Bay","DISTRICT":"NTH"}},{"type":"Feature","id":780,"geometry":{"type":"Point","coordinates":[114.25862384041739,22.379297198005421]},"properties":{"OBJECTID":780,"GEO_NAME_ID":"1391","PLACE_CLASS":"Settlement","PLACE_TYPE":"Village","DISTRICT":"SK"}},{"type":"Feature","id":781,"geometry":{"type":"Point","coordinates":[114.26156841454527,22.383278141633571]},"properties":{"OBJECTID":781,"GEO_NAME_ID":"1392","PLACE_CLASS":"Settlement","PLACE_TYPE":"Village","DISTRICT":"SK"}},{"type":"Feature","id":782,"geometry":{"type":"Point","coordinates":[114.20585687046126,22.555318330965385]},"properties":{"OBJECTID":782,"GEO_NAME_ID":"1393","PLACE_CLASS":"Settlement","PLACE_TYPE":"Area","DISTRICT":"NTH"}},{"type":"Feature","id":783,"geometry":{"type":"Point","coordinates":[114.26059536379842,22.460895570145528]},"properties":{"OBJECTID":783,"GEO_NAME_ID":"1394","PLACE_CLASS":"Topographic","PLACE_TYPE":"Cape","DISTRICT":"TP"}},{"type":"Feature","id":784,"geometry":{"type":"Point","coordinates":[114.3604297969337,22.353702518071639]},"properties":{"OBJECTID":784,"GEO_NAME_ID":"1395","PLACE_CLASS":"Settlement","PLACE_TYPE":"Village","DISTRICT":"SK"}},{"type":"Feature","id":785,"geometry":{"type":"Point","coordinates":[114.36445796450282,22.353119947858072]},"properties":{"OBJECTID":785,"GEO_NAME_ID":"1396","PLACE_CLASS":"Hydrographic","PLACE_TYPE":"Bay","DISTRICT":"SK"}},{"type":"Feature","id":786,"geometry":{"type":"Point","coordinates":[114.3611534765933,22.350324279485655]},"properties":{"OBJECTID":786,"GEO_NAME_ID":"1397","PLACE_CLASS":"Hydrographic","PLACE_TYPE":"Bay","DISTRICT":"SK"}},{"type":"Feature","id":787,"geometry":{"type":"Point","coordinates":[114.42792007061522,22.552334594269642]},"properties":{"OBJECTID":787,"GEO_NAME_ID":"1398","PLACE_CLASS":"Hydrographic","PLACE_TYPE":"Bay","DISTRICT":"TP"}},{"type":"Feature","id":788,"geometry":{"type":"Point","coordinates":[114.26588724762081,22.180484027991483]},"properties":{"OBJECTID":788,"GEO_NAME_ID":"1399","PLACE_CLASS":"Topographic","PLACE_TYPE":"Cape","DISTRICT":"ILD"}},{"type":"Feature","id":789,"geometry":{"type":"Point","coordinates":[114.25465049785757,22.182973236473622]},"properties":{"OBJECTID":789,"GEO_NAME_ID":"1400","PLACE_CLASS":"Settlement","PLACE_TYPE":"Area","DISTRICT":"ILD"}},{"type":"Feature","id":790,"geometry":{"type":"Point","coordinates":[114.26302459855972,22.176855208830869]},"properties":{"OBJECTID":790,"GEO_NAME_ID":"1401","PLACE_CLASS":"Settlement","PLACE_TYPE":"Area","DISTRICT":"ILD"}},{"type":"Feature","id":791,"geometry":{"type":"Point","coordinates":[114.26319030475686,22.178281978705456]},"properties":{"OBJECTID":791,"GEO_NAME_ID":"1402","PLACE_CLASS":"Hydrographic","PLACE_TYPE":"Bay","DISTRICT":"ILD"}},{"type":"Feature","id":792,"geometry":{"type":"Point","coordinates":[113.92170073937456,22.391082074951203]},"properties":{"OBJECTID":792,"GEO_NAME_ID":"1403","PLACE_CLASS":"Settlement","PLACE_TYPE":"Village","DISTRICT":"TM"}},{"type":"Feature","id":793,"geometry":{"type":"Point","coordinates":[114.27506251524704,22.35084186926332]},"properties":{"OBJECTID":793,"GEO_NAME_ID":"1404","PLACE_CLASS":"Topographic","PLACE_TYPE":"Cape","DISTRICT":"SK"}},{"type":"Feature","id":794,"geometry":{"type":"Point","coordinates":[114.27434178889632,22.347501000376216]},"properties":{"OBJECTID":794,"GEO_NAME_ID":"1405","PLACE_CLASS":"Topographic","PLACE_TYPE":"Reef","DISTRICT":"SK"}},{"type":"Feature","id":795,"geometry":{"type":"Point","coordinates":[114.3346242087961,22.370147208819681]},"properties":{"OBJECTID":795,"GEO_NAME_ID":"1406","PLACE_CLASS":"Topographic","PLACE_TYPE":"Cape","DISTRICT":"SK"}},{"type":"Feature","id":796,"geometry":{"type":"Point","coordinates":[113.97118208338789,22.295419961173565]},"properties":{"OBJECTID":796,"GEO_NAME_ID":"1407","PLACE_CLASS":"Settlement","PLACE_TYPE":"Village","DISTRICT":"ILD"}},{"type":"Feature","id":797,"geometry":{"type":"Point","coordinates":[114.06342969716728,22.345088527037674]},"properties":{"OBJECTID":797,"GEO_NAME_ID":"1408","PLACE_CLASS":"Topographic","PLACE_TYPE":"Hill","DISTRICT":"TW"}},{"type":"Feature","id":798,"geometry":{"type":"Point","coordinates":[113.9903214807896,22.271530059687478]},"properties":{"OBJECTID":798,"GEO_NAME_ID":"1409","PLACE_CLASS":"Settlement","PLACE_TYPE":"Village","DISTRICT":"ILD"}},{"type":"Feature","id":799,"geometry":{"type":"Point","coordinates":[114.12362914732964,22.44254964188849]},"properties":{"OBJECTID":799,"GEO_NAME_ID":"1410","PLACE_CLASS":"Settlement","PLACE_TYPE":"Village","DISTRICT":"TP"}},{"type":"Feature","id":800,"geometry":{"type":"Point","coordinates":[114.3097087972093,22.307696195221801]},"properties":{"OBJECTID":800,"GEO_NAME_ID":"1411","PLACE_CLASS":"Topographic","PLACE_TYPE":"Reef","DISTRICT":"SK"}},{"type":"Feature","id":801,"geometry":{"type":"Point","coordinates":[114.25685087409539,22.454079492187013]},"properties":{"OBJECTID":801,"GEO_NAME_ID":"1412","PLACE_CLASS":"Topographic","PLACE_TYPE":"Cape","DISTRICT":"TP"}},{"type":"Feature","id":802,"geometry":{"type":"Point","coordinates":[114.09515330841516,22.432342396301632]},"properties":{"OBJECTID":802,"GEO_NAME_ID":"1413","PLACE_CLASS":"Settlement","PLACE_TYPE":"Village","DISTRICT":"YL"}},{"type":"Feature","id":803,"geometry":{"type":"Point","coordinates":[114.28551719625459,22.374603559692467]},"properties":{"OBJECTID":803,"GEO_NAME_ID":"1414","PLACE_CLASS":"Topographic","PLACE_TYPE":"Island","DISTRICT":"SK"}},{"type":"Feature","id":804,"geometry":{"type":"Point","coordinates":[114.31943074588381,22.448094309612227]},"properties":{"OBJECTID":804,"GEO_NAME_ID":"1415","PLACE_CLASS":"Settlement","PLACE_TYPE":"Village","DISTRICT":"TP"}},{"type":"Feature","id":805,"geometry":{"type":"Point","coordinates":[114.324663184938,22.45359816320396]},"properties":{"OBJECTID":805,"GEO_NAME_ID":"1416","PLACE_CLASS":"Settlement","PLACE_TYPE":"Village","DISTRICT":"TP"}},{"type":"Feature","id":806,"geometry":{"type":"Point","coordinates":[114.286545823239,22.534342191515922]},"properties":{"OBJECTID":806,"GEO_NAME_ID":"1417","PLACE_CLASS":"Topographic","PLACE_TYPE":"Cape","DISTRICT":"NTH"}},{"type":"Feature","id":807,"geometry":{"type":"Point","coordinates":[114.25193570598589,22.45552672443883]},"properties":{"OBJECTID":807,"GEO_NAME_ID":"1418","PLACE_CLASS":"Settlement","PLACE_TYPE":"Area","DISTRICT":"TP"}},{"type":"Feature","id":808,"geometry":{"type":"Point","coordinates":[114.2862917987311,22.532716902436022]},"properties":{"OBJECTID":808,"GEO_NAME_ID":"1419","PLACE_CLASS":"Topographic","PLACE_TYPE":"Cape","DISTRICT":"NTH"}},{"type":"Feature","id":809,"geometry":{"type":"Point","coordinates":[114.24681289284433,22.449966275052219]},"properties":{"OBJECTID":809,"GEO_NAME_ID":"1420","PLACE_CLASS":"Topographic","PLACE_TYPE":"Cape","DISTRICT":"TP"}},{"type":"Feature","id":810,"geometry":{"type":"Point","coordinates":[114.02193181624634,22.421632795780042]},"properties":{"OBJECTID":810,"GEO_NAME_ID":"1421","PLACE_CLASS":"Settlement","PLACE_TYPE":"Village","DISTRICT":"YL"}},{"type":"Feature","id":811,"geometry":{"type":"Point","coordinates":[113.93270378200958,22.290363706140436]},"properties":{"OBJECTID":811,"GEO_NAME_ID":"1422","PLACE_CLASS":"Topographic","PLACE_TYPE":"Cape","DISTRICT":"ILD"}},{"type":"Feature","id":812,"geometry":{"type":"Point","coordinates":[114.30368545472643,22.354560624961561]},"properties":{"OBJECTID":812,"GEO_NAME_ID":"1423","PLACE_CLASS":"Topographic","PLACE_TYPE":"Cape","DISTRICT":"SK"}},{"type":"Feature","id":813,"geometry":{"type":"Point","coordinates":[114.2572349230056,22.361742540619485]},"properties":{"OBJECTID":813,"GEO_NAME_ID":"1424","PLACE_CLASS":"Settlement","PLACE_TYPE":"Village","DISTRICT":"SK"}},{"type":"Feature","id":814,"geometry":{"type":"Point","coordinates":[114.2390142735248,22.280764243289532]},"properties":{"OBJECTID":814,"GEO_NAME_ID":"1425","PLACE_CLASS":"Topographic","PLACE_TYPE":"Cape","DISTRICT":"EST"}},{"type":"Feature","id":815,"geometry":{"type":"Point","coordinates":[113.91285607921537,22.183328870937462]},"properties":{"OBJECTID":815,"GEO_NAME_ID":"1426","PLACE_CLASS":"Hydrographic","PLACE_TYPE":"Bay","DISTRICT":"ILD"}},{"type":"Feature","id":816,"geometry":{"type":"Point","coordinates":[114.02710774109832,22.213383612841749]},"properties":{"OBJECTID":816,"GEO_NAME_ID":"1427","PLACE_CLASS":"Settlement","PLACE_TYPE":"Village","DISTRICT":"ILD"}},{"type":"Feature","id":817,"geometry":{"type":"Point","coordinates":[114.17261203322354,22.366115172300823]},"properties":{"OBJECTID":817,"GEO_NAME_ID":"1428","PLACE_CLASS":"Settlement","PLACE_TYPE":"Area","DISTRICT":"ST"}},{"type":"Feature","id":818,"geometry":{"type":"Point","coordinates":[114.0921162002239,22.50493635041374]},"properties":{"OBJECTID":818,"GEO_NAME_ID":"1429","PLACE_CLASS":"Settlement","PLACE_TYPE":"Village","DISTRICT":"NTH"}},{"type":"Feature","id":819,"geometry":{"type":"Point","coordinates":[114.01334642589424,22.379316549042414]},"properties":{"OBJECTID":819,"GEO_NAME_ID":"1430","PLACE_CLASS":"Settlement","PLACE_TYPE":"Area","DISTRICT":"TM"}},{"type":"Feature","id":820,"geometry":{"type":"Point","coordinates":[114.0941731759887,22.395837302167436]},"properties":{"OBJECTID":820,"GEO_NAME_ID":"1431","PLACE_CLASS":"Settlement","PLACE_TYPE":"Village","DISTRICT":"TW"}},{"type":"Feature","id":821,"geometry":{"type":"Point","coordinates":[114.20197390778414,22.427051144273786]},"properties":{"OBJECTID":821,"GEO_NAME_ID":"1432","PLACE_CLASS":"Settlement","PLACE_TYPE":"Village","DISTRICT":"TP"}},{"type":"Feature","id":822,"geometry":{"type":"Point","coordinates":[114.24494077561317,22.336236854804735]},"properties":{"OBJECTID":822,"GEO_NAME_ID":"1433","PLACE_CLASS":"Settlement","PLACE_TYPE":"Village","DISTRICT":"SK"}},{"type":"Feature","id":823,"geometry":{"type":"Point","coordinates":[114.24394097608041,22.336309516513062]},"properties":{"OBJECTID":823,"GEO_NAME_ID":"1434","PLACE_CLASS":"Settlement","PLACE_TYPE":"Village","DISTRICT":"SK"}},{"type":"Feature","id":824,"geometry":{"type":"Point","coordinates":[114.27229637190835,22.309040995540272]},"properties":{"OBJECTID":824,"GEO_NAME_ID":"1435","PLACE_CLASS":"Settlement","PLACE_TYPE":"Area","DISTRICT":"SK"}},{"type":"Feature","id":825,"geometry":{"type":"Point","coordinates":[114.26620242838641,22.341012723383642]},"properties":{"OBJECTID":825,"GEO_NAME_ID":"1436","PLACE_CLASS":"Hydrographic","PLACE_TYPE":"Bay","DISTRICT":"SK"}},{"type":"Feature","id":826,"geometry":{"type":"Point","coordinates":[114.127749392448,22.466472587162361]},"properties":{"OBJECTID":826,"GEO_NAME_ID":"1437","PLACE_CLASS":"Topographic","PLACE_TYPE":"Hill","DISTRICT":"NTH"}},{"type":"Feature","id":827,"geometry":{"type":"Point","coordinates":[114.31794462330438,22.4099058272867]},"properties":{"OBJECTID":827,"GEO_NAME_ID":"1438","PLACE_CLASS":"Settlement","PLACE_TYPE":"Village","DISTRICT":"SK"}},{"type":"Feature","id":828,"geometry":{"type":"Point","coordinates":[114.33262085633123,22.419573006821608]},"properties":{"OBJECTID":828,"GEO_NAME_ID":"1439","PLACE_CLASS":"Settlement","PLACE_TYPE":"Village","DISTRICT":"TP"}},{"type":"Feature","id":829,"geometry":{"type":"Point","coordinates":[114.32231281920278,22.398361001123138]},"properties":{"OBJECTID":829,"GEO_NAME_ID":"1440","PLACE_CLASS":"Settlement","PLACE_TYPE":"Village","DISTRICT":"SK"}},{"type":"Feature","id":830,"geometry":{"type":"Point","coordinates":[114.1715143922829,22.379299721358873]},"properties":{"OBJECTID":830,"GEO_NAME_ID":"1441","PLACE_CLASS":"Settlement","PLACE_TYPE":"Area","DISTRICT":"ST"}},{"type":"Feature","id":831,"geometry":{"type":"Point","coordinates":[114.13726694269377,22.447411944450259]},"properties":{"OBJECTID":831,"GEO_NAME_ID":"1443","PLACE_CLASS":"Settlement","PLACE_TYPE":"Village","DISTRICT":"TP"}},{"type":"Feature","id":832,"geometry":{"type":"Point","coordinates":[114.17392930258227,22.518802177765643]},"properties":{"OBJECTID":832,"GEO_NAME_ID":"1444","PLACE_CLASS":"Settlement","PLACE_TYPE":"Village","DISTRICT":"NTH"}},{"type":"Feature","id":833,"geometry":{"type":"Point","coordinates":[114.11254540997118,22.378095007689467]},"properties":{"OBJECTID":833,"GEO_NAME_ID":"1445","PLACE_CLASS":"Settlement","PLACE_TYPE":"Village","DISTRICT":"TW"}},{"type":"Feature","id":834,"geometry":{"type":"Point","coordinates":[114.12062455288567,22.377104658018204]},"properties":{"OBJECTID":834,"GEO_NAME_ID":"1446","PLACE_CLASS":"Settlement","PLACE_TYPE":"Village","DISTRICT":"TW"}},{"type":"Feature","id":835,"geometry":{"type":"Point","coordinates":[114.42605728031852,22.54906853127693]},"properties":{"OBJECTID":835,"GEO_NAME_ID":"1447","PLACE_CLASS":"Settlement","PLACE_TYPE":"Area","DISTRICT":"TP"}},{"type":"Feature","id":836,"geometry":{"type":"Point","coordinates":[113.90862559954994,22.164357527168342]},"properties":{"OBJECTID":836,"GEO_NAME_ID":"1448","PLACE_CLASS":"Hydrographic","PLACE_TYPE":"Bay","DISTRICT":"ILD"}},{"type":"Feature","id":837,"geometry":{"type":"Point","coordinates":[114.02124811091984,22.197285416490104]},"properties":{"OBJECTID":837,"GEO_NAME_ID":"1449","PLACE_CLASS":"Hydrographic","PLACE_TYPE":"Bay","DISTRICT":"ILD"}},{"type":"Feature","id":838,"geometry":{"type":"Point","coordinates":[114.25456396056695,22.359910644813056]},"properties":{"OBJECTID":838,"GEO_NAME_ID":"1450","PLACE_CLASS":"Settlement","PLACE_TYPE":"Village","DISTRICT":"SK"}},{"type":"Feature","id":839,"geometry":{"type":"Point","coordinates":[114.06085041692494,22.446869417857855]},"properties":{"OBJECTID":839,"GEO_NAME_ID":"1451","PLACE_CLASS":"Settlement","PLACE_TYPE":"Village","DISTRICT":"YL"}},{"type":"Feature","id":840,"geometry":{"type":"Point","coordinates":[114.36201217321987,22.485509165984737]},"properties":{"OBJECTID":840,"GEO_NAME_ID":"1452","PLACE_CLASS":"Hydrographic","PLACE_TYPE":"Bay","DISTRICT":"TP"}},{"type":"Feature","id":841,"geometry":{"type":"Point","coordinates":[114.0625485646774,22.354208760881541]},"properties":{"OBJECTID":841,"GEO_NAME_ID":"1453","PLACE_CLASS":"Settlement","PLACE_TYPE":"Area","DISTRICT":"TW"}},{"type":"Feature","id":842,"geometry":{"type":"Point","coordinates":[114.06194607633373,22.354903686321062]},"properties":{"OBJECTID":842,"GEO_NAME_ID":"1454","PLACE_CLASS":"Hydrographic","PLACE_TYPE":"Bay","DISTRICT":"TW"}},{"type":"Feature","id":843,"geometry":{"type":"Point","coordinates":[114.05772318863433,22.354584566477165]},"properties":{"OBJECTID":843,"GEO_NAME_ID":"1455","PLACE_CLASS":"Topographic","PLACE_TYPE":"Hill","DISTRICT":"TW"}},{"type":"Feature","id":844,"geometry":{"type":"Point","coordinates":[114.16521676907307,22.445050397925126]},"properties":{"OBJECTID":844,"GEO_NAME_ID":"1457","PLACE_CLASS":"Settlement","PLACE_TYPE":"Village","DISTRICT":"TP"}},{"type":"Feature","id":845,"geometry":{"type":"Point","coordinates":[114.16613770612807,22.443731500388839]},"properties":{"OBJECTID":845,"GEO_NAME_ID":"1458","PLACE_CLASS":"Settlement","PLACE_TYPE":"Village","DISTRICT":"TP"}},{"type":"Feature","id":846,"geometry":{"type":"Point","coordinates":[114.28525690835022,22.314270592943881]},"properties":{"OBJECTID":846,"GEO_NAME_ID":"1459","PLACE_CLASS":"Settlement","PLACE_TYPE":"Village","DISTRICT":"SK"}},{"type":"Feature","id":847,"geometry":{"type":"Point","coordinates":[114.29025580116169,22.314899314830452]},"properties":{"OBJECTID":847,"GEO_NAME_ID":"1460","PLACE_CLASS":"Hydrographic","PLACE_TYPE":"Bay","DISTRICT":"SK"}},{"type":"Feature","id":848,"geometry":{"type":"Point","coordinates":[114.25408489962065,22.529322108819969]},"properties":{"OBJECTID":848,"GEO_NAME_ID":"1461","PLACE_CLASS":"Topographic","PLACE_TYPE":"Hill","DISTRICT":"NTH"}},{"type":"Feature","id":849,"geometry":{"type":"Point","coordinates":[114.07515368276073,22.441289008470104]},"properties":{"OBJECTID":849,"GEO_NAME_ID":"1462","PLACE_CLASS":"Settlement","PLACE_TYPE":"Village","DISTRICT":"YL"}},{"type":"Feature","id":850,"geometry":{"type":"Point","coordinates":[114.08384482171083,22.491341055790564]},"properties":{"OBJECTID":850,"GEO_NAME_ID":"1463","PLACE_CLASS":"Settlement","PLACE_TYPE":"Village","DISTRICT":"YL"}},{"type":"Feature","id":851,"geometry":{"type":"Point","coordinates":[114.09573370787031,22.43458220698885]},"properties":{"OBJECTID":851,"GEO_NAME_ID":"1467","PLACE_CLASS":"Settlement","PLACE_TYPE":"Area","DISTRICT":"YL"}},{"type":"Feature","id":852,"geometry":{"type":"Point","coordinates":[114.27679915536373,22.512052586201598]},"properties":{"OBJECTID":852,"GEO_NAME_ID":"1468","PLACE_CLASS":"Topographic","PLACE_TYPE":"Rock","DISTRICT":"NTH"}},{"type":"Feature","id":853,"geometry":{"type":"Point","coordinates":[114.22816350163009,22.486480019101794]},"properties":{"OBJECTID":853,"GEO_NAME_ID":"1469","PLACE_CLASS":"Topographic","PLACE_TYPE":"Hill","DISTRICT":"TP"}},{"type":"Feature","id":854,"geometry":{"type":"Point","coordinates":[114.19570497938059,22.399192936440123]},"properties":{"OBJECTID":854,"GEO_NAME_ID":"1470","PLACE_CLASS":"Settlement","PLACE_TYPE":"Village","DISTRICT":"ST"}},{"type":"Feature","id":855,"geometry":{"type":"Point","coordinates":[113.83675585191679,22.216420454034242]},"properties":{"OBJECTID":855,"GEO_NAME_ID":"1471","PLACE_CLASS":"Topographic","PLACE_TYPE":"Island","DISTRICT":"ILD"}},{"type":"Feature","id":856,"geometry":{"type":"Point","coordinates":[113.98975027382393,22.365266619107043]},"properties":{"OBJECTID":856,"GEO_NAME_ID":"1472","PLACE_CLASS":"Topographic","PLACE_TYPE":"Island","DISTRICT":"TM"}},{"type":"Feature","id":857,"geometry":{"type":"Point","coordinates":[114.24417158347899,22.351598164006269]},"properties":{"OBJECTID":857,"GEO_NAME_ID":"1473","PLACE_CLASS":"Settlement","PLACE_TYPE":"Village","DISTRICT":"SK"}},{"type":"Feature","id":858,"geometry":{"type":"Point","coordinates":[114.12121910041598,22.493354005965912]},"properties":{"OBJECTID":858,"GEO_NAME_ID":"1474","PLACE_CLASS":"Settlement","PLACE_TYPE":"Village","DISTRICT":"NTH"}},{"type":"Feature","id":859,"geometry":{"type":"Point","coordinates":[114.03966460083262,22.286073370980979]},"properties":{"OBJECTID":859,"GEO_NAME_ID":"1476","PLACE_CLASS":"Topographic","PLACE_TYPE":"Island","DISTRICT":"ILD"}},{"type":"Feature","id":860,"geometry":{"type":"Point","coordinates":[114.13412357529438,22.210268061760953]},"properties":{"OBJECTID":860,"GEO_NAME_ID":"1478","PLACE_CLASS":"Hydrographic","PLACE_TYPE":"Bay","DISTRICT":"ILD"}},{"type":"Feature","id":861,"geometry":{"type":"Point","coordinates":[114.25966977083856,22.341792823577261]},"properties":{"OBJECTID":861,"GEO_NAME_ID":"1480","PLACE_CLASS":"Settlement","PLACE_TYPE":"Village","DISTRICT":"SK"}},{"type":"Feature","id":862,"geometry":{"type":"Point","coordinates":[114.24689513875606,22.342701908009811]},"properties":{"OBJECTID":862,"GEO_NAME_ID":"1481","PLACE_CLASS":"Settlement","PLACE_TYPE":"Village","DISTRICT":"SK"}},{"type":"Feature","id":863,"geometry":{"type":"Point","coordinates":[114.24943644690993,22.338691217797557]},"properties":{"OBJECTID":863,"GEO_NAME_ID":"1482","PLACE_CLASS":"Settlement","PLACE_TYPE":"Area","DISTRICT":"SK"}},{"type":"Feature","id":864,"geometry":{"type":"Point","coordinates":[114.24698175688316,22.341202796762012]},"properties":{"OBJECTID":864,"GEO_NAME_ID":"1483","PLACE_CLASS":"Settlement","PLACE_TYPE":"Village","DISTRICT":"SK"}},{"type":"Feature","id":865,"geometry":{"type":"Point","coordinates":[113.94251058683163,22.367105860706719]},"properties":{"OBJECTID":865,"GEO_NAME_ID":"1484","PLACE_CLASS":"Settlement","PLACE_TYPE":"Area","DISTRICT":"TM"}},{"type":"Feature","id":866,"geometry":{"type":"Point","coordinates":[114.3684893425521,22.326502236498772]},"properties":{"OBJECTID":866,"GEO_NAME_ID":"1485","PLACE_CLASS":"Topographic","PLACE_TYPE":"Island","DISTRICT":"SK"}},{"type":"Feature","id":867,"geometry":{"type":"Point","coordinates":[114.17220521224371,22.462372904307113]},"properties":{"OBJECTID":867,"GEO_NAME_ID":"1486","PLACE_CLASS":"Settlement","PLACE_TYPE":"Village","DISTRICT":"TP"}},{"type":"Feature","id":868,"geometry":{"type":"Point","coordinates":[114.43056728145703,22.543227919522369]},"properties":{"OBJECTID":868,"GEO_NAME_ID":"1487","PLACE_CLASS":"Topographic","PLACE_TYPE":"Island","DISTRICT":"TP"}},{"type":"Feature","id":869,"geometry":{"type":"Point","coordinates":[114.43529775661337,22.54636292663757]},"properties":{"OBJECTID":869,"GEO_NAME_ID":"1488","PLACE_CLASS":"Hydrographic","PLACE_TYPE":"Bay","DISTRICT":"TP"}},{"type":"Feature","id":870,"geometry":{"type":"Point","coordinates":[114.16212870707666,22.525556247287128]},"properties":{"OBJECTID":870,"GEO_NAME_ID":"1489","PLACE_CLASS":"Settlement","PLACE_TYPE":"Village","DISTRICT":"NTH"}},{"type":"Feature","id":871,"geometry":{"type":"Point","coordinates":[114.16114708149186,22.524445419639921]},"properties":{"OBJECTID":871,"GEO_NAME_ID":"1490","PLACE_CLASS":"Settlement","PLACE_TYPE":"Village","DISTRICT":"NTH"}},{"type":"Feature","id":872,"geometry":{"type":"Point","coordinates":[114.19406562876952,22.493182076616364]},"properties":{"OBJECTID":872,"GEO_NAME_ID":"1491","PLACE_CLASS":"Topographic","PLACE_TYPE":"Hill","DISTRICT":"NTH"}},{"type":"Feature","id":873,"geometry":{"type":"Point","coordinates":[114.08849206402246,22.518660569397095]},"properties":{"OBJECTID":873,"GEO_NAME_ID":"1492","PLACE_CLASS":"Settlement","PLACE_TYPE":"Area","DISTRICT":"YL"}},{"type":"Feature","id":874,"geometry":{"type":"Point","coordinates":[114.12249333260321,22.490365378516369]},"properties":{"OBJECTID":874,"GEO_NAME_ID":"1493","PLACE_CLASS":"Settlement","PLACE_TYPE":"Village","DISTRICT":"NTH"}},{"type":"Feature","id":875,"geometry":{"type":"Point","coordinates":[114.13411041858882,22.444792308786631]},"properties":{"OBJECTID":875,"GEO_NAME_ID":"1494","PLACE_CLASS":"Settlement","PLACE_TYPE":"Village","DISTRICT":"TP"}},{"type":"Feature","id":876,"geometry":{"type":"Point","coordinates":[114.31864167717728,22.311806578811755]},"properties":{"OBJECTID":876,"GEO_NAME_ID":"1495","PLACE_CLASS":"Topographic","PLACE_TYPE":"Island","DISTRICT":"SK"}},{"type":"Feature","id":877,"geometry":{"type":"Point","coordinates":[114.35591700930388,22.35493572263443]},"properties":{"OBJECTID":877,"GEO_NAME_ID":"1496","PLACE_CLASS":"Topographic","PLACE_TYPE":"Hill","DISTRICT":"SK"}},{"type":"Feature","id":878,"geometry":{"type":"Point","coordinates":[114.01036524291095,22.444685035878837]},"properties":{"OBJECTID":878,"GEO_NAME_ID":"1497","PLACE_CLASS":"Settlement","PLACE_TYPE":"Area","DISTRICT":"YL"}},{"type":"Feature","id":879,"geometry":{"type":"Point","coordinates":[114.189507264982,22.48658127353481]},"properties":{"OBJECTID":879,"GEO_NAME_ID":"1498","PLACE_CLASS":"Settlement","PLACE_TYPE":"Village","DISTRICT":"TP"}},{"type":"Feature","id":880,"geometry":{"type":"Point","coordinates":[114.00760980718987,22.44178340348498]},"properties":{"OBJECTID":880,"GEO_NAME_ID":"1499","PLACE_CLASS":"Settlement","PLACE_TYPE":"Village","DISTRICT":"YL"}},{"type":"Feature","id":881,"geometry":{"type":"Point","coordinates":[114.22421526094088,22.391294431566632]},"properties":{"OBJECTID":881,"GEO_NAME_ID":"5081","PLACE_CLASS":"Topographic","PLACE_TYPE":"Hill","DISTRICT":"ST"}},{"type":"Feature","id":882,"geometry":{"type":"Point","coordinates":[114.19890951670534,22.212349227877134]},"properties":{"OBJECTID":882,"GEO_NAME_ID":"250","PLACE_CLASS":"Topographic","PLACE_TYPE":"Cape","DISTRICT":"STH"}},{"type":"Feature","id":883,"geometry":{"type":"Point","coordinates":[114.20003484263212,22.214110060039598]},"properties":{"OBJECTID":883,"GEO_NAME_ID":"253","PLACE_CLASS":"Topographic","PLACE_TYPE":"Hill","DISTRICT":"STH"}},{"type":"Feature","id":884,"geometry":{"type":"Point","coordinates":[114.19900748232617,22.218580403881585]},"properties":{"OBJECTID":884,"GEO_NAME_ID":"254","PLACE_CLASS":"Hydrographic","PLACE_TYPE":"Bay","DISTRICT":"STH"}},{"type":"Feature","id":885,"geometry":{"type":"Point","coordinates":[114.29189469279051,22.548931476841098]},"properties":{"OBJECTID":885,"GEO_NAME_ID":"255","PLACE_CLASS":"Settlement","PLACE_TYPE":"Village","DISTRICT":"NTH"}},{"type":"Feature","id":886,"geometry":{"type":"Point","coordinates":[114.1308406631674,22.373333122661226]},"properties":{"OBJECTID":886,"GEO_NAME_ID":"256","PLACE_CLASS":"Settlement","PLACE_TYPE":"Village","DISTRICT":"TW"}},{"type":"Feature","id":887,"geometry":{"type":"Point","coordinates":[114.24178371113091,22.498515905773768]},"properties":{"OBJECTID":887,"GEO_NAME_ID":"257","PLACE_CLASS":"Settlement","PLACE_TYPE":"Area","DISTRICT":"TP"}},{"type":"Feature","id":888,"geometry":{"type":"Point","coordinates":[114.36015016385146,22.473591187168388]},"properties":{"OBJECTID":888,"GEO_NAME_ID":"258","PLACE_CLASS":"Settlement","PLACE_TYPE":"Village","DISTRICT":"TP"}},{"type":"Feature","id":889,"geometry":{"type":"Point","coordinates":[114.10490755465581,22.351523948057459]},"properties":{"OBJECTID":889,"GEO_NAME_ID":"259","PLACE_CLASS":"Settlement","PLACE_TYPE":"Village","DISTRICT":"KC"}},{"type":"Feature","id":890,"geometry":{"type":"Point","coordinates":[114.23893047904392,22.485657742679908]},"properties":{"OBJECTID":890,"GEO_NAME_ID":"261","PLACE_CLASS":"Settlement","PLACE_TYPE":"Area","DISTRICT":"TP"}},{"type":"Feature","id":891,"geometry":{"type":"Point","coordinates":[114.33437127322831,22.447249620361731]},"properties":{"OBJECTID":891,"GEO_NAME_ID":"262","PLACE_CLASS":"Topographic","PLACE_TYPE":"Hill","DISTRICT":"TP"}},{"type":"Feature","id":892,"geometry":{"type":"Point","coordinates":[113.974889508399,22.423106987319652]},"properties":{"OBJECTID":892,"GEO_NAME_ID":"263","PLACE_CLASS":"Settlement","PLACE_TYPE":"Village","DISTRICT":"TM"}},{"type":"Feature","id":893,"geometry":{"type":"Point","coordinates":[114.16339025792965,22.446603494119067]},"properties":{"OBJECTID":893,"GEO_NAME_ID":"265","PLACE_CLASS":"Settlement","PLACE_TYPE":"Village","DISTRICT":"TP"}},{"type":"Feature","id":894,"geometry":{"type":"Point","coordinates":[114.12457494033171,22.51093729502254]},"properties":{"OBJECTID":894,"GEO_NAME_ID":"266","PLACE_CLASS":"Settlement","PLACE_TYPE":"Village","DISTRICT":"NTH"}},{"type":"Feature","id":895,"geometry":{"type":"Point","coordinates":[114.09502358938231,22.431250303887541]},"properties":{"OBJECTID":895,"GEO_NAME_ID":"267","PLACE_CLASS":"Settlement","PLACE_TYPE":"Village","DISTRICT":"YL"}},{"type":"Feature","id":896,"geometry":{"type":"Point","coordinates":[113.99251136817678,22.428754019527823]},"properties":{"OBJECTID":896,"GEO_NAME_ID":"268","PLACE_CLASS":"Settlement","PLACE_TYPE":"Village","DISTRICT":"TM"}},{"type":"Feature","id":897,"geometry":{"type":"Point","coordinates":[114.14083044382404,22.454573922954118]},"properties":{"OBJECTID":897,"GEO_NAME_ID":"269","PLACE_CLASS":"Settlement","PLACE_TYPE":"Village","DISTRICT":"TP"}},{"type":"Feature","id":898,"geometry":{"type":"Point","coordinates":[114.36183709147811,22.470753717889167]},"properties":{"OBJECTID":898,"GEO_NAME_ID":"270","PLACE_CLASS":"Settlement","PLACE_TYPE":"Village","DISTRICT":"TP"}},{"type":"Feature","id":899,"geometry":{"type":"Point","coordinates":[114.30901408550297,22.547961106668406]},"properties":{"OBJECTID":899,"GEO_NAME_ID":"271","PLACE_CLASS":"Hydrographic","PLACE_TYPE":"Bay","DISTRICT":"NTH"}},{"type":"Feature","id":900,"geometry":{"type":"Point","coordinates":[114.27166679256233,22.52550190178145]},"properties":{"OBJECTID":900,"GEO_NAME_ID":"272","PLACE_CLASS":"Hydrographic","PLACE_TYPE":"Bay","DISTRICT":"NTH"}},{"type":"Feature","id":901,"geometry":{"type":"Point","coordinates":[114.31094060871614,22.549612061057925]},"properties":{"OBJECTID":901,"GEO_NAME_ID":"273","PLACE_CLASS":"Topographic","PLACE_TYPE":"Hill","DISTRICT":"NTH"}},{"type":"Feature","id":902,"geometry":{"type":"Point","coordinates":[114.27390504618346,22.529203012956078]},"properties":{"OBJECTID":902,"GEO_NAME_ID":"274","PLACE_CLASS":"Topographic","PLACE_TYPE":"Cape","DISTRICT":"NTH"}},{"type":"Feature","id":903,"geometry":{"type":"Point","coordinates":[113.985364659217,22.405718060817577]},"properties":{"OBJECTID":903,"GEO_NAME_ID":"275","PLACE_CLASS":"Settlement","PLACE_TYPE":"Village","DISTRICT":"TM"}},{"type":"Feature","id":904,"geometry":{"type":"Point","coordinates":[114.09508128291935,22.453870916591175]},"properties":{"OBJECTID":904,"GEO_NAME_ID":"276","PLACE_CLASS":"Settlement","PLACE_TYPE":"Village","DISTRICT":"YL"}},{"type":"Feature","id":905,"geometry":{"type":"Point","coordinates":[114.29556810370677,22.28437207430666]},"properties":{"OBJECTID":905,"GEO_NAME_ID":"280","PLACE_CLASS":"Hydrographic","PLACE_TYPE":"Bay","DISTRICT":"SK"}},{"type":"Feature","id":906,"geometry":{"type":"Point","coordinates":[114.28101836136032,22.291877477767564]},"properties":{"OBJECTID":906,"GEO_NAME_ID":"282","PLACE_CLASS":"Topographic","PLACE_TYPE":"Peninsula","DISTRICT":"SK"}},{"type":"Feature","id":907,"geometry":{"type":"Point","coordinates":[114.17051959278542,22.475844484486164]},"properties":{"OBJECTID":907,"GEO_NAME_ID":"284","PLACE_CLASS":"Topographic","PLACE_TYPE":"Hill","DISTRICT":"TP"}},{"type":"Feature","id":908,"geometry":{"type":"Point","coordinates":[114.39141479682905,22.363832776900434]},"properties":{"OBJECTID":908,"GEO_NAME_ID":"285","PLACE_CLASS":"Topographic","PLACE_TYPE":"Island","DISTRICT":"SK"}},{"type":"Feature","id":909,"geometry":{"type":"Point","coordinates":[114.31599824868648,22.532423048539577]},"properties":{"OBJECTID":909,"GEO_NAME_ID":"286","PLACE_CLASS":"Hydrographic","PLACE_TYPE":"Bay","DISTRICT":"NTH"}},{"type":"Feature","id":910,"geometry":{"type":"Point","coordinates":[114.31599289336648,22.527077090831622]},"properties":{"OBJECTID":910,"GEO_NAME_ID":"287","PLACE_CLASS":"Topographic","PLACE_TYPE":"Island","DISTRICT":"NTH"}},{"type":"Feature","id":911,"geometry":{"type":"Point","coordinates":[114.22064776436216,22.317759638284429]},"properties":{"OBJECTID":911,"GEO_NAME_ID":"288","PLACE_CLASS":"Settlement","PLACE_TYPE":"Area","DISTRICT":"KT"}},{"type":"Feature","id":912,"geometry":{"type":"Point","coordinates":[114.27731586196143,22.541120974979918]},"properties":{"OBJECTID":912,"GEO_NAME_ID":"290","PLACE_CLASS":"Hydrographic","PLACE_TYPE":"Harbour","DISTRICT":"NTH"}},{"type":"Feature","id":913,"geometry":{"type":"Point","coordinates":[114.29523315017677,22.542029882678406]},"properties":{"OBJECTID":913,"GEO_NAME_ID":"291","PLACE_CLASS":"Topographic","PLACE_TYPE":"Island","DISTRICT":"NTH"}},{"type":"Feature","id":914,"geometry":{"type":"Point","coordinates":[114.19273828173679,22.357923739913442]},"properties":{"OBJECTID":914,"GEO_NAME_ID":"293","PLACE_CLASS":"Topographic","PLACE_TYPE":"Hill","DISTRICT":"ST"}},{"type":"Feature","id":915,"geometry":{"type":"Point","coordinates":[114.16134212037608,22.343754832640911]},"properties":{"OBJECTID":915,"GEO_NAME_ID":"294","PLACE_CLASS":"Topographic","PLACE_TYPE":"Hill","DISTRICT":"SSP"}},{"type":"Feature","id":916,"geometry":{"type":"Point","coordinates":[114.13335533114227,22.373830497055788]},"properties":{"OBJECTID":916,"GEO_NAME_ID":"295","PLACE_CLASS":"Settlement","PLACE_TYPE":"Village","DISTRICT":"TW"}},{"type":"Feature","id":917,"geometry":{"type":"Point","coordinates":[114.24885953577261,22.216850137703858]},"properties":{"OBJECTID":917,"GEO_NAME_ID":"296","PLACE_CLASS":"Topographic","PLACE_TYPE":"Hill","DISTRICT":"STH"}},{"type":"Feature","id":918,"geometry":{"type":"Point","coordinates":[114.24411272273693,22.228682383164756]},"properties":{"OBJECTID":918,"GEO_NAME_ID":"297","PLACE_CLASS":"Topographic","PLACE_TYPE":"Peninsula","DISTRICT":"STH"}},{"type":"Feature","id":919,"geometry":{"type":"Point","coordinates":[114.18349014793974,22.241700354428154]},"properties":{"OBJECTID":919,"GEO_NAME_ID":"299","PLACE_CLASS":"Hydrographic","PLACE_TYPE":"Bay","DISTRICT":"STH"}},{"type":"Feature","id":920,"geometry":{"type":"Point","coordinates":[114.23537840621131,22.334208712681839]},"properties":{"OBJECTID":920,"GEO_NAME_ID":"301","PLACE_CLASS":"Settlement","PLACE_TYPE":"Village","DISTRICT":"SK"}},{"type":"Feature","id":921,"geometry":{"type":"Point","coordinates":[114.24385270478714,22.293748358149106]},"properties":{"OBJECTID":921,"GEO_NAME_ID":"302","PLACE_CLASS":"Topographic","PLACE_TYPE":"Hill","DISTRICT":"SK"}},{"type":"Feature","id":922,"geometry":{"type":"Point","coordinates":[114.20407489710594,22.342127780342384]},"properties":{"OBJECTID":922,"GEO_NAME_ID":"303","PLACE_CLASS":"Settlement","PLACE_TYPE":"Area","DISTRICT":"WTS"}},{"type":"Feature","id":923,"geometry":{"type":"Point","coordinates":[114.20941538548344,22.347897325410663]},"properties":{"OBJECTID":923,"GEO_NAME_ID":"304","PLACE_CLASS":"Hydrographic","PLACE_TYPE":"Stream","DISTRICT":"WTS"}},{"type":"Feature","id":924,"geometry":{"type":"Point","coordinates":[114.02578859449675,22.303941638433102]},"properties":{"OBJECTID":924,"GEO_NAME_ID":"307","PLACE_CLASS":"Hydrographic","PLACE_TYPE":"Bay","DISTRICT":"ILD"}},{"type":"Feature","id":925,"geometry":{"type":"Point","coordinates":[114.29966025942501,22.524399336421173]},"properties":{"OBJECTID":925,"GEO_NAME_ID":"309","PLACE_CLASS":"Hydrographic","PLACE_TYPE":"Harbour","DISTRICT":"NTH"}},{"type":"Feature","id":926,"geometry":{"type":"Point","coordinates":[114.30936961255694,22.513013387911471]},"properties":{"OBJECTID":926,"GEO_NAME_ID":"310","PLACE_CLASS":"Topographic","PLACE_TYPE":"Island","DISTRICT":"NTH"}},{"type":"Feature","id":927,"geometry":{"type":"Point","coordinates":[114.24212914014349,22.239167817121949]},"properties":{"OBJECTID":927,"GEO_NAME_ID":"311","PLACE_CLASS":"Topographic","PLACE_TYPE":"Hill","DISTRICT":"STH"}},{"type":"Feature","id":928,"geometry":{"type":"Point","coordinates":[114.15652661143457,22.347294282118934]},"properties":{"OBJECTID":928,"GEO_NAME_ID":"312","PLACE_CLASS":"Topographic","PLACE_TYPE":"Hill","DISTRICT":"ST"}},{"type":"Feature","id":929,"geometry":{"type":"Point","coordinates":[114.14420507062528,22.231402237912604]},"properties":{"OBJECTID":929,"GEO_NAME_ID":"314","PLACE_CLASS":"Hydrographic","PLACE_TYPE":"Channel","DISTRICT":"ILD"}},{"type":"Feature","id":930,"geometry":{"type":"Point","coordinates":[114.36928958072565,22.265878975206377]},"properties":{"OBJECTID":930,"GEO_NAME_ID":"315","PLACE_CLASS":"Topographic","PLACE_TYPE":"Island","DISTRICT":"SK"}},{"type":"Feature","id":931,"geometry":{"type":"Point","coordinates":[114.03861510598288,22.205371977027532]},"properties":{"OBJECTID":931,"GEO_NAME_ID":"318","PLACE_CLASS":"Settlement","PLACE_TYPE":"Area","DISTRICT":"ILD"}},{"type":"Feature","id":932,"geometry":{"type":"Point","coordinates":[114.05541444264634,22.330028775480088]},"properties":{"OBJECTID":932,"GEO_NAME_ID":"319","PLACE_CLASS":"Settlement","PLACE_TYPE":"Village","DISTRICT":"TW"}},{"type":"Feature","id":933,"geometry":{"type":"Point","coordinates":[114.0454805943979,22.334202180221631]},"properties":{"OBJECTID":933,"GEO_NAME_ID":"320","PLACE_CLASS":"Topographic","PLACE_TYPE":"Hill","DISTRICT":"TW"}},{"type":"Feature","id":934,"geometry":{"type":"Point","coordinates":[114.22197868892265,22.381831088419727]},"properties":{"OBJECTID":934,"GEO_NAME_ID":"321","PLACE_CLASS":"Settlement","PLACE_TYPE":"Village","DISTRICT":"ST"}},{"type":"Feature","id":935,"geometry":{"type":"Point","coordinates":[114.37009584919637,22.358260713409599]},"properties":{"OBJECTID":935,"GEO_NAME_ID":"322","PLACE_CLASS":"Topographic","PLACE_TYPE":"Hill","DISTRICT":"SK"}},{"type":"Feature","id":936,"geometry":{"type":"Point","coordinates":[114.25168518795294,22.513628469445379]},"properties":{"OBJECTID":936,"GEO_NAME_ID":"324","PLACE_CLASS":"Topographic","PLACE_TYPE":"Hill","DISTRICT":"NTH"}},{"type":"Feature","id":937,"geometry":{"type":"Point","coordinates":[113.85996801600122,22.245274893888727]},"properties":{"OBJECTID":937,"GEO_NAME_ID":"325","PLACE_CLASS":"Settlement","PLACE_TYPE":"Village","DISTRICT":"ILD"}},{"type":"Feature","id":938,"geometry":{"type":"Point","coordinates":[113.84989043125734,22.202793090562263]},"properties":{"OBJECTID":938,"GEO_NAME_ID":"326","PLACE_CLASS":"Settlement","PLACE_TYPE":"Area","DISTRICT":"ILD"}},{"type":"Feature","id":939,"geometry":{"type":"Point","coordinates":[113.84533885127503,22.195938679347258]},"properties":{"OBJECTID":939,"GEO_NAME_ID":"327","PLACE_CLASS":"Topographic","PLACE_TYPE":"Cape","DISTRICT":"ILD"}},{"type":"Feature","id":940,"geometry":{"type":"Point","coordinates":[113.84688324547119,22.199012226546056]},"properties":{"OBJECTID":940,"GEO_NAME_ID":"328","PLACE_CLASS":"Hydrographic","PLACE_TYPE":"Bay","DISTRICT":"ILD"}},{"type":"Feature","id":941,"geometry":{"type":"Point","coordinates":[113.84832862778056,22.202988620484376]},"properties":{"OBJECTID":941,"GEO_NAME_ID":"329","PLACE_CLASS":"Hydrographic","PLACE_TYPE":"Bay","DISTRICT":"ILD"}},{"type":"Feature","id":942,"geometry":{"type":"Point","coordinates":[113.8544272619704,22.207805099042019]},"properties":{"OBJECTID":942,"GEO_NAME_ID":"330","PLACE_CLASS":"Topographic","PLACE_TYPE":"Hill","DISTRICT":"ILD"}},{"type":"Feature","id":943,"geometry":{"type":"Point","coordinates":[113.85415287268412,22.200561999926233]},"properties":{"OBJECTID":943,"GEO_NAME_ID":"332","PLACE_CLASS":"Hydrographic","PLACE_TYPE":"Bay","DISTRICT":"ILD"}},{"type":"Feature","id":944,"geometry":{"type":"Point","coordinates":[114.14058619146797,22.497161323974467]},"properties":{"OBJECTID":944,"GEO_NAME_ID":"333","PLACE_CLASS":"Settlement","PLACE_TYPE":"Village","DISTRICT":"NTH"}},{"type":"Feature","id":945,"geometry":{"type":"Point","coordinates":[113.86381164910075,22.21810025334312]},"properties":{"OBJECTID":945,"GEO_NAME_ID":"334","PLACE_CLASS":"Topographic","PLACE_TYPE":"Pass","DISTRICT":"ILD"}},{"type":"Feature","id":946,"geometry":{"type":"Point","coordinates":[114.24788901233599,22.521721399525639]},"properties":{"OBJECTID":946,"GEO_NAME_ID":"335","PLACE_CLASS":"Settlement","PLACE_TYPE":"Village","DISTRICT":"NTH"}},{"type":"Feature","id":947,"geometry":{"type":"Point","coordinates":[114.07434436513977,22.499571007576325]},"properties":{"OBJECTID":947,"GEO_NAME_ID":"336","PLACE_CLASS":"Settlement","PLACE_TYPE":"Village","DISTRICT":"YL"}},{"type":"Feature","id":948,"geometry":{"type":"Point","coordinates":[114.14248131983868,22.49693597935277]},"properties":{"OBJECTID":948,"GEO_NAME_ID":"337","PLACE_CLASS":"Settlement","PLACE_TYPE":"Town","DISTRICT":"NTH"}},{"type":"Feature","id":949,"geometry":{"type":"Point","coordinates":[114.13539660555593,22.497169103131711]},"properties":{"OBJECTID":949,"GEO_NAME_ID":"339","PLACE_CLASS":"Settlement","PLACE_TYPE":"Village","DISTRICT":"NTH"}},{"type":"Feature","id":950,"geometry":{"type":"Point","coordinates":[114.26963606040178,22.278022376916095]},"properties":{"OBJECTID":950,"GEO_NAME_ID":"340","PLACE_CLASS":"Settlement","PLACE_TYPE":"Area","DISTRICT":"SK"}},{"type":"Feature","id":951,"geometry":{"type":"Point","coordinates":[114.29942897372909,22.260799254991912]},"properties":{"OBJECTID":951,"GEO_NAME_ID":"341","PLACE_CLASS":"Topographic","PLACE_TYPE":"Cape","DISTRICT":"SK"}},{"type":"Feature","id":952,"geometry":{"type":"Point","coordinates":[114.27353170841943,22.270750442043173]},"properties":{"OBJECTID":952,"GEO_NAME_ID":"342","PLACE_CLASS":"Settlement","PLACE_TYPE":"Area","DISTRICT":"SK"}},{"type":"Feature","id":953,"geometry":{"type":"Point","coordinates":[113.9116248432677,22.167703789885024]},"properties":{"OBJECTID":953,"GEO_NAME_ID":"343","PLACE_CLASS":"Topographic","PLACE_TYPE":"Hill","DISTRICT":"ILD"}},{"type":"Feature","id":954,"geometry":{"type":"Point","coordinates":[114.31444474756114,22.549101579437838]},"properties":{"OBJECTID":954,"GEO_NAME_ID":"344","PLACE_CLASS":"Topographic","PLACE_TYPE":"Cave","DISTRICT":"NTH"}},{"type":"Feature","id":955,"geometry":{"type":"Point","coordinates":[114.04412076170011,22.28375620700513]},"properties":{"OBJECTID":955,"GEO_NAME_ID":"345","PLACE_CLASS":"Topographic","PLACE_TYPE":"Hill","DISTRICT":"ILD"}},{"type":"Feature","id":956,"geometry":{"type":"Point","coordinates":[114.33117109884239,22.478732727906291]},"properties":{"OBJECTID":956,"GEO_NAME_ID":"346","PLACE_CLASS":"Topographic","PLACE_TYPE":"Island","DISTRICT":"TP"}},{"type":"Feature","id":957,"geometry":{"type":"Point","coordinates":[114.35921249639256,22.2760951975634]},"properties":{"OBJECTID":957,"GEO_NAME_ID":"348","PLACE_CLASS":"Topographic","PLACE_TYPE":"Reef","DISTRICT":"SK"}},{"type":"Feature","id":958,"geometry":{"type":"Point","coordinates":[114.19286905815586,22.397766422511928]},"properties":{"OBJECTID":958,"GEO_NAME_ID":"349","PLACE_CLASS":"Settlement","PLACE_TYPE":"Area","DISTRICT":"ST"}},{"type":"Feature","id":959,"geometry":{"type":"Point","coordinates":[114.19544221611829,22.395038933283772]},"properties":{"OBJECTID":959,"GEO_NAME_ID":"350","PLACE_CLASS":"Settlement","PLACE_TYPE":"Village","DISTRICT":"ST"}},{"type":"Feature","id":960,"geometry":{"type":"Point","coordinates":[114.14149057016724,22.456614948707841]},"properties":{"OBJECTID":960,"GEO_NAME_ID":"351","PLACE_CLASS":"Settlement","PLACE_TYPE":"Village","DISTRICT":"TP"}},{"type":"Feature","id":961,"geometry":{"type":"Point","coordinates":[113.93374751369319,22.270389633035411]},"properties":{"OBJECTID":961,"GEO_NAME_ID":"352","PLACE_CLASS":"Settlement","PLACE_TYPE":"Village","DISTRICT":"ILD"}},{"type":"Feature","id":962,"geometry":{"type":"Point","coordinates":[114.02758924917629,22.435644349889916]},"properties":{"OBJECTID":962,"GEO_NAME_ID":"353","PLACE_CLASS":"Settlement","PLACE_TYPE":"Village","DISTRICT":"YL"}},{"type":"Feature","id":963,"geometry":{"type":"Point","coordinates":[113.85578637147826,22.258315858129333]},"properties":{"OBJECTID":963,"GEO_NAME_ID":"356","PLACE_CLASS":"Topographic","PLACE_TYPE":"Hill","DISTRICT":"ILD"}},{"type":"Feature","id":964,"geometry":{"type":"Point","coordinates":[114.28409914182005,22.475203900183001]},"properties":{"OBJECTID":964,"GEO_NAME_ID":"359","PLACE_CLASS":"Settlement","PLACE_TYPE":"Area","DISTRICT":"TP"}},{"type":"Feature","id":965,"geometry":{"type":"Point","coordinates":[113.98748052715558,22.413866026301633]},"properties":{"OBJECTID":965,"GEO_NAME_ID":"360","PLACE_CLASS":"Settlement","PLACE_TYPE":"Village","DISTRICT":"TM"}},{"type":"Feature","id":966,"geometry":{"type":"Point","coordinates":[114.26871018946959,22.390345134032945]},"properties":{"OBJECTID":966,"GEO_NAME_ID":"361","PLACE_CLASS":"Settlement","PLACE_TYPE":"Village","DISTRICT":"SK"}},{"type":"Feature","id":967,"geometry":{"type":"Point","coordinates":[114.16289852760286,22.506457072042195]},"properties":{"OBJECTID":967,"GEO_NAME_ID":"362","PLACE_CLASS":"Settlement","PLACE_TYPE":"Village","DISTRICT":"NTH"}},{"type":"Feature","id":968,"geometry":{"type":"Point","coordinates":[113.98564745804187,22.407707598344903]},"properties":{"OBJECTID":968,"GEO_NAME_ID":"363","PLACE_CLASS":"Settlement","PLACE_TYPE":"Village","DISTRICT":"TM"}},{"type":"Feature","id":969,"geometry":{"type":"Point","coordinates":[114.28653423649041,22.519667877556579]},"properties":{"OBJECTID":969,"GEO_NAME_ID":"365","PLACE_CLASS":"Topographic","PLACE_TYPE":"Island","DISTRICT":"NTH"}},{"type":"Feature","id":970,"geometry":{"type":"Point","coordinates":[114.21835263056433,22.367943102437465]},"properties":{"OBJECTID":970,"GEO_NAME_ID":"366","PLACE_CLASS":"Settlement","PLACE_TYPE":"Village","DISTRICT":"ST"}},{"type":"Feature","id":971,"geometry":{"type":"Point","coordinates":[114.2393951614246,22.373354657624176]},"properties":{"OBJECTID":971,"GEO_NAME_ID":"367","PLACE_CLASS":"Topographic","PLACE_TYPE":"Hill","DISTRICT":"SK"}},{"type":"Feature","id":972,"geometry":{"type":"Point","coordinates":[114.26069878372714,22.390457852545268]},"properties":{"OBJECTID":972,"GEO_NAME_ID":"368","PLACE_CLASS":"Settlement","PLACE_TYPE":"Village","DISTRICT":"SK"}},{"type":"Feature","id":973,"geometry":{"type":"Point","coordinates":[114.11750649567756,22.379839793982203]},"properties":{"OBJECTID":973,"GEO_NAME_ID":"369","PLACE_CLASS":"Settlement","PLACE_TYPE":"Village","DISTRICT":"TW"}},{"type":"Feature","id":974,"geometry":{"type":"Point","coordinates":[114.00554199060521,22.438589254496883]},"properties":{"OBJECTID":974,"GEO_NAME_ID":"370","PLACE_CLASS":"Settlement","PLACE_TYPE":"Village","DISTRICT":"YL"}},{"type":"Feature","id":975,"geometry":{"type":"Point","coordinates":[113.93960357653538,22.278670309849065]},"properties":{"OBJECTID":975,"GEO_NAME_ID":"371","PLACE_CLASS":"Settlement","PLACE_TYPE":"Village","DISTRICT":"ILD"}},{"type":"Feature","id":976,"geometry":{"type":"Point","coordinates":[114.26937265974611,22.378885034156255]},"properties":{"OBJECTID":976,"GEO_NAME_ID":"372","PLACE_CLASS":"Settlement","PLACE_TYPE":"Village","DISTRICT":"SK"}},{"type":"Feature","id":977,"geometry":{"type":"Point","coordinates":[114.19726515533955,22.37608365045412]},"properties":{"OBJECTID":977,"GEO_NAME_ID":"373","PLACE_CLASS":"Settlement","PLACE_TYPE":"Village","DISTRICT":"ST"}},{"type":"Feature","id":978,"geometry":{"type":"Point","coordinates":[113.98997201636072,22.417318559275103]},"properties":{"OBJECTID":978,"GEO_NAME_ID":"374","PLACE_CLASS":"Settlement","PLACE_TYPE":"Village","DISTRICT":"TM"}},{"type":"Feature","id":979,"geometry":{"type":"Point","coordinates":[114.05996348837077,22.471986507519372]},"properties":{"OBJECTID":979,"GEO_NAME_ID":"375","PLACE_CLASS":"Settlement","PLACE_TYPE":"Village","DISTRICT":"YL"}},{"type":"Feature","id":980,"geometry":{"type":"Point","coordinates":[114.1129512689333,22.488492585447808]},"properties":{"OBJECTID":980,"GEO_NAME_ID":"377","PLACE_CLASS":"Topographic","PLACE_TYPE":"Hill","DISTRICT":"NTH"}},{"type":"Feature","id":981,"geometry":{"type":"Point","coordinates":[114.27595869177466,22.53285905302964]},"properties":{"OBJECTID":981,"GEO_NAME_ID":"379","PLACE_CLASS":"Topographic","PLACE_TYPE":"Island","DISTRICT":"NTH"}},{"type":"Feature","id":982,"geometry":{"type":"Point","coordinates":[114.01994936134513,22.448442262548305]},"properties":{"OBJECTID":982,"GEO_NAME_ID":"380","PLACE_CLASS":"Settlement","PLACE_TYPE":"Village","DISTRICT":"YL"}},{"type":"Feature","id":983,"geometry":{"type":"Point","coordinates":[114.22507835982016,22.528267832459754]},"properties":{"OBJECTID":983,"GEO_NAME_ID":"381","PLACE_CLASS":"Settlement","PLACE_TYPE":"Village","DISTRICT":"NTH"}},{"type":"Feature","id":984,"geometry":{"type":"Point","coordinates":[114.01220576794076,22.45736563426324]},"properties":{"OBJECTID":984,"GEO_NAME_ID":"382","PLACE_CLASS":"Settlement","PLACE_TYPE":"Village","DISTRICT":"YL"}},{"type":"Feature","id":985,"geometry":{"type":"Point","coordinates":[114.0587439149636,22.456440149712577]},"properties":{"OBJECTID":985,"GEO_NAME_ID":"383","PLACE_CLASS":"Settlement","PLACE_TYPE":"Village","DISTRICT":"YL"}},{"type":"Feature","id":986,"geometry":{"type":"Point","coordinates":[114.10237660011749,22.510007462922669]},"properties":{"OBJECTID":986,"GEO_NAME_ID":"384","PLACE_CLASS":"Settlement","PLACE_TYPE":"Village","DISTRICT":"NTH"}},{"type":"Feature","id":987,"geometry":{"type":"Point","coordinates":[114.10049807971804,22.514946197757258]},"properties":{"OBJECTID":987,"GEO_NAME_ID":"385","PLACE_CLASS":"Topographic","PLACE_TYPE":"Hill","DISTRICT":"NTH"}},{"type":"Feature","id":988,"geometry":{"type":"Point","coordinates":[113.98612893955941,22.457652985505231]},"properties":{"OBJECTID":988,"GEO_NAME_ID":"386","PLACE_CLASS":"Settlement","PLACE_TYPE":"Village","DISTRICT":"YL"}},{"type":"Feature","id":989,"geometry":{"type":"Point","coordinates":[114.10001308792839,22.358017925347323]},"properties":{"OBJECTID":989,"GEO_NAME_ID":"388","PLACE_CLASS":"Settlement","PLACE_TYPE":"Area","DISTRICT":"KC"}},{"type":"Feature","id":990,"geometry":{"type":"Point","coordinates":[114.30327019669758,22.485746547164226]},"properties":{"OBJECTID":990,"GEO_NAME_ID":"391","PLACE_CLASS":"Hydrographic","PLACE_TYPE":"Stream","DISTRICT":"TP"}},{"type":"Feature","id":991,"geometry":{"type":"Point","coordinates":[114.19757123085328,22.344738577404879]},"properties":{"OBJECTID":991,"GEO_NAME_ID":"392","PLACE_CLASS":"Settlement","PLACE_TYPE":"Area","DISTRICT":"WTS"}},{"type":"Feature","id":992,"geometry":{"type":"Point","coordinates":[114.30934604195336,22.48827017698013]},"properties":{"OBJECTID":992,"GEO_NAME_ID":"393","PLACE_CLASS":"Hydrographic","PLACE_TYPE":"Bay","DISTRICT":"TP"}},{"type":"Feature","id":993,"geometry":{"type":"Point","coordinates":[114.30869000494742,22.493300640611878]},"properties":{"OBJECTID":993,"GEO_NAME_ID":"394","PLACE_CLASS":"Topographic","PLACE_TYPE":"Hill","DISTRICT":"TP"}},{"type":"Feature","id":994,"geometry":{"type":"Point","coordinates":[114.14731247071327,22.537257554196458]},"properties":{"OBJECTID":994,"GEO_NAME_ID":"395","PLACE_CLASS":"Settlement","PLACE_TYPE":"Village","DISTRICT":"NTH"}},{"type":"Feature","id":995,"geometry":{"type":"Point","coordinates":[114.18086567306985,22.463823506462155]},"properties":{"OBJECTID":995,"GEO_NAME_ID":"396","PLACE_CLASS":"Settlement","PLACE_TYPE":"Area","DISTRICT":"TP"}},{"type":"Feature","id":996,"geometry":{"type":"Point","coordinates":[114.18181990457224,22.465567906598871]},"properties":{"OBJECTID":996,"GEO_NAME_ID":"397","PLACE_CLASS":"Settlement","PLACE_TYPE":"Village","DISTRICT":"TP"}},{"type":"Feature","id":997,"geometry":{"type":"Point","coordinates":[114.14701881489007,22.364983663943388]},"properties":{"OBJECTID":997,"GEO_NAME_ID":"401","PLACE_CLASS":"Topographic","PLACE_TYPE":"Hill","DISTRICT":"ST"}},{"type":"Feature","id":998,"geometry":{"type":"Point","coordinates":[114.3608347416129,22.476931651350249]},"properties":{"OBJECTID":998,"GEO_NAME_ID":"403","PLACE_CLASS":"Topographic","PLACE_TYPE":"Island","DISTRICT":"TP"}},{"type":"Feature","id":999,"geometry":{"type":"Point","coordinates":[114.16587027764936,22.411646723362516]},"properties":{"OBJECTID":999,"GEO_NAME_ID":"404","PLACE_CLASS":"Topographic","PLACE_TYPE":"Hill","DISTRICT":"TW"}},{"type":"Feature","id":1000,"geometry":{"type":"Point","coordinates":[114.11294711609493,22.284944767848675]},"properties":{"OBJECTID":1000,"GEO_NAME_ID":"405","PLACE_CLASS":"Topographic","PLACE_TYPE":"Island","DISTRICT":"CW"}},{"type":"Feature","id":1001,"geometry":{"type":"Point","coordinates":[114.09270335201504,22.450031757467592]},"properties":{"OBJECTID":1001,"GEO_NAME_ID":"408","PLACE_CLASS":"Settlement","PLACE_TYPE":"Village","DISTRICT":"YL"}},{"type":"Feature","id":1002,"geometry":{"type":"Point","coordinates":[114.09485916513478,22.380152384662271]},"properties":{"OBJECTID":1002,"GEO_NAME_ID":"409","PLACE_CLASS":"Settlement","PLACE_TYPE":"Village","DISTRICT":"TW"}},{"type":"Feature","id":1003,"geometry":{"type":"Point","coordinates":[114.18541472440521,22.463228873397291]},"properties":{"OBJECTID":1003,"GEO_NAME_ID":"410","PLACE_CLASS":"Settlement","PLACE_TYPE":"Village","DISTRICT":"TP"}},{"type":"Feature","id":1004,"geometry":{"type":"Point","coordinates":[114.1623592483826,22.551879738172062]},"properties":{"OBJECTID":1004,"GEO_NAME_ID":"411","PLACE_CLASS":"Settlement","PLACE_TYPE":"Village","DISTRICT":"NTH"}},{"type":"Feature","id":1005,"geometry":{"type":"Point","coordinates":[114.00956320120906,22.221322556535895]},"properties":{"OBJECTID":1005,"GEO_NAME_ID":"412","PLACE_CLASS":"Settlement","PLACE_TYPE":"Village","DISTRICT":"ILD"}},{"type":"Feature","id":1006,"geometry":{"type":"Point","coordinates":[114.17604909903581,22.364724521765897]},"properties":{"OBJECTID":1006,"GEO_NAME_ID":"413","PLACE_CLASS":"Settlement","PLACE_TYPE":"Village","DISTRICT":"ST"}},{"type":"Feature","id":1007,"geometry":{"type":"Point","coordinates":[114.05255786171499,22.442510574383491]},"properties":{"OBJECTID":1007,"GEO_NAME_ID":"414","PLACE_CLASS":"Settlement","PLACE_TYPE":"Village","DISTRICT":"YL"}},{"type":"Feature","id":1008,"geometry":{"type":"Point","coordinates":[114.10679523087678,22.351374552089425]},"properties":{"OBJECTID":1008,"GEO_NAME_ID":"415","PLACE_CLASS":"Settlement","PLACE_TYPE":"Area","DISTRICT":"KC"}},{"type":"Feature","id":1009,"geometry":{"type":"Point","coordinates":[113.91527936672632,22.183784312793581]},"properties":{"OBJECTID":1009,"GEO_NAME_ID":"416","PLACE_CLASS":"Topographic","PLACE_TYPE":"Cape","DISTRICT":"ILD"}},{"type":"Feature","id":1010,"geometry":{"type":"Point","coordinates":[114.29624257321846,22.278745501578861]},"properties":{"OBJECTID":1010,"GEO_NAME_ID":"417","PLACE_CLASS":"Topographic","PLACE_TYPE":"Cape","DISTRICT":"SK"}},{"type":"Feature","id":1011,"geometry":{"type":"Point","coordinates":[114.01993297524082,22.333195129568871]},"properties":{"OBJECTID":1011,"GEO_NAME_ID":"418","PLACE_CLASS":"Topographic","PLACE_TYPE":"Cape","DISTRICT":"TW"}},{"type":"Feature","id":1012,"geometry":{"type":"Point","coordinates":[114.11998635028336,22.489822689592987]},"properties":{"OBJECTID":1012,"GEO_NAME_ID":"419","PLACE_CLASS":"Settlement","PLACE_TYPE":"Village","DISTRICT":"NTH"}},{"type":"Feature","id":1013,"geometry":{"type":"Point","coordinates":[114.13126578485756,22.349989283286323]},"properties":{"OBJECTID":1013,"GEO_NAME_ID":"420","PLACE_CLASS":"Settlement","PLACE_TYPE":"Area","DISTRICT":"KC"}},{"type":"Feature","id":1014,"geometry":{"type":"Point","coordinates":[114.13121544243798,22.355524999454325]},"properties":{"OBJECTID":1014,"GEO_NAME_ID":"421","PLACE_CLASS":"Settlement","PLACE_TYPE":"Village","DISTRICT":"KC"}},{"type":"Feature","id":1015,"geometry":{"type":"Point","coordinates":[113.93498635960313,22.277823654617343]},"properties":{"OBJECTID":1015,"GEO_NAME_ID":"422","PLACE_CLASS":"Settlement","PLACE_TYPE":"Village","DISTRICT":"ILD"}},{"type":"Feature","id":1016,"geometry":{"type":"Point","coordinates":[114.01016977619925,22.453796530156865]},"properties":{"OBJECTID":1016,"GEO_NAME_ID":"423","PLACE_CLASS":"Settlement","PLACE_TYPE":"Village","DISTRICT":"YL"}},{"type":"Feature","id":1017,"geometry":{"type":"Point","coordinates":[114.11512461330649,22.18741423752131]},"properties":{"OBJECTID":1017,"GEO_NAME_ID":"424","PLACE_CLASS":"Topographic","PLACE_TYPE":"Cape","DISTRICT":"ILD"}},{"type":"Feature","id":1018,"geometry":{"type":"Point","coordinates":[114.11696012942235,22.20367023239298]},"properties":{"OBJECTID":1018,"GEO_NAME_ID":"425","PLACE_CLASS":"Hydrographic","PLACE_TYPE":"Bay","DISTRICT":"ILD"}},{"type":"Feature","id":1019,"geometry":{"type":"Point","coordinates":[114.26241839375278,22.502569941661815]},"properties":{"OBJECTID":1019,"GEO_NAME_ID":"426","PLACE_CLASS":"Settlement","PLACE_TYPE":"Village","DISTRICT":"NTH"}},{"type":"Feature","id":1020,"geometry":{"type":"Point","coordinates":[113.94194604745456,22.426855225236729]},"properties":{"OBJECTID":1020,"GEO_NAME_ID":"427","PLACE_CLASS":"Settlement","PLACE_TYPE":"Village","DISTRICT":"YL"}},{"type":"Feature","id":1021,"geometry":{"type":"Point","coordinates":[114.12512877143349,22.511388992711414]},"properties":{"OBJECTID":1021,"GEO_NAME_ID":"428","PLACE_CLASS":"Settlement","PLACE_TYPE":"Village","DISTRICT":"NTH"}},{"type":"Feature","id":1022,"geometry":{"type":"Point","coordinates":[114.15329345581426,22.522557115671553]},"properties":{"OBJECTID":1022,"GEO_NAME_ID":"429","PLACE_CLASS":"Settlement","PLACE_TYPE":"Village","DISTRICT":"NTH"}},{"type":"Feature","id":1023,"geometry":{"type":"Point","coordinates":[114.28742532884719,22.282454303160332]},"properties":{"OBJECTID":1023,"GEO_NAME_ID":"430","PLACE_CLASS":"Settlement","PLACE_TYPE":"Area","DISTRICT":"SK"}},{"type":"Feature","id":1024,"geometry":{"type":"Point","coordinates":[114.01583544832694,22.224056147339425]},"properties":{"OBJECTID":1024,"GEO_NAME_ID":"431","PLACE_CLASS":"Topographic","PLACE_TYPE":"Reef","DISTRICT":"ILD"}},{"type":"Feature","id":1025,"geometry":{"type":"Point","coordinates":[114.21903780104407,22.546664352139672]},"properties":{"OBJECTID":1025,"GEO_NAME_ID":"432","PLACE_CLASS":"Settlement","PLACE_TYPE":"Village","DISTRICT":"NTH"}},{"type":"Feature","id":1026,"geometry":{"type":"Point","coordinates":[114.20371995581759,22.465159374577567]},"properties":{"OBJECTID":1026,"GEO_NAME_ID":"433","PLACE_CLASS":"Settlement","PLACE_TYPE":"Village","DISTRICT":"TP"}},{"type":"Feature","id":1027,"geometry":{"type":"Point","coordinates":[114.14199844949518,22.445913980086413]},"properties":{"OBJECTID":1027,"GEO_NAME_ID":"434","PLACE_CLASS":"Settlement","PLACE_TYPE":"Village","DISTRICT":"TP"}},{"type":"Feature","id":1028,"geometry":{"type":"Point","coordinates":[114.21554694545046,22.50913504979966]},"properties":{"OBJECTID":1028,"GEO_NAME_ID":"435","PLACE_CLASS":"Settlement","PLACE_TYPE":"Village","DISTRICT":"NTH"}},{"type":"Feature","id":1029,"geometry":{"type":"Point","coordinates":[113.98699030796304,22.445815132185718]},"properties":{"OBJECTID":1029,"GEO_NAME_ID":"436","PLACE_CLASS":"Settlement","PLACE_TYPE":"Area","DISTRICT":"YL"}},{"type":"Feature","id":1030,"geometry":{"type":"Point","coordinates":[113.91022513537042,22.164450457485977]},"properties":{"OBJECTID":1030,"GEO_NAME_ID":"437","PLACE_CLASS":"Settlement","PLACE_TYPE":"Village","DISTRICT":"ILD"}},{"type":"Feature","id":1031,"geometry":{"type":"Point","coordinates":[113.9930701092179,22.447032244192386]},"properties":{"OBJECTID":1031,"GEO_NAME_ID":"438","PLACE_CLASS":"Settlement","PLACE_TYPE":"Village","DISTRICT":"YL"}},{"type":"Feature","id":1032,"geometry":{"type":"Point","coordinates":[114.36005024212317,22.4714962497988]},"properties":{"OBJECTID":1032,"GEO_NAME_ID":"439","PLACE_CLASS":"Settlement","PLACE_TYPE":"Village","DISTRICT":"TP"}},{"type":"Feature","id":1033,"geometry":{"type":"Point","coordinates":[114.07375944863223,22.515120939186353]},"properties":{"OBJECTID":1033,"GEO_NAME_ID":"440","PLACE_CLASS":"Settlement","PLACE_TYPE":"Village","DISTRICT":"YL"}},{"type":"Feature","id":1034,"geometry":{"type":"Point","coordinates":[114.19117846508638,22.389873914143095]},"properties":{"OBJECTID":1034,"GEO_NAME_ID":"441","PLACE_CLASS":"Settlement","PLACE_TYPE":"Village","DISTRICT":"ST"}},{"type":"Feature","id":1035,"geometry":{"type":"Point","coordinates":[114.19842459354217,22.527208029950877]},"properties":{"OBJECTID":1035,"GEO_NAME_ID":"442","PLACE_CLASS":"Settlement","PLACE_TYPE":"Village","DISTRICT":"NTH"}},{"type":"Feature","id":1036,"geometry":{"type":"Point","coordinates":[114.1752423635058,22.441908209540831]},"properties":{"OBJECTID":1036,"GEO_NAME_ID":"443","PLACE_CLASS":"Settlement","PLACE_TYPE":"Village","DISTRICT":"TP"}},{"type":"Feature","id":1037,"geometry":{"type":"Point","coordinates":[114.16359505649336,22.438304520698747]},"properties":{"OBJECTID":1037,"GEO_NAME_ID":"444","PLACE_CLASS":"Settlement","PLACE_TYPE":"Village","DISTRICT":"TP"}},{"type":"Feature","id":1038,"geometry":{"type":"Point","coordinates":[114.03556022081612,22.439823584790709]},"properties":{"OBJECTID":1038,"GEO_NAME_ID":"445","PLACE_CLASS":"Settlement","PLACE_TYPE":"Village","DISTRICT":"YL"}},{"type":"Feature","id":1039,"geometry":{"type":"Point","coordinates":[114.28641360985596,22.30405621319024]},"properties":{"OBJECTID":1039,"GEO_NAME_ID":"446","PLACE_CLASS":"Settlement","PLACE_TYPE":"Village","DISTRICT":"SK"}},{"type":"Feature","id":1040,"geometry":{"type":"Point","coordinates":[114.28093112892682,22.305116404137035]},"properties":{"OBJECTID":1040,"GEO_NAME_ID":"447","PLACE_CLASS":"Topographic","PLACE_TYPE":"Hill","DISTRICT":"SK"}},{"type":"Feature","id":1041,"geometry":{"type":"Point","coordinates":[114.01880342882825,22.301857949635924]},"properties":{"OBJECTID":1041,"GEO_NAME_ID":"448","PLACE_CLASS":"Topographic","PLACE_TYPE":"Cape","DISTRICT":"ILD"}},{"type":"Feature","id":1042,"geometry":{"type":"Point","coordinates":[114.02434335159901,22.294277551468195]},"properties":{"OBJECTID":1042,"GEO_NAME_ID":"449","PLACE_CLASS":"Hydrographic","PLACE_TYPE":"Bay","DISTRICT":"ILD"}},{"type":"Feature","id":1043,"geometry":{"type":"Point","coordinates":[114.29446788377852,22.360988295920084]},"properties":{"OBJECTID":1043,"GEO_NAME_ID":"451","PLACE_CLASS":"Topographic","PLACE_TYPE":"Hill","DISTRICT":"SK"}},{"type":"Feature","id":1044,"geometry":{"type":"Point","coordinates":[114.12585046576334,22.371742253780031]},"properties":{"OBJECTID":1044,"GEO_NAME_ID":"452","PLACE_CLASS":"Settlement","PLACE_TYPE":"Area","DISTRICT":"TW"}},{"type":"Feature","id":1045,"geometry":{"type":"Point","coordinates":[114.37585101552634,22.41143425984421]},"properties":{"OBJECTID":1045,"GEO_NAME_ID":"453","PLACE_CLASS":"Settlement","PLACE_TYPE":"Village","DISTRICT":"SK"}},{"type":"Feature","id":1046,"geometry":{"type":"Point","coordinates":[114.37628369905811,22.408372402030039]},"properties":{"OBJECTID":1046,"GEO_NAME_ID":"454","PLACE_CLASS":"Hydrographic","PLACE_TYPE":"Bay","DISTRICT":"SK"}},{"type":"Feature","id":1047,"geometry":{"type":"Point","coordinates":[114.29342387651644,22.505982031641111]},"properties":{"OBJECTID":1047,"GEO_NAME_ID":"455","PLACE_CLASS":"Settlement","PLACE_TYPE":"Area","DISTRICT":"NTH"}},{"type":"Feature","id":1048,"geometry":{"type":"Point","coordinates":[114.2104520234745,22.339092311006013]},"properties":{"OBJECTID":1048,"GEO_NAME_ID":"456","PLACE_CLASS":"Topographic","PLACE_TYPE":"Hill","DISTRICT":"WTS"}},{"type":"Feature","id":1049,"geometry":{"type":"Point","coordinates":[114.26856755903709,22.394968833629509]},"properties":{"OBJECTID":1049,"GEO_NAME_ID":"457","PLACE_CLASS":"Hydrographic","PLACE_TYPE":"Stream","DISTRICT":"SK"}},{"type":"Feature","id":1050,"geometry":{"type":"Point","coordinates":[114.14413287052503,22.457952011011983]},"properties":{"OBJECTID":1050,"GEO_NAME_ID":"458","PLACE_CLASS":"Settlement","PLACE_TYPE":"Village","DISTRICT":"TP"}},{"type":"Feature","id":1051,"geometry":{"type":"Point","coordinates":[114.19477446736023,22.413154191927944]},"properties":{"OBJECTID":1051,"GEO_NAME_ID":"459","PLACE_CLASS":"Settlement","PLACE_TYPE":"Village","DISTRICT":"ST"}},{"type":"Feature","id":1052,"geometry":{"type":"Point","coordinates":[114.2674490903274,22.317315799800969]},"properties":{"OBJECTID":1052,"GEO_NAME_ID":"460","PLACE_CLASS":"Settlement","PLACE_TYPE":"Area","DISTRICT":"SK"}},{"type":"Feature","id":1053,"geometry":{"type":"Point","coordinates":[113.9810943894953,22.464760084024636]},"properties":{"OBJECTID":1053,"GEO_NAME_ID":"461","PLACE_CLASS":"Settlement","PLACE_TYPE":"Village","DISTRICT":"YL"}},{"type":"Feature","id":1054,"geometry":{"type":"Point","coordinates":[113.86941733903754,22.24935679759334]},"properties":{"OBJECTID":1054,"GEO_NAME_ID":"462","PLACE_CLASS":"Settlement","PLACE_TYPE":"Village","DISTRICT":"ILD"}},{"type":"Feature","id":1055,"geometry":{"type":"Point","coordinates":[114.00795649807594,22.444285195161889]},"properties":{"OBJECTID":1055,"GEO_NAME_ID":"463","PLACE_CLASS":"Settlement","PLACE_TYPE":"Village","DISTRICT":"YL"}},{"type":"Feature","id":1056,"geometry":{"type":"Point","coordinates":[113.8806942468415,22.242695098457624]},"properties":{"OBJECTID":1056,"GEO_NAME_ID":"464","PLACE_CLASS":"Settlement","PLACE_TYPE":"Village","DISTRICT":"ILD"}},{"type":"Feature","id":1057,"geometry":{"type":"Point","coordinates":[114.10164899646873,22.489553296398622]},"properties":{"OBJECTID":1057,"GEO_NAME_ID":"465","PLACE_CLASS":"Settlement","PLACE_TYPE":"Village","DISTRICT":"NTH"}},{"type":"Feature","id":1058,"geometry":{"type":"Point","coordinates":[114.10181159411579,22.494384634349323]},"properties":{"OBJECTID":1058,"GEO_NAME_ID":"466","PLACE_CLASS":"Settlement","PLACE_TYPE":"Village","DISTRICT":"NTH"}},{"type":"Feature","id":1059,"geometry":{"type":"Point","coordinates":[114.00871242950767,22.445785034976435]},"properties":{"OBJECTID":1059,"GEO_NAME_ID":"467","PLACE_CLASS":"Settlement","PLACE_TYPE":"Village","DISTRICT":"YL"}},{"type":"Feature","id":1060,"geometry":{"type":"Point","coordinates":[114.2947550893408,22.356165779843796]},"properties":{"OBJECTID":1060,"GEO_NAME_ID":"468","PLACE_CLASS":"Hydrographic","PLACE_TYPE":"Bay","DISTRICT":"SK"}},{"type":"Feature","id":1061,"geometry":{"type":"Point","coordinates":[114.18481095300137,22.268548463937531]},"properties":{"OBJECTID":1061,"GEO_NAME_ID":"469","PLACE_CLASS":"Settlement","PLACE_TYPE":"Area","DISTRICT":"WC"}},{"type":"Feature","id":1062,"geometry":{"type":"Point","coordinates":[113.9099376439676,22.290788426016061]},"properties":{"OBJECTID":1062,"GEO_NAME_ID":"471","PLACE_CLASS":"Hydrographic","PLACE_TYPE":"Bay","DISTRICT":"ILD"}},{"type":"Feature","id":1063,"geometry":{"type":"Point","coordinates":[114.32299605372289,22.43877171055864]},"properties":{"OBJECTID":1063,"GEO_NAME_ID":"473","PLACE_CLASS":"Hydrographic","PLACE_TYPE":"Stream","DISTRICT":"TP"}},{"type":"Feature","id":1064,"geometry":{"type":"Point","coordinates":[114.35355202131895,22.480822863241844]},"properties":{"OBJECTID":1064,"GEO_NAME_ID":"474","PLACE_CLASS":"Topographic","PLACE_TYPE":"Cape","DISTRICT":"TP"}},{"type":"Feature","id":1065,"geometry":{"type":"Point","coordinates":[114.26485818946172,22.364583195037536]},"properties":{"OBJECTID":1065,"GEO_NAME_ID":"475","PLACE_CLASS":"Hydrographic","PLACE_TYPE":"Bay","DISTRICT":"SK"}},{"type":"Feature","id":1066,"geometry":{"type":"Point","coordinates":[114.24163323666102,22.341846194432112]},"properties":{"OBJECTID":1066,"GEO_NAME_ID":"476","PLACE_CLASS":"Topographic","PLACE_TYPE":"Hill","DISTRICT":"SK"}},{"type":"Feature","id":1067,"geometry":{"type":"Point","coordinates":[114.24698537211624,22.34842724453636]},"properties":{"OBJECTID":1067,"GEO_NAME_ID":"477","PLACE_CLASS":"Topographic","PLACE_TYPE":"Hill","DISTRICT":"SK"}},{"type":"Feature","id":1068,"geometry":{"type":"Point","coordinates":[114.0384550411398,22.253020237617022]},"properties":{"OBJECTID":1068,"GEO_NAME_ID":"478","PLACE_CLASS":"Topographic","PLACE_TYPE":"Island","DISTRICT":"ILD"}},{"type":"Feature","id":1069,"geometry":{"type":"Point","coordinates":[114.32050805017209,22.387983138008334]},"properties":{"OBJECTID":1069,"GEO_NAME_ID":"479","PLACE_CLASS":"Settlement","PLACE_TYPE":"Village","DISTRICT":"SK"}},{"type":"Feature","id":1070,"geometry":{"type":"Point","coordinates":[114.27753927332367,22.311927615345436]},"properties":{"OBJECTID":1070,"GEO_NAME_ID":"481","PLACE_CLASS":"Settlement","PLACE_TYPE":"Village","DISTRICT":"SK"}},{"type":"Feature","id":1071,"geometry":{"type":"Point","coordinates":[114.25322871313081,22.352716254404477]},"properties":{"OBJECTID":1071,"GEO_NAME_ID":"483","PLACE_CLASS":"Settlement","PLACE_TYPE":"Village","DISTRICT":"SK"}},{"type":"Feature","id":1072,"geometry":{"type":"Point","coordinates":[113.84404755323544,22.208940128694671]},"properties":{"OBJECTID":1072,"GEO_NAME_ID":"484","PLACE_CLASS":"Topographic","PLACE_TYPE":"Pass","DISTRICT":"ILD"}},{"type":"Feature","id":1073,"geometry":{"type":"Point","coordinates":[114.3215822178536,22.480475456779416]},"properties":{"OBJECTID":1073,"GEO_NAME_ID":"485","PLACE_CLASS":"Topographic","PLACE_TYPE":"Cape","DISTRICT":"TP"}},{"type":"Feature","id":1074,"geometry":{"type":"Point","coordinates":[114.25236484623355,22.169951974667359]},"properties":{"OBJECTID":1074,"GEO_NAME_ID":"486","PLACE_CLASS":"Settlement","PLACE_TYPE":"Area","DISTRICT":"ILD"}},{"type":"Feature","id":1075,"geometry":{"type":"Point","coordinates":[114.16520768025173,22.553767309373278]},"properties":{"OBJECTID":1075,"GEO_NAME_ID":"487","PLACE_CLASS":"Settlement","PLACE_TYPE":"Village","DISTRICT":"NTH"}},{"type":"Feature","id":1076,"geometry":{"type":"Point","coordinates":[114.14614118006101,22.514789791028246]},"properties":{"OBJECTID":1076,"GEO_NAME_ID":"488","PLACE_CLASS":"Topographic","PLACE_TYPE":"Hill","DISTRICT":"NTH"}},{"type":"Feature","id":1077,"geometry":{"type":"Point","coordinates":[114.35476926429733,22.35323924902659]},"properties":{"OBJECTID":1077,"GEO_NAME_ID":"489","PLACE_CLASS":"Settlement","PLACE_TYPE":"Area","DISTRICT":"SK"}},{"type":"Feature","id":1078,"geometry":{"type":"Point","coordinates":[114.28595094294278,22.295640001352577]},"properties":{"OBJECTID":1078,"GEO_NAME_ID":"491","PLACE_CLASS":"Topographic","PLACE_TYPE":"Hill","DISTRICT":"SK"}},{"type":"Feature","id":1079,"geometry":{"type":"Point","coordinates":[114.136287920431,22.272173921713016]},"properties":{"OBJECTID":1079,"GEO_NAME_ID":"492","PLACE_CLASS":"Topographic","PLACE_TYPE":"Hill","DISTRICT":"CW"}},{"type":"Feature","id":1080,"geometry":{"type":"Point","coordinates":[114.33281825899317,22.48318312591136]},"properties":{"OBJECTID":1080,"GEO_NAME_ID":"494","PLACE_CLASS":"Topographic","PLACE_TYPE":"Reef","DISTRICT":"TP"}},{"type":"Feature","id":1081,"geometry":{"type":"Point","coordinates":[114.17183665215885,22.362419445001571]},"properties":{"OBJECTID":1081,"GEO_NAME_ID":"495","PLACE_CLASS":"Settlement","PLACE_TYPE":"Village","DISTRICT":"ST"}},{"type":"Feature","id":1082,"geometry":{"type":"Point","coordinates":[114.25242099899141,22.364869426647825]},"properties":{"OBJECTID":1082,"GEO_NAME_ID":"497","PLACE_CLASS":"Settlement","PLACE_TYPE":"Village","DISTRICT":"SK"}},{"type":"Feature","id":1083,"geometry":{"type":"Point","coordinates":[113.98378904485715,22.498593948564064]},"properties":{"OBJECTID":1083,"GEO_NAME_ID":"5074","PLACE_CLASS":"Hydrographic","PLACE_TYPE":"Bay","DISTRICT":"YL"}},{"type":"Feature","id":1084,"geometry":{"type":"Point","coordinates":[114.19177288297101,22.4091178671327]},"properties":{"OBJECTID":1084,"GEO_NAME_ID":"5085","PLACE_CLASS":"Topographic","PLACE_TYPE":"Hill","DISTRICT":"ST"}},{"type":"Feature","id":1085,"geometry":{"type":"Point","coordinates":[114.13842136802607,22.453372318474663]},"properties":{"OBJECTID":1085,"GEO_NAME_ID":"5086","PLACE_CLASS":"Settlement","PLACE_TYPE":"Village","DISTRICT":"TP"}},{"type":"Feature","id":1086,"geometry":{"type":"Point","coordinates":[113.97823277206726,22.373877025604461]},"properties":{"OBJECTID":1086,"GEO_NAME_ID":"5077","PLACE_CLASS":"Hydrographic","PLACE_TYPE":"Bay","DISTRICT":"TM"}},{"type":"Feature","id":1087,"geometry":{"type":"Point","coordinates":[114.17873011649762,22.460962450828042]},"properties":{"OBJECTID":1087,"GEO_NAME_ID":"5038","PLACE_CLASS":"Settlement","PLACE_TYPE":"Village","DISTRICT":"TP"}},{"type":"Feature","id":1088,"geometry":{"type":"Point","coordinates":[114.16263415022614,22.238629439910913]},"properties":{"OBJECTID":1088,"GEO_NAME_ID":"13","PLACE_CLASS":"Hydrographic","PLACE_TYPE":"Channel","DISTRICT":"STH"}},{"type":"Feature","id":1089,"geometry":{"type":"Point","coordinates":[114.01627998786057,22.216967504481289]},"properties":{"OBJECTID":1089,"GEO_NAME_ID":"17","PLACE_CLASS":"Hydrographic","PLACE_TYPE":"Channel","DISTRICT":"ILD"}},{"type":"Feature","id":1090,"geometry":{"type":"Point","coordinates":[114.24152346923488,22.544914027495022]},"properties":{"OBJECTID":1090,"GEO_NAME_ID":"18","PLACE_CLASS":"Topographic","PLACE_TYPE":"Pass","DISTRICT":"NTH"}},{"type":"Feature","id":1091,"geometry":{"type":"Point","coordinates":[114.21699819749929,22.402407484439383]},"properties":{"OBJECTID":1091,"GEO_NAME_ID":"19","PLACE_CLASS":"Settlement","PLACE_TYPE":"Village","DISTRICT":"ST"}},{"type":"Feature","id":1092,"geometry":{"type":"Point","coordinates":[114.24300284841799,22.548453318104137]},"properties":{"OBJECTID":1092,"GEO_NAME_ID":"20","PLACE_CLASS":"Topographic","PLACE_TYPE":"Cape","DISTRICT":"NTH"}},{"type":"Feature","id":1093,"geometry":{"type":"Point","coordinates":[114.24416881989463,22.547098283939672]},"properties":{"OBJECTID":1093,"GEO_NAME_ID":"21","PLACE_CLASS":"Hydrographic","PLACE_TYPE":"Bay","DISTRICT":"NTH"}},{"type":"Feature","id":1094,"geometry":{"type":"Point","coordinates":[114.1798064126627,22.359504840179252]},"properties":{"OBJECTID":1094,"GEO_NAME_ID":"23","PLACE_CLASS":"Topographic","PLACE_TYPE":"Rock","DISTRICT":"ST"}},{"type":"Feature","id":1095,"geometry":{"type":"Point","coordinates":[114.21088631018101,22.527756728978282]},"properties":{"OBJECTID":1095,"GEO_NAME_ID":"1","PLACE_CLASS":"Topographic","PLACE_TYPE":"Island","DISTRICT":"NTH"}},{"type":"Feature","id":1096,"geometry":{"type":"Point","coordinates":[114.21521084454328,22.400256211800858]},"properties":{"OBJECTID":1096,"GEO_NAME_ID":"2","PLACE_CLASS":"Settlement","PLACE_TYPE":"Area","DISTRICT":"ST"}},{"type":"Feature","id":1097,"geometry":{"type":"Point","coordinates":[114.23320253178153,22.282093868349424]},"properties":{"OBJECTID":1097,"GEO_NAME_ID":"3","PLACE_CLASS":"Settlement","PLACE_TYPE":"Village","DISTRICT":"EST"}},{"type":"Feature","id":1098,"geometry":{"type":"Point","coordinates":[114.10022404440906,22.454138519557489]},"properties":{"OBJECTID":1098,"GEO_NAME_ID":"4","PLACE_CLASS":"Settlement","PLACE_TYPE":"Village","DISTRICT":"YL"}},{"type":"Feature","id":1099,"geometry":{"type":"Point","coordinates":[114.27104996602746,22.331798798404069]},"properties":{"OBJECTID":1099,"GEO_NAME_ID":"5","PLACE_CLASS":"Hydrographic","PLACE_TYPE":"Bay","DISTRICT":"SK"}},{"type":"Feature","id":1100,"geometry":{"type":"Point","coordinates":[114.43796314547347,22.542069239903253]},"properties":{"OBJECTID":1100,"GEO_NAME_ID":"6","PLACE_CLASS":"Topographic","PLACE_TYPE":"Cape","DISTRICT":"TP"}},{"type":"Feature","id":1101,"geometry":{"type":"Point","coordinates":[114.43626215984651,22.542207445853169]},"properties":{"OBJECTID":1101,"GEO_NAME_ID":"7","PLACE_CLASS":"Hydrographic","PLACE_TYPE":"Bay","DISTRICT":"TP"}},{"type":"Feature","id":1102,"geometry":{"type":"Point","coordinates":[114.24468922583739,22.517839721861595]},"properties":{"OBJECTID":1102,"GEO_NAME_ID":"8","PLACE_CLASS":"Settlement","PLACE_TYPE":"Village","DISTRICT":"NTH"}},{"type":"Feature","id":1103,"geometry":{"type":"Point","coordinates":[113.98351771666402,22.280209546489505]},"properties":{"OBJECTID":1103,"GEO_NAME_ID":"9","PLACE_CLASS":"Settlement","PLACE_TYPE":"Area","DISTRICT":"ILD"}},{"type":"Feature","id":1104,"geometry":{"type":"Point","coordinates":[114.19510278017411,22.47275517006916]},"properties":{"OBJECTID":1104,"GEO_NAME_ID":"10","PLACE_CLASS":"Settlement","PLACE_TYPE":"Village","DISTRICT":"TP"}},{"type":"Feature","id":1105,"geometry":{"type":"Point","coordinates":[114.15509109072107,22.251410255715648]},"properties":{"OBJECTID":1105,"GEO_NAME_ID":"11","PLACE_CLASS":"Settlement","PLACE_TYPE":"Area","DISTRICT":"STH"}},{"type":"Feature","id":1106,"geometry":{"type":"Point","coordinates":[114.26565401328219,22.547087856996708]},"properties":{"OBJECTID":1106,"GEO_NAME_ID":"25","PLACE_CLASS":"Hydrographic","PLACE_TYPE":"Harbour","DISTRICT":"NTH"}},{"type":"Feature","id":1107,"geometry":{"type":"Point","coordinates":[114.26974856698953,22.549586946094138]},"properties":{"OBJECTID":1107,"GEO_NAME_ID":"26","PLACE_CLASS":"Topographic","PLACE_TYPE":"Reef","DISTRICT":"NTH"}},{"type":"Feature","id":1108,"geometry":{"type":"Point","coordinates":[114.26745481690271,22.550563530214845]},"properties":{"OBJECTID":1108,"GEO_NAME_ID":"27","PLACE_CLASS":"Topographic","PLACE_TYPE":"Reef","DISTRICT":"NTH"}},{"type":"Feature","id":1109,"geometry":{"type":"Point","coordinates":[114.15526157292635,22.240434765873754]},"properties":{"OBJECTID":1109,"GEO_NAME_ID":"28","PLACE_CLASS":"Topographic","PLACE_TYPE":"Island","DISTRICT":"STH"}},{"type":"Feature","id":1110,"geometry":{"type":"Point","coordinates":[114.16059791950332,22.231224085530389]},"properties":{"OBJECTID":1110,"GEO_NAME_ID":"30","PLACE_CLASS":"Topographic","PLACE_TYPE":"Island","DISTRICT":"STH"}},{"type":"Feature","id":1111,"geometry":{"type":"Point","coordinates":[114.26483106655142,22.552461355923953]},"properties":{"OBJECTID":1111,"GEO_NAME_ID":"31","PLACE_CLASS":"Topographic","PLACE_TYPE":"Reef","DISTRICT":"NTH"}},{"type":"Feature","id":1112,"geometry":{"type":"Point","coordinates":[114.26551202313871,22.553093104844798]},"properties":{"OBJECTID":1112,"GEO_NAME_ID":"32","PLACE_CLASS":"Topographic","PLACE_TYPE":"Reef","DISTRICT":"NTH"}},{"type":"Feature","id":1113,"geometry":{"type":"Point","coordinates":[114.27225706258015,22.53576906171423]},"properties":{"OBJECTID":1113,"GEO_NAME_ID":"33","PLACE_CLASS":"Topographic","PLACE_TYPE":"Reef","DISTRICT":"NTH"}},{"type":"Feature","id":1114,"geometry":{"type":"Point","coordinates":[114.16244111904514,22.229056892624623]},"properties":{"OBJECTID":1114,"GEO_NAME_ID":"35","PLACE_CLASS":"Topographic","PLACE_TYPE":"Reef","DISTRICT":"STH"}},{"type":"Feature","id":1115,"geometry":{"type":"Point","coordinates":[114.19569319752736,22.527524435648512]},"properties":{"OBJECTID":1115,"GEO_NAME_ID":"36","PLACE_CLASS":"Settlement","PLACE_TYPE":"Village","DISTRICT":"NTH"}},{"type":"Feature","id":1116,"geometry":{"type":"Point","coordinates":[114.42838813745306,22.547746482349392]},"properties":{"OBJECTID":1116,"GEO_NAME_ID":"37","PLACE_CLASS":"Topographic","PLACE_TYPE":"Hill","DISTRICT":"TP"}},{"type":"Feature","id":1117,"geometry":{"type":"Point","coordinates":[114.30393720723757,22.428628579182622]},"properties":{"OBJECTID":1117,"GEO_NAME_ID":"38","PLACE_CLASS":"Topographic","PLACE_TYPE":"Pass","DISTRICT":"TP"}},{"type":"Feature","id":1118,"geometry":{"type":"Point","coordinates":[114.24393357598231,22.543125033118226]},"properties":{"OBJECTID":1118,"GEO_NAME_ID":"39","PLACE_CLASS":"Topographic","PLACE_TYPE":"Hill","DISTRICT":"NTH"}},{"type":"Feature","id":1119,"geometry":{"type":"Point","coordinates":[114.29330203805486,22.546149123189881]},"properties":{"OBJECTID":1119,"GEO_NAME_ID":"40","PLACE_CLASS":"Settlement","PLACE_TYPE":"Village","DISTRICT":"NTH"}},{"type":"Feature","id":1120,"geometry":{"type":"Point","coordinates":[114.17467946217128,22.407104742302209]},"properties":{"OBJECTID":1120,"GEO_NAME_ID":"41","PLACE_CLASS":"Settlement","PLACE_TYPE":"Village","DISTRICT":"ST"}},{"type":"Feature","id":1121,"geometry":{"type":"Point","coordinates":[114.04387131204749,22.444391015421616]},"properties":{"OBJECTID":1121,"GEO_NAME_ID":"42","PLACE_CLASS":"Settlement","PLACE_TYPE":"Village","DISTRICT":"YL"}},{"type":"Feature","id":1122,"geometry":{"type":"Point","coordinates":[114.24445210621515,22.329364791619309]},"properties":{"OBJECTID":1122,"GEO_NAME_ID":"43","PLACE_CLASS":"Settlement","PLACE_TYPE":"Village","DISTRICT":"SK"}},{"type":"Feature","id":1123,"geometry":{"type":"Point","coordinates":[114.25489075078404,22.544917128145507]},"properties":{"OBJECTID":1123,"GEO_NAME_ID":"44","PLACE_CLASS":"Topographic","PLACE_TYPE":"Pass","DISTRICT":"NTH"}},{"type":"Feature","id":1124,"geometry":{"type":"Point","coordinates":[114.27822894675865,22.513487521224597]},"properties":{"OBJECTID":1124,"GEO_NAME_ID":"45","PLACE_CLASS":"Topographic","PLACE_TYPE":"Cape","DISTRICT":"NTH"}},{"type":"Feature","id":1125,"geometry":{"type":"Point","coordinates":[114.36600793288427,22.314648027870273]},"properties":{"OBJECTID":1125,"GEO_NAME_ID":"47","PLACE_CLASS":"Topographic","PLACE_TYPE":"Island","DISTRICT":"SK"}},{"type":"Feature","id":1126,"geometry":{"type":"Point","coordinates":[114.33414853128161,22.335632972714308]},"properties":{"OBJECTID":1126,"GEO_NAME_ID":"48","PLACE_CLASS":"Topographic","PLACE_TYPE":"Island","DISTRICT":"SK"}},{"type":"Feature","id":1127,"geometry":{"type":"Point","coordinates":[114.17456471353117,22.296155297223326]},"properties":{"OBJECTID":1127,"GEO_NAME_ID":"5084","PLACE_CLASS":"Topographic","PLACE_TYPE":"Hill","DISTRICT":"YTM"}},{"type":"Feature","id":1128,"geometry":{"type":"Point","coordinates":[114.17038937619928,22.349796892367127]},"properties":{"OBJECTID":1128,"GEO_NAME_ID":"51","PLACE_CLASS":"Topographic","PLACE_TYPE":"Hill","DISTRICT":"ST"}},{"type":"Feature","id":1129,"geometry":{"type":"Point","coordinates":[114.17381641227502,22.345778391931002]},"properties":{"OBJECTID":1129,"GEO_NAME_ID":"52","PLACE_CLASS":"Settlement","PLACE_TYPE":"Area","DISTRICT":"KLC"}},{"type":"Feature","id":1130,"geometry":{"type":"Point","coordinates":[114.25039483954237,22.18515162192638]},"properties":{"OBJECTID":1130,"GEO_NAME_ID":"53","PLACE_CLASS":"Topographic","PLACE_TYPE":"Island","DISTRICT":"ILD"}},{"type":"Feature","id":1131,"geometry":{"type":"Point","coordinates":[114.12886065495692,22.285943619052865]},"properties":{"OBJECTID":1131,"GEO_NAME_ID":"54","PLACE_CLASS":"Hydrographic","PLACE_TYPE":"Bay","DISTRICT":"CW"}},{"type":"Feature","id":1132,"geometry":{"type":"Point","coordinates":[114.16644534878573,22.25297947179164]},"properties":{"OBJECTID":1132,"GEO_NAME_ID":"57","PLACE_CLASS":"Topographic","PLACE_TYPE":"Hill","DISTRICT":"STH"}},{"type":"Feature","id":1133,"geometry":{"type":"Point","coordinates":[114.24916463386884,22.244393600515409]},"properties":{"OBJECTID":1133,"GEO_NAME_ID":"59","PLACE_CLASS":"Hydrographic","PLACE_TYPE":"Bay","DISTRICT":"STH"}},{"type":"Feature","id":1134,"geometry":{"type":"Point","coordinates":[114.38034596723028,22.363440697246336]},"properties":{"OBJECTID":1134,"GEO_NAME_ID":"60","PLACE_CLASS":"Topographic","PLACE_TYPE":"Cape","DISTRICT":"SK"}},{"type":"Feature","id":1135,"geometry":{"type":"Point","coordinates":[114.24463671525271,22.30965093636777]},"properties":{"OBJECTID":1135,"GEO_NAME_ID":"61","PLACE_CLASS":"Topographic","PLACE_TYPE":"Hill","DISTRICT":"SK"}},{"type":"Feature","id":1136,"geometry":{"type":"Point","coordinates":[113.90194882275138,22.405913800334591]},"properties":{"OBJECTID":1136,"GEO_NAME_ID":"62","PLACE_CLASS":"Topographic","PLACE_TYPE":"Cape","DISTRICT":"TM"}},{"type":"Feature","id":1137,"geometry":{"type":"Point","coordinates":[114.21403457631182,22.194375336365752]},"properties":{"OBJECTID":1137,"GEO_NAME_ID":"63","PLACE_CLASS":"Topographic","PLACE_TYPE":"Cape","DISTRICT":"STH"}},{"type":"Feature","id":1138,"geometry":{"type":"Point","coordinates":[114.35072900768023,22.320625305947637]},"properties":{"OBJECTID":1138,"GEO_NAME_ID":"64","PLACE_CLASS":"Topographic","PLACE_TYPE":"Island","DISTRICT":"SK"}},{"type":"Feature","id":1139,"geometry":{"type":"Point","coordinates":[114.22244180055972,22.253172076318354]},"properties":{"OBJECTID":1139,"GEO_NAME_ID":"65","PLACE_CLASS":"Topographic","PLACE_TYPE":"Hill","DISTRICT":"STH"}},{"type":"Feature","id":1140,"geometry":{"type":"Point","coordinates":[114.27162182130203,22.316175560023947]},"properties":{"OBJECTID":1140,"GEO_NAME_ID":"66","PLACE_CLASS":"Settlement","PLACE_TYPE":"Village","DISTRICT":"SK"}},{"type":"Feature","id":1141,"geometry":{"type":"Point","coordinates":[114.20658706302645,22.286489815860349]},"properties":{"OBJECTID":1141,"GEO_NAME_ID":"68","PLACE_CLASS":"Topographic","PLACE_TYPE":"Hill","DISTRICT":"EST"}},{"type":"Feature","id":1142,"geometry":{"type":"Point","coordinates":[114.17335300929312,22.241835914195679]},"properties":{"OBJECTID":1142,"GEO_NAME_ID":"69","PLACE_CLASS":"Topographic","PLACE_TYPE":"Hill","DISTRICT":"STH"}},{"type":"Feature","id":1143,"geometry":{"type":"Point","coordinates":[114.21778057826893,22.237514127265143]},"properties":{"OBJECTID":1143,"GEO_NAME_ID":"70","PLACE_CLASS":"Topographic","PLACE_TYPE":"Hill","DISTRICT":"STH"}},{"type":"Feature","id":1144,"geometry":{"type":"Point","coordinates":[114.02038160474687,22.357397413174247]},"properties":{"OBJECTID":1144,"GEO_NAME_ID":"71","PLACE_CLASS":"Topographic","PLACE_TYPE":"Cape","DISTRICT":"TM"}},{"type":"Feature","id":1145,"geometry":{"type":"Point","coordinates":[114.23433690827066,22.374575655610094]},"properties":{"OBJECTID":1145,"GEO_NAME_ID":"72","PLACE_CLASS":"Topographic","PLACE_TYPE":"Hill","DISTRICT":"ST"}},{"type":"Feature","id":1146,"geometry":{"type":"Point","coordinates":[114.23777379875212,22.373716497510539]},"properties":{"OBJECTID":1146,"GEO_NAME_ID":"73","PLACE_CLASS":"Topographic","PLACE_TYPE":"Pass","DISTRICT":"SK"}},{"type":"Feature","id":1147,"geometry":{"type":"Point","coordinates":[114.36783333451903,22.336590130430405]},"properties":{"OBJECTID":1147,"GEO_NAME_ID":"74","PLACE_CLASS":"Topographic","PLACE_TYPE":"Island","DISTRICT":"SK"}},{"type":"Feature","id":1148,"geometry":{"type":"Point","coordinates":[114.28755532147981,22.459208693299384]},"properties":{"OBJECTID":1148,"GEO_NAME_ID":"75","PLACE_CLASS":"Topographic","PLACE_TYPE":"Reef","DISTRICT":"TP"}},{"type":"Feature","id":1149,"geometry":{"type":"Point","coordinates":[113.99512658293541,22.269747444516238]},"properties":{"OBJECTID":1149,"GEO_NAME_ID":"79","PLACE_CLASS":"Topographic","PLACE_TYPE":"Hill","DISTRICT":"ILD"}},{"type":"Feature","id":1150,"geometry":{"type":"Point","coordinates":[114.14385866904118,22.343616759108418]},"properties":{"OBJECTID":1150,"GEO_NAME_ID":"80","PLACE_CLASS":"Topographic","PLACE_TYPE":"Valley","DISTRICT":"KC"}},{"type":"Feature","id":1151,"geometry":{"type":"Point","coordinates":[114.29869734831478,22.534784966412168]},"properties":{"OBJECTID":1151,"GEO_NAME_ID":"83","PLACE_CLASS":"Hydrographic","PLACE_TYPE":"Bay","DISTRICT":"NTH"}},{"type":"Feature","id":1152,"geometry":{"type":"Point","coordinates":[114.25732303823229,22.2614396555851]},"properties":{"OBJECTID":1152,"GEO_NAME_ID":"85","PLACE_CLASS":"Topographic","PLACE_TYPE":"Cape","DISTRICT":"EST"}},{"type":"Feature","id":1153,"geometry":{"type":"Point","coordinates":[114.26049311619686,22.208265401204983]},"properties":{"OBJECTID":1153,"GEO_NAME_ID":"87","PLACE_CLASS":"Topographic","PLACE_TYPE":"Cape","DISTRICT":"STH"}},{"type":"Feature","id":1154,"geometry":{"type":"Point","coordinates":[114.1779121771342,22.442602854741931]},"properties":{"OBJECTID":1154,"GEO_NAME_ID":"88","PLACE_CLASS":"Settlement","PLACE_TYPE":"Village","DISTRICT":"TP"}},{"type":"Feature","id":1155,"geometry":{"type":"Point","coordinates":[114.18853729726574,22.275763724782326]},"properties":{"OBJECTID":1155,"GEO_NAME_ID":"89","PLACE_CLASS":"Settlement","PLACE_TYPE":"Area","DISTRICT":"WC"}},{"type":"Feature","id":1156,"geometry":{"type":"Point","coordinates":[113.95342082188729,22.388347618772588]},"properties":{"OBJECTID":1156,"GEO_NAME_ID":"91","PLACE_CLASS":"Topographic","PLACE_TYPE":"Hill","DISTRICT":"TM"}},{"type":"Feature","id":1157,"geometry":{"type":"Point","coordinates":[114.15916509892587,22.517022250124882]},"properties":{"OBJECTID":1157,"GEO_NAME_ID":"94","PLACE_CLASS":"Topographic","PLACE_TYPE":"Hill","DISTRICT":"NTH"}},{"type":"Feature","id":1158,"geometry":{"type":"Point","coordinates":[114.18620902414949,22.282302058740672]},"properties":{"OBJECTID":1158,"GEO_NAME_ID":"95","PLACE_CLASS":"Settlement","PLACE_TYPE":"Area","DISTRICT":"WC"}},{"type":"Feature","id":1159,"geometry":{"type":"Point","coordinates":[114.15935975075354,22.281885980881185]},"properties":{"OBJECTID":1159,"GEO_NAME_ID":"96","PLACE_CLASS":"Settlement","PLACE_TYPE":"Area","DISTRICT":"CW"}},{"type":"Feature","id":1160,"geometry":{"type":"Point","coordinates":[114.22216242583235,22.439373327314101]},"properties":{"OBJECTID":1160,"GEO_NAME_ID":"98","PLACE_CLASS":"Topographic","PLACE_TYPE":"Island","DISTRICT":"TP"}},{"type":"Feature","id":1161,"geometry":{"type":"Point","coordinates":[113.94607338338697,22.21484216999632]},"properties":{"OBJECTID":1161,"GEO_NAME_ID":"99","PLACE_CLASS":"Topographic","PLACE_TYPE":"Island","DISTRICT":"ILD"}},{"type":"Feature","id":1162,"geometry":{"type":"Point","coordinates":[114.22528330879845,22.334708726971169]},"properties":{"OBJECTID":1162,"GEO_NAME_ID":"100","PLACE_CLASS":"Topographic","PLACE_TYPE":"Pass","DISTRICT":"SK"}},{"type":"Feature","id":1163,"geometry":{"type":"Point","coordinates":[114.29551336928242,22.380276732558563]},"properties":{"OBJECTID":1163,"GEO_NAME_ID":"101","PLACE_CLASS":"Topographic","PLACE_TYPE":"Reef","DISTRICT":"SK"}},{"type":"Feature","id":1164,"geometry":{"type":"Point","coordinates":[114.12891441177474,22.440889693410004]},"properties":{"OBJECTID":1164,"GEO_NAME_ID":"102","PLACE_CLASS":"Settlement","PLACE_TYPE":"Village","DISTRICT":"TP"}},{"type":"Feature","id":1165,"geometry":{"type":"Point","coordinates":[114.23924014133688,22.264960532331955]},"properties":{"OBJECTID":1165,"GEO_NAME_ID":"103","PLACE_CLASS":"Settlement","PLACE_TYPE":"Area","DISTRICT":"EST"}},{"type":"Feature","id":1166,"geometry":{"type":"Point","coordinates":[114.23501264214215,22.27140095359492]},"properties":{"OBJECTID":1166,"GEO_NAME_ID":"104","PLACE_CLASS":"Topographic","PLACE_TYPE":"Pass","DISTRICT":"EST"}},{"type":"Feature","id":1167,"geometry":{"type":"Point","coordinates":[114.10412834585817,22.375147493281084]},"properties":{"OBJECTID":1167,"GEO_NAME_ID":"106","PLACE_CLASS":"Settlement","PLACE_TYPE":"Area","DISTRICT":"TW"}},{"type":"Feature","id":1168,"geometry":{"type":"Point","coordinates":[114.42470436075425,22.548185654337271]},"properties":{"OBJECTID":1168,"GEO_NAME_ID":"108","PLACE_CLASS":"Topographic","PLACE_TYPE":"Cape","DISTRICT":"TP"}},{"type":"Feature","id":1169,"geometry":{"type":"Point","coordinates":[114.32986437348863,22.32367158229339]},"properties":{"OBJECTID":1169,"GEO_NAME_ID":"109","PLACE_CLASS":"Topographic","PLACE_TYPE":"Reef","DISTRICT":"SK"}},{"type":"Feature","id":1170,"geometry":{"type":"Point","coordinates":[114.13436926457403,22.51981703371273]},"properties":{"OBJECTID":1170,"GEO_NAME_ID":"110","PLACE_CLASS":"Topographic","PLACE_TYPE":"Hill","DISTRICT":"NTH"}},{"type":"Feature","id":1171,"geometry":{"type":"Point","coordinates":[114.39603250629175,22.429568355161248]},"properties":{"OBJECTID":1171,"GEO_NAME_ID":"111","PLACE_CLASS":"Hydrographic","PLACE_TYPE":"Bay","DISTRICT":"SK"}},{"type":"Feature","id":1172,"geometry":{"type":"Point","coordinates":[114.28865723396125,22.379333412180614]},"properties":{"OBJECTID":1172,"GEO_NAME_ID":"112","PLACE_CLASS":"Topographic","PLACE_TYPE":"Island","DISTRICT":"SK"}},{"type":"Feature","id":1173,"geometry":{"type":"Point","coordinates":[114.22616258070541,22.350737716998839]},"properties":{"OBJECTID":1173,"GEO_NAME_ID":"113","PLACE_CLASS":"Topographic","PLACE_TYPE":"Hill","DISTRICT":"SK"}},{"type":"Feature","id":1174,"geometry":{"type":"Point","coordinates":[114.42948313024989,22.545785195567554]},"properties":{"OBJECTID":1174,"GEO_NAME_ID":"114","PLACE_CLASS":"Settlement","PLACE_TYPE":"Village","DISTRICT":"TP"}},{"type":"Feature","id":1175,"geometry":{"type":"Point","coordinates":[114.10787334401819,22.479532329577918]},"properties":{"OBJECTID":1175,"GEO_NAME_ID":"115","PLACE_CLASS":"Settlement","PLACE_TYPE":"Village","DISTRICT":"NTH"}},{"type":"Feature","id":1176,"geometry":{"type":"Point","coordinates":[114.27821911040527,22.312559333263021]},"properties":{"OBJECTID":1176,"GEO_NAME_ID":"116","PLACE_CLASS":"Settlement","PLACE_TYPE":"Village","DISTRICT":"SK"}},{"type":"Feature","id":1177,"geometry":{"type":"Point","coordinates":[114.29459722080378,22.514334269499347]},"properties":{"OBJECTID":1177,"GEO_NAME_ID":"117","PLACE_CLASS":"Topographic","PLACE_TYPE":"Island","DISTRICT":"NTH"}},{"type":"Feature","id":1178,"geometry":{"type":"Point","coordinates":[113.92975216333926,22.269200597512686]},"properties":{"OBJECTID":1178,"GEO_NAME_ID":"118","PLACE_CLASS":"Settlement","PLACE_TYPE":"Village","DISTRICT":"ILD"}},{"type":"Feature","id":1179,"geometry":{"type":"Point","coordinates":[114.20549958006748,22.378204575753159]},"properties":{"OBJECTID":1179,"GEO_NAME_ID":"119","PLACE_CLASS":"Settlement","PLACE_TYPE":"Village","DISTRICT":"ST"}},{"type":"Feature","id":1180,"geometry":{"type":"Point","coordinates":[114.20712476981427,22.378836073480901]},"properties":{"OBJECTID":1180,"GEO_NAME_ID":"120","PLACE_CLASS":"Settlement","PLACE_TYPE":"Village","DISTRICT":"ST"}},{"type":"Feature","id":1181,"geometry":{"type":"Point","coordinates":[114.39765867543066,22.413672576602213]},"properties":{"OBJECTID":1181,"GEO_NAME_ID":"122","PLACE_CLASS":"Hydrographic","PLACE_TYPE":"Bay","DISTRICT":"SK"}},{"type":"Feature","id":1182,"geometry":{"type":"Point","coordinates":[114.42871431512722,22.550698872642226]},"properties":{"OBJECTID":1182,"GEO_NAME_ID":"123","PLACE_CLASS":"Settlement","PLACE_TYPE":"Village","DISTRICT":"TP"}},{"type":"Feature","id":1183,"geometry":{"type":"Point","coordinates":[114.42997233753655,22.552828042318772]},"properties":{"OBJECTID":1183,"GEO_NAME_ID":"124","PLACE_CLASS":"Topographic","PLACE_TYPE":"Cape","DISTRICT":"TP"}},{"type":"Feature","id":1184,"geometry":{"type":"Point","coordinates":[114.43277606411884,22.539043399203322]},"properties":{"OBJECTID":1184,"GEO_NAME_ID":"125","PLACE_CLASS":"Settlement","PLACE_TYPE":"Area","DISTRICT":"TP"}},{"type":"Feature","id":1185,"geometry":{"type":"Point","coordinates":[114.08382456211955,22.507108097122952]},"properties":{"OBJECTID":1185,"GEO_NAME_ID":"126","PLACE_CLASS":"Settlement","PLACE_TYPE":"Village","DISTRICT":"YL"}},{"type":"Feature","id":1186,"geometry":{"type":"Point","coordinates":[114.43398329358601,22.540016745294079]},"properties":{"OBJECTID":1186,"GEO_NAME_ID":"127","PLACE_CLASS":"Settlement","PLACE_TYPE":"Village","DISTRICT":"TP"}},{"type":"Feature","id":1187,"geometry":{"type":"Point","coordinates":[114.35067257769738,22.353406247784317]},"properties":{"OBJECTID":1187,"GEO_NAME_ID":"128","PLACE_CLASS":"Topographic","PLACE_TYPE":"Island","DISTRICT":"SK"}},{"type":"Feature","id":1188,"geometry":{"type":"Point","coordinates":[114.2623443481823,22.429432572732029]},"properties":{"OBJECTID":1188,"GEO_NAME_ID":"129","PLACE_CLASS":"Settlement","PLACE_TYPE":"Village","DISTRICT":"TP"}},{"type":"Feature","id":1189,"geometry":{"type":"Point","coordinates":[114.26608570731544,22.371129659466302]},"properties":{"OBJECTID":1189,"GEO_NAME_ID":"130","PLACE_CLASS":"Settlement","PLACE_TYPE":"Village","DISTRICT":"SK"}},{"type":"Feature","id":1190,"geometry":{"type":"Point","coordinates":[114.43022312442415,22.541088284494815]},"properties":{"OBJECTID":1190,"GEO_NAME_ID":"131","PLACE_CLASS":"Settlement","PLACE_TYPE":"Area","DISTRICT":"TP"}},{"type":"Feature","id":1191,"geometry":{"type":"Point","coordinates":[114.1830095806058,22.372283482496293]},"properties":{"OBJECTID":1191,"GEO_NAME_ID":"132","PLACE_CLASS":"Settlement","PLACE_TYPE":"Village","DISTRICT":"ST"}},{"type":"Feature","id":1192,"geometry":{"type":"Point","coordinates":[114.29072645509331,22.463893276254467]},"properties":{"OBJECTID":1192,"GEO_NAME_ID":"133","PLACE_CLASS":"Topographic","PLACE_TYPE":"Reef","DISTRICT":"TP"}},{"type":"Feature","id":1193,"geometry":{"type":"Point","coordinates":[114.21565762570427,22.207433384793902]},"properties":{"OBJECTID":1193,"GEO_NAME_ID":"134","PLACE_CLASS":"Topographic","PLACE_TYPE":"Hill","DISTRICT":"STH"}},{"type":"Feature","id":1194,"geometry":{"type":"Point","coordinates":[114.36423940971896,22.479727149549063]},"properties":{"OBJECTID":1194,"GEO_NAME_ID":"135","PLACE_CLASS":"Hydrographic","PLACE_TYPE":"Bay","DISTRICT":"TP"}},{"type":"Feature","id":1195,"geometry":{"type":"Point","coordinates":[114.21104400963011,22.218776993266484]},"properties":{"OBJECTID":1195,"GEO_NAME_ID":"137","PLACE_CLASS":"Settlement","PLACE_TYPE":"Village","DISTRICT":"STH"}},{"type":"Feature","id":1196,"geometry":{"type":"Point","coordinates":[114.34866852683831,22.421182219012348]},"properties":{"OBJECTID":1196,"GEO_NAME_ID":"138","PLACE_CLASS":"Settlement","PLACE_TYPE":"Village","DISTRICT":"TP"}},{"type":"Feature","id":1197,"geometry":{"type":"Point","coordinates":[114.36086454719417,22.329897529191154]},"properties":{"OBJECTID":1197,"GEO_NAME_ID":"139","PLACE_CLASS":"Topographic","PLACE_TYPE":"Cape","DISTRICT":"SK"}},{"type":"Feature","id":1198,"geometry":{"type":"Point","coordinates":[114.29132619520102,22.555108623340491]},"properties":{"OBJECTID":1198,"GEO_NAME_ID":"140","PLACE_CLASS":"Topographic","PLACE_TYPE":"Cape","DISTRICT":"NTH"}},{"type":"Feature","id":1199,"geometry":{"type":"Point","coordinates":[113.93038509641008,22.306651326558896]},"properties":{"OBJECTID":1199,"GEO_NAME_ID":"141","PLACE_CLASS":"Topographic","PLACE_TYPE":"Island","DISTRICT":"ILD"}},{"type":"Feature","id":1200,"geometry":{"type":"Point","coordinates":[113.94211017902639,22.276750437826564]},"properties":{"OBJECTID":1200,"GEO_NAME_ID":"142","PLACE_CLASS":"Settlement","PLACE_TYPE":"Village","DISTRICT":"ILD"}},{"type":"Feature","id":1201,"geometry":{"type":"Point","coordinates":[114.25344293497608,22.493300248346234]},"properties":{"OBJECTID":1201,"GEO_NAME_ID":"143","PLACE_CLASS":"Topographic","PLACE_TYPE":"Hill","DISTRICT":"NTH"}},{"type":"Feature","id":1202,"geometry":{"type":"Point","coordinates":[114.20098183674457,22.419528907018119]},"properties":{"OBJECTID":1202,"GEO_NAME_ID":"144","PLACE_CLASS":"Settlement","PLACE_TYPE":"Village","DISTRICT":"ST"}},{"type":"Feature","id":1203,"geometry":{"type":"Point","coordinates":[114.0294786564925,22.209123289843522]},"properties":{"OBJECTID":1203,"GEO_NAME_ID":"146","PLACE_CLASS":"Topographic","PLACE_TYPE":"Island","DISTRICT":"ILD"}},{"type":"Feature","id":1204,"geometry":{"type":"Point","coordinates":[114.02647294263751,22.208398085851591]},"properties":{"OBJECTID":1204,"GEO_NAME_ID":"147","PLACE_CLASS":"Hydrographic","PLACE_TYPE":"Bay","DISTRICT":"ILD"}},{"type":"Feature","id":1205,"geometry":{"type":"Point","coordinates":[114.05513621924548,22.449041545967457]},"properties":{"OBJECTID":1205,"GEO_NAME_ID":"149","PLACE_CLASS":"Settlement","PLACE_TYPE":"Village","DISTRICT":"YL"}},{"type":"Feature","id":1206,"geometry":{"type":"Point","coordinates":[114.23697221090841,22.42891121406122]},"properties":{"OBJECTID":1206,"GEO_NAME_ID":"153","PLACE_CLASS":"Settlement","PLACE_TYPE":"Village","DISTRICT":"ST"}},{"type":"Feature","id":1207,"geometry":{"type":"Point","coordinates":[114.10066061446278,22.484378411923991]},"properties":{"OBJECTID":1207,"GEO_NAME_ID":"155","PLACE_CLASS":"Settlement","PLACE_TYPE":"Village","DISTRICT":"NTH"}},{"type":"Feature","id":1208,"geometry":{"type":"Point","coordinates":[114.19087977188309,22.413199729736217]},"properties":{"OBJECTID":1208,"GEO_NAME_ID":"156","PLACE_CLASS":"Settlement","PLACE_TYPE":"Village","DISTRICT":"ST"}},{"type":"Feature","id":1209,"geometry":{"type":"Point","coordinates":[114.21033081566948,22.237858998913445]},"properties":{"OBJECTID":1209,"GEO_NAME_ID":"157","PLACE_CLASS":"Topographic","PLACE_TYPE":"Hill","DISTRICT":"STH"}},{"type":"Feature","id":1210,"geometry":{"type":"Point","coordinates":[114.24945400216896,22.428653231714769]},"properties":{"OBJECTID":1210,"GEO_NAME_ID":"158","PLACE_CLASS":"Settlement","PLACE_TYPE":"Village","DISTRICT":"TP"}},{"type":"Feature","id":1211,"geometry":{"type":"Point","coordinates":[113.92508170807362,22.1788328776118]},"properties":{"OBJECTID":1211,"GEO_NAME_ID":"159","PLACE_CLASS":"Topographic","PLACE_TYPE":"Island","DISTRICT":"ILD"}},{"type":"Feature","id":1212,"geometry":{"type":"Point","coordinates":[114.32006071600891,22.531633845308367]},"properties":{"OBJECTID":1212,"GEO_NAME_ID":"160","PLACE_CLASS":"Topographic","PLACE_TYPE":"Cape","DISTRICT":"NTH"}},{"type":"Feature","id":1213,"geometry":{"type":"Point","coordinates":[114.3858575608626,22.374369607118954]},"properties":{"OBJECTID":1213,"GEO_NAME_ID":"161","PLACE_CLASS":"Topographic","PLACE_TYPE":"Hill","DISTRICT":"SK"}},{"type":"Feature","id":1214,"geometry":{"type":"Point","coordinates":[114.38808359237817,22.376028326665583]},"properties":{"OBJECTID":1214,"GEO_NAME_ID":"162","PLACE_CLASS":"Hydrographic","PLACE_TYPE":"Bay","DISTRICT":"SK"}},{"type":"Feature","id":1215,"geometry":{"type":"Point","coordinates":[114.28558443570891,22.510755551279598]},"properties":{"OBJECTID":1215,"GEO_NAME_ID":"164","PLACE_CLASS":"Topographic","PLACE_TYPE":"Cape","DISTRICT":"NTH"}},{"type":"Feature","id":1216,"geometry":{"type":"Point","coordinates":[114.30441304676478,22.513378604914703]},"properties":{"OBJECTID":1216,"GEO_NAME_ID":"165","PLACE_CLASS":"Topographic","PLACE_TYPE":"Cape","DISTRICT":"NTH"}},{"type":"Feature","id":1217,"geometry":{"type":"Point","coordinates":[114.26482728803933,22.469697982053258]},"properties":{"OBJECTID":1217,"GEO_NAME_ID":"166","PLACE_CLASS":"Topographic","PLACE_TYPE":"Hill","DISTRICT":"TP"}},{"type":"Feature","id":1218,"geometry":{"type":"Point","coordinates":[114.07229723841292,22.417212182294008]},"properties":{"OBJECTID":1218,"GEO_NAME_ID":"167","PLACE_CLASS":"Settlement","PLACE_TYPE":"Village","DISTRICT":"YL"}},{"type":"Feature","id":1219,"geometry":{"type":"Point","coordinates":[114.01755953059511,22.200406473841799]},"properties":{"OBJECTID":1219,"GEO_NAME_ID":"168","PLACE_CLASS":"Topographic","PLACE_TYPE":"Cave","DISTRICT":"ILD"}},{"type":"Feature","id":1220,"geometry":{"type":"Point","coordinates":[113.9550131787188,22.234875550191916]},"properties":{"OBJECTID":1220,"GEO_NAME_ID":"169","PLACE_CLASS":"Settlement","PLACE_TYPE":"Area","DISTRICT":"ILD"}},{"type":"Feature","id":1221,"geometry":{"type":"Point","coordinates":[113.95631399042267,22.234236143772282]},"properties":{"OBJECTID":1221,"GEO_NAME_ID":"170","PLACE_CLASS":"Settlement","PLACE_TYPE":"Village","DISTRICT":"ILD"}},{"type":"Feature","id":1222,"geometry":{"type":"Point","coordinates":[114.01804243886569,22.288239067903092]},"properties":{"OBJECTID":1222,"GEO_NAME_ID":"171","PLACE_CLASS":"Settlement","PLACE_TYPE":"Village","DISTRICT":"ILD"}},{"type":"Feature","id":1223,"geometry":{"type":"Point","coordinates":[113.95973622072353,22.235459884396619]},"properties":{"OBJECTID":1223,"GEO_NAME_ID":"172","PLACE_CLASS":"Settlement","PLACE_TYPE":"Village","DISTRICT":"ILD"}},{"type":"Feature","id":1224,"geometry":{"type":"Point","coordinates":[114.15257775094112,22.334262626387346]},"properties":{"OBJECTID":1224,"GEO_NAME_ID":"173","PLACE_CLASS":"Settlement","PLACE_TYPE":"Area","DISTRICT":"SSP"}},{"type":"Feature","id":1225,"geometry":{"type":"Point","coordinates":[114.00452464684301,22.233093288191583]},"properties":{"OBJECTID":1225,"GEO_NAME_ID":"174","PLACE_CLASS":"Settlement","PLACE_TYPE":"Village","DISTRICT":"ILD"}},{"type":"Feature","id":1226,"geometry":{"type":"Point","coordinates":[114.43063812643142,22.550072759486159]},"properties":{"OBJECTID":1226,"GEO_NAME_ID":"175","PLACE_CLASS":"Hydrographic","PLACE_TYPE":"Bay","DISTRICT":"TP"}},{"type":"Feature","id":1227,"geometry":{"type":"Point","coordinates":[114.1726655091675,22.525945171337735]},"properties":{"OBJECTID":1227,"GEO_NAME_ID":"176","PLACE_CLASS":"Topographic","PLACE_TYPE":"Hill","DISTRICT":"NTH"}},{"type":"Feature","id":1228,"geometry":{"type":"Point","coordinates":[114.30391435250692,22.392822753519393]},"properties":{"OBJECTID":1228,"GEO_NAME_ID":"177","PLACE_CLASS":"Topographic","PLACE_TYPE":"Hill","DISTRICT":"SK"}},{"type":"Feature","id":1229,"geometry":{"type":"Point","coordinates":[113.88031809409313,22.260096344082598]},"properties":{"OBJECTID":1229,"GEO_NAME_ID":"178","PLACE_CLASS":"Topographic","PLACE_TYPE":"Hill","DISTRICT":"ILD"}},{"type":"Feature","id":1230,"geometry":{"type":"Point","coordinates":[114.29415480573431,22.554402219925787]},"properties":{"OBJECTID":1230,"GEO_NAME_ID":"180","PLACE_CLASS":"Topographic","PLACE_TYPE":"Cape","DISTRICT":"NTH"}},{"type":"Feature","id":1231,"geometry":{"type":"Point","coordinates":[114.26079223702533,22.54564561406378]},"properties":{"OBJECTID":1231,"GEO_NAME_ID":"181","PLACE_CLASS":"Topographic","PLACE_TYPE":"Island","DISTRICT":"NTH"}},{"type":"Feature","id":1232,"geometry":{"type":"Point","coordinates":[114.30678379013358,22.429186202486797]},"properties":{"OBJECTID":1232,"GEO_NAME_ID":"182","PLACE_CLASS":"Settlement","PLACE_TYPE":"Village","DISTRICT":"TP"}},{"type":"Feature","id":1233,"geometry":{"type":"Point","coordinates":[114.20064309330087,22.426617883102974]},"properties":{"OBJECTID":1233,"GEO_NAME_ID":"183","PLACE_CLASS":"Settlement","PLACE_TYPE":"Village","DISTRICT":"TP"}},{"type":"Feature","id":1234,"geometry":{"type":"Point","coordinates":[114.09456314350082,22.36036895984677]},"properties":{"OBJECTID":1234,"GEO_NAME_ID":"184","PLACE_CLASS":"Settlement","PLACE_TYPE":"Village","DISTRICT":"KC"}},{"type":"Feature","id":1235,"geometry":{"type":"Point","coordinates":[114.02371678813891,22.334914553935366]},"properties":{"OBJECTID":1235,"GEO_NAME_ID":"185","PLACE_CLASS":"Topographic","PLACE_TYPE":"Island","DISTRICT":"TW"}},{"type":"Feature","id":1236,"geometry":{"type":"Point","coordinates":[114.02235651422984,22.336087234823406]},"properties":{"OBJECTID":1236,"GEO_NAME_ID":"186","PLACE_CLASS":"Topographic","PLACE_TYPE":"Cape","DISTRICT":"TW"}},{"type":"Feature","id":1237,"geometry":{"type":"Point","coordinates":[113.88018603496191,22.24449125948351]},"properties":{"OBJECTID":1237,"GEO_NAME_ID":"187","PLACE_CLASS":"Settlement","PLACE_TYPE":"Village","DISTRICT":"ILD"}},{"type":"Feature","id":1238,"geometry":{"type":"Point","coordinates":[114.06449187262507,22.352169217640959]},"properties":{"OBJECTID":1238,"GEO_NAME_ID":"189","PLACE_CLASS":"Topographic","PLACE_TYPE":"Cape","DISTRICT":"TW"}},{"type":"Feature","id":1239,"geometry":{"type":"Point","coordinates":[114.29157966594104,22.508873075020595]},"properties":{"OBJECTID":1239,"GEO_NAME_ID":"190","PLACE_CLASS":"Topographic","PLACE_TYPE":"Cape","DISTRICT":"NTH"}},{"type":"Feature","id":1240,"geometry":{"type":"Point","coordinates":[114.40610745255968,22.413028680478313]},"properties":{"OBJECTID":1240,"GEO_NAME_ID":"191","PLACE_CLASS":"Topographic","PLACE_TYPE":"Island","DISTRICT":"SK"}},{"type":"Feature","id":1241,"geometry":{"type":"Point","coordinates":[114.09918342126447,22.432317256862387]},"properties":{"OBJECTID":1241,"GEO_NAME_ID":"192","PLACE_CLASS":"Settlement","PLACE_TYPE":"Village","DISTRICT":"YL"}},{"type":"Feature","id":1242,"geometry":{"type":"Point","coordinates":[114.37377183447344,22.417794244437189]},"properties":{"OBJECTID":1242,"GEO_NAME_ID":"193","PLACE_CLASS":"Settlement","PLACE_TYPE":"Village","DISTRICT":"SK"}},{"type":"Feature","id":1243,"geometry":{"type":"Point","coordinates":[114.32783952733996,22.336180807865901]},"properties":{"OBJECTID":1243,"GEO_NAME_ID":"195","PLACE_CLASS":"Hydrographic","PLACE_TYPE":"Bay","DISTRICT":"SK"}},{"type":"Feature","id":1244,"geometry":{"type":"Point","coordinates":[114.3000660004671,22.499637763840841]},"properties":{"OBJECTID":1244,"GEO_NAME_ID":"196","PLACE_CLASS":"Settlement","PLACE_TYPE":"Village","DISTRICT":"NTH"}},{"type":"Feature","id":1245,"geometry":{"type":"Point","coordinates":[114.03736604509206,22.206457151588946]},"properties":{"OBJECTID":1245,"GEO_NAME_ID":"201","PLACE_CLASS":"Settlement","PLACE_TYPE":"Area","DISTRICT":"ILD"}},{"type":"Feature","id":1246,"geometry":{"type":"Point","coordinates":[114.24724196515612,22.54917394545965]},"properties":{"OBJECTID":1246,"GEO_NAME_ID":"202","PLACE_CLASS":"Topographic","PLACE_TYPE":"Cape","DISTRICT":"NTH"}},{"type":"Feature","id":1247,"geometry":{"type":"Point","coordinates":[113.99500792583689,22.241418219677556]},"properties":{"OBJECTID":1247,"GEO_NAME_ID":"203","PLACE_CLASS":"Hydrographic","PLACE_TYPE":"Bay","DISTRICT":"ILD"}},{"type":"Feature","id":1248,"geometry":{"type":"Point","coordinates":[113.99483047282975,22.228594491730604]},"properties":{"OBJECTID":1248,"GEO_NAME_ID":"204","PLACE_CLASS":"Topographic","PLACE_TYPE":"Peninsula","DISTRICT":"ILD"}},{"type":"Feature","id":1249,"geometry":{"type":"Point","coordinates":[114.3190217539745,22.523263638018097]},"properties":{"OBJECTID":1249,"GEO_NAME_ID":"205","PLACE_CLASS":"Topographic","PLACE_TYPE":"Cape","DISTRICT":"NTH"}},{"type":"Feature","id":1250,"geometry":{"type":"Point","coordinates":[114.31342798793244,22.38956401929223]},"properties":{"OBJECTID":1250,"GEO_NAME_ID":"206","PLACE_CLASS":"Topographic","PLACE_TYPE":"Island","DISTRICT":"SK"}},{"type":"Feature","id":1251,"geometry":{"type":"Point","coordinates":[114.25200521390987,22.295596062892766]},"properties":{"OBJECTID":1251,"GEO_NAME_ID":"210","PLACE_CLASS":"Hydrographic","PLACE_TYPE":"Bay","DISTRICT":"SK"}},{"type":"Feature","id":1252,"geometry":{"type":"Point","coordinates":[114.24599067109476,22.299933432408618]},"properties":{"OBJECTID":1252,"GEO_NAME_ID":"211","PLACE_CLASS":"Topographic","PLACE_TYPE":"Hill","DISTRICT":"SK"}},{"type":"Feature","id":1253,"geometry":{"type":"Point","coordinates":[114.16649797480555,22.46032999983353]},"properties":{"OBJECTID":1253,"GEO_NAME_ID":"213","PLACE_CLASS":"Settlement","PLACE_TYPE":"Village","DISTRICT":"TP"}},{"type":"Feature","id":1254,"geometry":{"type":"Point","coordinates":[114.12744925694524,22.490863645543637]},"properties":{"OBJECTID":1254,"GEO_NAME_ID":"219","PLACE_CLASS":"Topographic","PLACE_TYPE":"Hill","DISTRICT":"NTH"}},{"type":"Feature","id":1255,"geometry":{"type":"Point","coordinates":[114.14475607975126,22.536110210092019]},"properties":{"OBJECTID":1255,"GEO_NAME_ID":"220","PLACE_CLASS":"Settlement","PLACE_TYPE":"Village","DISTRICT":"NTH"}},{"type":"Feature","id":1256,"geometry":{"type":"Point","coordinates":[114.25513968789691,22.520887243240569]},"properties":{"OBJECTID":1256,"GEO_NAME_ID":"221","PLACE_CLASS":"Settlement","PLACE_TYPE":"Area","DISTRICT":"NTH"}},{"type":"Feature","id":1257,"geometry":{"type":"Point","coordinates":[114.02675074122591,22.456585141909695]},"properties":{"OBJECTID":1257,"GEO_NAME_ID":"222","PLACE_CLASS":"Topographic","PLACE_TYPE":"Hill","DISTRICT":"YL"}},{"type":"Feature","id":1258,"geometry":{"type":"Point","coordinates":[114.33119108317238,22.470460863265949]},"properties":{"OBJECTID":1258,"GEO_NAME_ID":"223","PLACE_CLASS":"Topographic","PLACE_TYPE":"Cape","DISTRICT":"TP"}},{"type":"Feature","id":1259,"geometry":{"type":"Point","coordinates":[114.10830190375876,22.394745933286092]},"properties":{"OBJECTID":1259,"GEO_NAME_ID":"224","PLACE_CLASS":"Settlement","PLACE_TYPE":"Village","DISTRICT":"TW"}},{"type":"Feature","id":1260,"geometry":{"type":"Point","coordinates":[114.10962488818805,22.400421753238284]},"properties":{"OBJECTID":1260,"GEO_NAME_ID":"225","PLACE_CLASS":"Settlement","PLACE_TYPE":"Village","DISTRICT":"TW"}},{"type":"Feature","id":1261,"geometry":{"type":"Point","coordinates":[114.11066195582153,22.39800653097226]},"properties":{"OBJECTID":1261,"GEO_NAME_ID":"226","PLACE_CLASS":"Settlement","PLACE_TYPE":"Village","DISTRICT":"TW"}},{"type":"Feature","id":1262,"geometry":{"type":"Point","coordinates":[114.11179812749131,22.399792313113444]},"properties":{"OBJECTID":1262,"GEO_NAME_ID":"227","PLACE_CLASS":"Settlement","PLACE_TYPE":"Village","DISTRICT":"TW"}},{"type":"Feature","id":1263,"geometry":{"type":"Point","coordinates":[114.14102351658042,22.459378160022677]},"properties":{"OBJECTID":1263,"GEO_NAME_ID":"228","PLACE_CLASS":"Settlement","PLACE_TYPE":"Village","DISTRICT":"TP"}},{"type":"Feature","id":1264,"geometry":{"type":"Point","coordinates":[114.13757814581773,22.446247092252982]},"properties":{"OBJECTID":1264,"GEO_NAME_ID":"229","PLACE_CLASS":"Settlement","PLACE_TYPE":"Village","DISTRICT":"TP"}},{"type":"Feature","id":1265,"geometry":{"type":"Point","coordinates":[114.36567386474204,22.390866031755316]},"properties":{"OBJECTID":1265,"GEO_NAME_ID":"230","PLACE_CLASS":"Topographic","PLACE_TYPE":"Pass","DISTRICT":"SK"}},{"type":"Feature","id":1266,"geometry":{"type":"Point","coordinates":[114.16095046834022,22.458676978665011]},"properties":{"OBJECTID":1266,"GEO_NAME_ID":"231","PLACE_CLASS":"Settlement","PLACE_TYPE":"Village","DISTRICT":"TP"}},{"type":"Feature","id":1267,"geometry":{"type":"Point","coordinates":[114.09796020225147,22.448228323399224]},"properties":{"OBJECTID":1267,"GEO_NAME_ID":"232","PLACE_CLASS":"Settlement","PLACE_TYPE":"Village","DISTRICT":"YL"}},{"type":"Feature","id":1268,"geometry":{"type":"Point","coordinates":[114.25970203753108,22.347111807040402]},"properties":{"OBJECTID":1268,"GEO_NAME_ID":"233","PLACE_CLASS":"Settlement","PLACE_TYPE":"Village","DISTRICT":"SK"}},{"type":"Feature","id":1269,"geometry":{"type":"Point","coordinates":[114.04072993495893,22.43807611965526]},"properties":{"OBJECTID":1269,"GEO_NAME_ID":"234","PLACE_CLASS":"Settlement","PLACE_TYPE":"Village","DISTRICT":"YL"}},{"type":"Feature","id":1270,"geometry":{"type":"Point","coordinates":[114.30319077346515,22.505297389241395]},"properties":{"OBJECTID":1270,"GEO_NAME_ID":"235","PLACE_CLASS":"Topographic","PLACE_TYPE":"Reef","DISTRICT":"NTH"}},{"type":"Feature","id":1271,"geometry":{"type":"Point","coordinates":[114.23591130950871,22.354915600978757]},"properties":{"OBJECTID":1271,"GEO_NAME_ID":"237","PLACE_CLASS":"Settlement","PLACE_TYPE":"Village","DISTRICT":"SK"}},{"type":"Feature","id":1272,"geometry":{"type":"Point","coordinates":[114.05581157528076,22.476819625600115]},"properties":{"OBJECTID":1272,"GEO_NAME_ID":"240","PLACE_CLASS":"Settlement","PLACE_TYPE":"Village","DISTRICT":"YL"}},{"type":"Feature","id":1273,"geometry":{"type":"Point","coordinates":[114.10592907129467,22.338622219621762]},"properties":{"OBJECTID":1273,"GEO_NAME_ID":"241","PLACE_CLASS":"Settlement","PLACE_TYPE":"Area","DISTRICT":"KC"}},{"type":"Feature","id":1274,"geometry":{"type":"Point","coordinates":[114.01764941712055,22.446263677807487]},"properties":{"OBJECTID":1274,"GEO_NAME_ID":"242","PLACE_CLASS":"Settlement","PLACE_TYPE":"Village","DISTRICT":"YL"}},{"type":"Feature","id":1275,"geometry":{"type":"Point","coordinates":[113.89416118805435,22.222084123942057]},"properties":{"OBJECTID":1275,"GEO_NAME_ID":"246","PLACE_CLASS":"Settlement","PLACE_TYPE":"Area","DISTRICT":"ILD"}},{"type":"Feature","id":1276,"geometry":{"type":"Point","coordinates":[113.99593426949548,22.267897069432944]},"properties":{"OBJECTID":1276,"GEO_NAME_ID":"247","PLACE_CLASS":"Settlement","PLACE_TYPE":"Village","DISTRICT":"ILD"}},{"type":"Feature","id":1277,"geometry":{"type":"Point","coordinates":[114.03604999618393,22.455049321096777]},"properties":{"OBJECTID":1277,"GEO_NAME_ID":"248","PLACE_CLASS":"Settlement","PLACE_TYPE":"Village","DISTRICT":"YL"}},{"type":"Feature","id":1278,"geometry":{"type":"Point","coordinates":[114.20148989689196,22.215527667444338]},"properties":{"OBJECTID":1278,"GEO_NAME_ID":"249","PLACE_CLASS":"Settlement","PLACE_TYPE":"Area","DISTRICT":"STH"}},{"type":"Feature","id":1279,"geometry":{"type":"Point","coordinates":[114.02903620993969,22.454383828736692]},"properties":{"OBJECTID":1279,"GEO_NAME_ID":"5012","PLACE_CLASS":"Settlement","PLACE_TYPE":"Village","DISTRICT":"YL"}},{"type":"Feature","id":1280,"geometry":{"type":"Point","coordinates":[114.16824272646942,22.526432635424886]},"properties":{"OBJECTID":1280,"GEO_NAME_ID":"5033","PLACE_CLASS":"Settlement","PLACE_TYPE":"Area","DISTRICT":"NTH"}},{"type":"Feature","id":1281,"geometry":{"type":"Point","coordinates":[114.25381435049754,22.23220004873879]},"properties":{"OBJECTID":1281,"GEO_NAME_ID":"4964","PLACE_CLASS":"Hydrographic","PLACE_TYPE":"Bay","DISTRICT":"STH"}},{"type":"Feature","id":1282,"geometry":{"type":"Point","coordinates":[114.21140680690311,22.234815432651118]},"properties":{"OBJECTID":1282,"GEO_NAME_ID":"4910","PLACE_CLASS":"Topographic","PLACE_TYPE":"Hill","DISTRICT":"STH"}},{"type":"Feature","id":1283,"geometry":{"type":"Point","coordinates":[114.20305039369009,22.36615825705903]},"properties":{"OBJECTID":1283,"GEO_NAME_ID":"4971","PLACE_CLASS":"Topographic","PLACE_TYPE":"Hill","DISTRICT":"ST"}},{"type":"Feature","id":1284,"geometry":{"type":"Point","coordinates":[114.12951676012429,22.521294592905779]},"properties":{"OBJECTID":1284,"GEO_NAME_ID":"4846","PLACE_CLASS":"Topographic","PLACE_TYPE":"Hill","DISTRICT":"NTH"}},{"type":"Feature","id":1285,"geometry":{"type":"Point","coordinates":[113.9819638416925,22.337145421322422]},"properties":{"OBJECTID":1285,"GEO_NAME_ID":"5061","PLACE_CLASS":"Topographic","PLACE_TYPE":"Island","DISTRICT":"TM"}},{"type":"Feature","id":1286,"geometry":{"type":"Point","coordinates":[114.15106911102822,22.51415852879844]},"properties":{"OBJECTID":1286,"GEO_NAME_ID":"5064","PLACE_CLASS":"Topographic","PLACE_TYPE":"Hill","DISTRICT":"NTH"}},{"type":"Feature","id":1287,"geometry":{"type":"Point","coordinates":[114.25583729253262,22.551138566249822]},"properties":{"OBJECTID":1287,"GEO_NAME_ID":"5066","PLACE_CLASS":"Topographic","PLACE_TYPE":"Reef","DISTRICT":"NTH"}},{"type":"Feature","id":1288,"geometry":{"type":"Point","coordinates":[114.23833243371278,22.290992872386727]},"properties":{"OBJECTID":1288,"GEO_NAME_ID":"5035","PLACE_CLASS":"Settlement","PLACE_TYPE":"Village","DISTRICT":"KT"}},{"type":"Feature","id":1289,"geometry":{"type":"Point","coordinates":[114.32204268466722,22.549214118459012]},"properties":{"OBJECTID":1289,"GEO_NAME_ID":"4883","PLACE_CLASS":"Topographic","PLACE_TYPE":"Rock","DISTRICT":"NTH"}},{"type":"Feature","id":1290,"geometry":{"type":"Point","coordinates":[114.21970057353433,22.235319175964602]},"properties":{"OBJECTID":1290,"GEO_NAME_ID":"4899","PLACE_CLASS":"Topographic","PLACE_TYPE":"Hill","DISTRICT":"STH"}},{"type":"Feature","id":1291,"geometry":{"type":"Point","coordinates":[114.18126244321047,22.350609710347449]},"properties":{"OBJECTID":1291,"GEO_NAME_ID":"5107","PLACE_CLASS":"Topographic","PLACE_TYPE":"Pass","DISTRICT":"ST"}},{"type":"Feature","id":1292,"geometry":{"type":"Point","coordinates":[113.98297732043233,22.249866029544137]},"properties":{"OBJECTID":1292,"GEO_NAME_ID":"5108","PLACE_CLASS":"Topographic","PLACE_TYPE":"Pass","DISTRICT":"ILD"}},{"type":"Feature","id":1293,"geometry":{"type":"Point","coordinates":[114.16941265257692,22.461233204044781]},"properties":{"OBJECTID":1293,"GEO_NAME_ID":"2344","PLACE_CLASS":"Settlement","PLACE_TYPE":"Village","DISTRICT":"TP"}},{"type":"Feature","id":1294,"geometry":{"type":"Point","coordinates":[114.12074037125433,22.20863847251745]},"properties":{"OBJECTID":1294,"GEO_NAME_ID":"2345","PLACE_CLASS":"Hydrographic","PLACE_TYPE":"Bay","DISTRICT":"ILD"}},{"type":"Feature","id":1295,"geometry":{"type":"Point","coordinates":[113.87888210306052,22.269322956001069]},"properties":{"OBJECTID":1295,"GEO_NAME_ID":"2346","PLACE_CLASS":"Settlement","PLACE_TYPE":"Village","DISTRICT":"ILD"}},{"type":"Feature","id":1296,"geometry":{"type":"Point","coordinates":[114.32346092761981,22.335516567897933]},"properties":{"OBJECTID":1296,"GEO_NAME_ID":"2347","PLACE_CLASS":"Topographic","PLACE_TYPE":"Hill","DISTRICT":"SK"}},{"type":"Feature","id":1297,"geometry":{"type":"Point","coordinates":[114.25064066729232,22.302757964446588]},"properties":{"OBJECTID":1297,"GEO_NAME_ID":"2348","PLACE_CLASS":"Settlement","PLACE_TYPE":"Area","DISTRICT":"SK"}},{"type":"Feature","id":1298,"geometry":{"type":"Point","coordinates":[114.2445705823415,22.413764096691448]},"properties":{"OBJECTID":1298,"GEO_NAME_ID":"2349","PLACE_CLASS":"Topographic","PLACE_TYPE":"Hill","DISTRICT":"ST"}},{"type":"Feature","id":1299,"geometry":{"type":"Point","coordinates":[114.25895396632293,22.511286060752372]},"properties":{"OBJECTID":1299,"GEO_NAME_ID":"2350","PLACE_CLASS":"Topographic","PLACE_TYPE":"Hill","DISTRICT":"NTH"}},{"type":"Feature","id":1300,"geometry":{"type":"Point","coordinates":[114.20888329727788,22.355979780485299]},"properties":{"OBJECTID":1300,"GEO_NAME_ID":"2351","PLACE_CLASS":"Topographic","PLACE_TYPE":"Pass","DISTRICT":"ST"}},{"type":"Feature","id":1301,"geometry":{"type":"Point","coordinates":[114.29409875138468,22.2794333916158]},"properties":{"OBJECTID":1301,"GEO_NAME_ID":"2352","PLACE_CLASS":"Topographic","PLACE_TYPE":"Cape","DISTRICT":"SK"}},{"type":"Feature","id":1302,"geometry":{"type":"Point","coordinates":[114.18229283066853,22.384618695945317]},"properties":{"OBJECTID":1302,"GEO_NAME_ID":"2353","PLACE_CLASS":"Settlement","PLACE_TYPE":"Village","DISTRICT":"ST"}},{"type":"Feature","id":1303,"geometry":{"type":"Point","coordinates":[114.04360775431057,22.343782070003371]},"properties":{"OBJECTID":1303,"GEO_NAME_ID":"2354","PLACE_CLASS":"Hydrographic","PLACE_TYPE":"Bay","DISTRICT":"TW"}},{"type":"Feature","id":1304,"geometry":{"type":"Point","coordinates":[114.33668000603366,22.427326202419689]},"properties":{"OBJECTID":1304,"GEO_NAME_ID":"2355","PLACE_CLASS":"Settlement","PLACE_TYPE":"Village","DISTRICT":"TP"}},{"type":"Feature","id":1305,"geometry":{"type":"Point","coordinates":[114.19159813918549,22.317737794289222]},"properties":{"OBJECTID":1305,"GEO_NAME_ID":"2356","PLACE_CLASS":"Settlement","PLACE_TYPE":"Area","DISTRICT":"KLC"}},{"type":"Feature","id":1306,"geometry":{"type":"Point","coordinates":[114.20203284341282,22.376805420710923]},"properties":{"OBJECTID":1306,"GEO_NAME_ID":"2357","PLACE_CLASS":"Settlement","PLACE_TYPE":"Village","DISTRICT":"ST"}},{"type":"Feature","id":1307,"geometry":{"type":"Point","coordinates":[114.23974256132004,22.433317026612499]},"properties":{"OBJECTID":1307,"GEO_NAME_ID":"2358","PLACE_CLASS":"Settlement","PLACE_TYPE":"Village","DISTRICT":"ST"}},{"type":"Feature","id":1308,"geometry":{"type":"Point","coordinates":[114.27468860309212,22.468518346651877]},"properties":{"OBJECTID":1308,"GEO_NAME_ID":"2359","PLACE_CLASS":"Topographic","PLACE_TYPE":"Cape","DISTRICT":"TP"}},{"type":"Feature","id":1309,"geometry":{"type":"Point","coordinates":[114.23635181382694,22.225976200486123]},"properties":{"OBJECTID":1309,"GEO_NAME_ID":"2360","PLACE_CLASS":"Hydrographic","PLACE_TYPE":"Bay","DISTRICT":"STH"}},{"type":"Feature","id":1310,"geometry":{"type":"Point","coordinates":[114.23766094915037,22.22528035267166]},"properties":{"OBJECTID":1310,"GEO_NAME_ID":"2361","PLACE_CLASS":"Settlement","PLACE_TYPE":"Village","DISTRICT":"STH"}},{"type":"Feature","id":1311,"geometry":{"type":"Point","coordinates":[114.09584308713289,22.430229579167559]},"properties":{"OBJECTID":1311,"GEO_NAME_ID":"2362","PLACE_CLASS":"Settlement","PLACE_TYPE":"Village","DISTRICT":"YL"}},{"type":"Feature","id":1312,"geometry":{"type":"Point","coordinates":[114.16339080724957,22.440905276462026]},"properties":{"OBJECTID":1312,"GEO_NAME_ID":"2363","PLACE_CLASS":"Settlement","PLACE_TYPE":"Village","DISTRICT":"TP"}},{"type":"Feature","id":1313,"geometry":{"type":"Point","coordinates":[113.98305365356519,22.416438069184494]},"properties":{"OBJECTID":1313,"GEO_NAME_ID":"2364","PLACE_CLASS":"Settlement","PLACE_TYPE":"Village","DISTRICT":"TM"}},{"type":"Feature","id":1314,"geometry":{"type":"Point","coordinates":[114.30554487830099,22.476082220171609]},"properties":{"OBJECTID":1314,"GEO_NAME_ID":"2365","PLACE_CLASS":"Hydrographic","PLACE_TYPE":"Channel","DISTRICT":"TP"}},{"type":"Feature","id":1315,"geometry":{"type":"Point","coordinates":[114.21079732062806,22.441904646034779]},"properties":{"OBJECTID":1315,"GEO_NAME_ID":"2366","PLACE_CLASS":"Hydrographic","PLACE_TYPE":"Harbour","DISTRICT":"TP"}},{"type":"Feature","id":1316,"geometry":{"type":"Point","coordinates":[113.91499733779544,22.17899760030048]},"properties":{"OBJECTID":1316,"GEO_NAME_ID":"2367","PLACE_CLASS":"Hydrographic","PLACE_TYPE":"Bay","DISTRICT":"ILD"}},{"type":"Feature","id":1317,"geometry":{"type":"Point","coordinates":[114.1513662928313,22.536644183246132]},"properties":{"OBJECTID":1317,"GEO_NAME_ID":"2368","PLACE_CLASS":"Settlement","PLACE_TYPE":"Village","DISTRICT":"NTH"}},{"type":"Feature","id":1318,"geometry":{"type":"Point","coordinates":[114.00772493524467,22.442975540747316]},"properties":{"OBJECTID":1318,"GEO_NAME_ID":"2369","PLACE_CLASS":"Settlement","PLACE_TYPE":"Village","DISTRICT":"YL"}},{"type":"Feature","id":1319,"geometry":{"type":"Point","coordinates":[113.93164757381167,22.228213519612556]},"properties":{"OBJECTID":1319,"GEO_NAME_ID":"2370","PLACE_CLASS":"Settlement","PLACE_TYPE":"Village","DISTRICT":"ILD"}},{"type":"Feature","id":1320,"geometry":{"type":"Point","coordinates":[113.92519469096415,22.224257278564405]},"properties":{"OBJECTID":1320,"GEO_NAME_ID":"2371","PLACE_CLASS":"Hydrographic","PLACE_TYPE":"Bay","DISTRICT":"ILD"}},{"type":"Feature","id":1321,"geometry":{"type":"Point","coordinates":[114.14961558292519,22.491690680939815]},"properties":{"OBJECTID":1321,"GEO_NAME_ID":"2372","PLACE_CLASS":"Settlement","PLACE_TYPE":"Village","DISTRICT":"NTH"}},{"type":"Feature","id":1322,"geometry":{"type":"Point","coordinates":[114.34699819388068,22.341580148855655]},"properties":{"OBJECTID":1322,"GEO_NAME_ID":"2373","PLACE_CLASS":"Topographic","PLACE_TYPE":"Reef","DISTRICT":"SK"}},{"type":"Feature","id":1323,"geometry":{"type":"Point","coordinates":[114.21580617996939,22.449318157667953]},"properties":{"OBJECTID":1323,"GEO_NAME_ID":"2374","PLACE_CLASS":"Settlement","PLACE_TYPE":"Village","DISTRICT":"TP"}},{"type":"Feature","id":1324,"geometry":{"type":"Point","coordinates":[114.10343704305511,22.508021266598913]},"properties":{"OBJECTID":1324,"GEO_NAME_ID":"2375","PLACE_CLASS":"Settlement","PLACE_TYPE":"Village","DISTRICT":"NTH"}},{"type":"Feature","id":1325,"geometry":{"type":"Point","coordinates":[114.10709278348266,22.48590746163454]},"properties":{"OBJECTID":1325,"GEO_NAME_ID":"2376","PLACE_CLASS":"Settlement","PLACE_TYPE":"Village","DISTRICT":"NTH"}},{"type":"Feature","id":1326,"geometry":{"type":"Point","coordinates":[114.31295606875659,22.503076993172364]},"properties":{"OBJECTID":1326,"GEO_NAME_ID":"2377","PLACE_CLASS":"Hydrographic","PLACE_TYPE":"Bay","DISTRICT":"NTH"}},{"type":"Feature","id":1327,"geometry":{"type":"Point","coordinates":[114.29998073246976,22.502121183000092]},"properties":{"OBJECTID":1327,"GEO_NAME_ID":"2379","PLACE_CLASS":"Topographic","PLACE_TYPE":"Cape","DISTRICT":"NTH"}},{"type":"Feature","id":1328,"geometry":{"type":"Point","coordinates":[114.03730240241713,22.426785132654956]},"properties":{"OBJECTID":1328,"GEO_NAME_ID":"2380","PLACE_CLASS":"Settlement","PLACE_TYPE":"Village","DISTRICT":"YL"}},{"type":"Feature","id":1329,"geometry":{"type":"Point","coordinates":[114.21196490494829,22.5426431155011]},"properties":{"OBJECTID":1329,"GEO_NAME_ID":"2381","PLACE_CLASS":"Settlement","PLACE_TYPE":"Village","DISTRICT":"NTH"}},{"type":"Feature","id":1330,"geometry":{"type":"Point","coordinates":[114.21108386284617,22.540507547320793]},"properties":{"OBJECTID":1330,"GEO_NAME_ID":"2382","PLACE_CLASS":"Settlement","PLACE_TYPE":"Village","DISTRICT":"NTH"}},{"type":"Feature","id":1331,"geometry":{"type":"Point","coordinates":[114.18142416159765,22.545062419339423]},"properties":{"OBJECTID":1331,"GEO_NAME_ID":"2383","PLACE_CLASS":"Settlement","PLACE_TYPE":"Village","DISTRICT":"NTH"}},{"type":"Feature","id":1332,"geometry":{"type":"Point","coordinates":[114.21268121305495,22.211172783760599]},"properties":{"OBJECTID":1332,"GEO_NAME_ID":"2384","PLACE_CLASS":"Topographic","PLACE_TYPE":"Reef","DISTRICT":"STH"}},{"type":"Feature","id":1333,"geometry":{"type":"Point","coordinates":[114.01021276609519,22.434074119601874]},"properties":{"OBJECTID":1333,"GEO_NAME_ID":"2385","PLACE_CLASS":"Settlement","PLACE_TYPE":"Village","DISTRICT":"YL"}},{"type":"Feature","id":1334,"geometry":{"type":"Point","coordinates":[114.36414125730279,22.334065888174376]},"properties":{"OBJECTID":1334,"GEO_NAME_ID":"2386","PLACE_CLASS":"Topographic","PLACE_TYPE":"Island","DISTRICT":"SK"}},{"type":"Feature","id":1335,"geometry":{"type":"Point","coordinates":[114.31969797386405,22.300698026717807]},"properties":{"OBJECTID":1335,"GEO_NAME_ID":"2388","PLACE_CLASS":"Topographic","PLACE_TYPE":"Island","DISTRICT":"SK"}},{"type":"Feature","id":1336,"geometry":{"type":"Point","coordinates":[114.3228500591739,22.401340576817748]},"properties":{"OBJECTID":1336,"GEO_NAME_ID":"2389","PLACE_CLASS":"Settlement","PLACE_TYPE":"Village","DISTRICT":"SK"}},{"type":"Feature","id":1337,"geometry":{"type":"Point","coordinates":[114.3090223126656,22.392773506694692]},"properties":{"OBJECTID":1337,"GEO_NAME_ID":"2390","PLACE_CLASS":"Settlement","PLACE_TYPE":"Village","DISTRICT":"SK"}},{"type":"Feature","id":1338,"geometry":{"type":"Point","coordinates":[114.31303894026721,22.388932212434408]},"properties":{"OBJECTID":1338,"GEO_NAME_ID":"2391","PLACE_CLASS":"Hydrographic","PLACE_TYPE":"Bay","DISTRICT":"SK"}},{"type":"Feature","id":1339,"geometry":{"type":"Point","coordinates":[114.38954325452099,22.365343340368501]},"properties":{"OBJECTID":1339,"GEO_NAME_ID":"2392","PLACE_CLASS":"Topographic","PLACE_TYPE":"Cape","DISTRICT":"SK"}},{"type":"Feature","id":1340,"geometry":{"type":"Point","coordinates":[114.38808535711581,22.370763547867231]},"properties":{"OBJECTID":1340,"GEO_NAME_ID":"2393","PLACE_CLASS":"Topographic","PLACE_TYPE":"Hill","DISTRICT":"SK"}},{"type":"Feature","id":1341,"geometry":{"type":"Point","coordinates":[114.11680005869277,22.237986832862219]},"properties":{"OBJECTID":1341,"GEO_NAME_ID":"2394","PLACE_CLASS":"Topographic","PLACE_TYPE":"Pass","DISTRICT":"ILD"}},{"type":"Feature","id":1342,"geometry":{"type":"Point","coordinates":[113.92202191442074,22.417325026672646]},"properties":{"OBJECTID":1342,"GEO_NAME_ID":"2395","PLACE_CLASS":"Settlement","PLACE_TYPE":"Village","DISTRICT":"TM"}},{"type":"Feature","id":1343,"geometry":{"type":"Point","coordinates":[114.0932600519757,22.428900784866563]},"properties":{"OBJECTID":1343,"GEO_NAME_ID":"2396","PLACE_CLASS":"Settlement","PLACE_TYPE":"Village","DISTRICT":"YL"}},{"type":"Feature","id":1344,"geometry":{"type":"Point","coordinates":[114.29692596250665,22.509772214886407]},"properties":{"OBJECTID":1344,"GEO_NAME_ID":"2397","PLACE_CLASS":"Hydrographic","PLACE_TYPE":"Bay","DISTRICT":"NTH"}},{"type":"Feature","id":1345,"geometry":{"type":"Point","coordinates":[114.08208618778488,22.44803014625402]},"properties":{"OBJECTID":1345,"GEO_NAME_ID":"2398","PLACE_CLASS":"Settlement","PLACE_TYPE":"Village","DISTRICT":"YL"}},{"type":"Feature","id":1346,"geometry":{"type":"Point","coordinates":[114.42803227035391,22.544496137241286]},"properties":{"OBJECTID":1346,"GEO_NAME_ID":"2399","PLACE_CLASS":"Settlement","PLACE_TYPE":"Village","DISTRICT":"TP"}},{"type":"Feature","id":1347,"geometry":{"type":"Point","coordinates":[114.23754394703076,22.291357726453466]},"properties":{"OBJECTID":1347,"GEO_NAME_ID":"2400","PLACE_CLASS":"Hydrographic","PLACE_TYPE":"Harbour","DISTRICT":"KT"}},{"type":"Feature","id":1348,"geometry":{"type":"Point","coordinates":[114.09372962370955,22.521038343908671]},"properties":{"OBJECTID":1348,"GEO_NAME_ID":"2401","PLACE_CLASS":"Settlement","PLACE_TYPE":"Village","DISTRICT":"NTH"}},{"type":"Feature","id":1349,"geometry":{"type":"Point","coordinates":[114.3623187898112,22.453053574921274]},"properties":{"OBJECTID":1349,"GEO_NAME_ID":"2402","PLACE_CLASS":"Settlement","PLACE_TYPE":"Village","DISTRICT":"TP"}},{"type":"Feature","id":1350,"geometry":{"type":"Point","coordinates":[114.0943085424308,22.429805436110975]},"properties":{"OBJECTID":1350,"GEO_NAME_ID":"2403","PLACE_CLASS":"Settlement","PLACE_TYPE":"Village","DISTRICT":"YL"}},{"type":"Feature","id":1351,"geometry":{"type":"Point","coordinates":[114.23824215752084,22.33464112035891]},"properties":{"OBJECTID":1351,"GEO_NAME_ID":"2404","PLACE_CLASS":"Settlement","PLACE_TYPE":"Village","DISTRICT":"SK"}},{"type":"Feature","id":1352,"geometry":{"type":"Point","coordinates":[114.26944367641805,22.42746001697871]},"properties":{"OBJECTID":1352,"GEO_NAME_ID":"2405","PLACE_CLASS":"Settlement","PLACE_TYPE":"Village","DISTRICT":"TP"}},{"type":"Feature","id":1353,"geometry":{"type":"Point","coordinates":[114.20031106137394,22.473783964407723]},"properties":{"OBJECTID":1353,"GEO_NAME_ID":"2406","PLACE_CLASS":"Settlement","PLACE_TYPE":"Village","DISTRICT":"TP"}},{"type":"Feature","id":1354,"geometry":{"type":"Point","coordinates":[113.97999444242879,22.398487239794878]},"properties":{"OBJECTID":1354,"GEO_NAME_ID":"2407","PLACE_CLASS":"Settlement","PLACE_TYPE":"Village","DISTRICT":"TM"}},{"type":"Feature","id":1355,"geometry":{"type":"Point","coordinates":[113.98459667409774,22.406258977012623]},"properties":{"OBJECTID":1355,"GEO_NAME_ID":"2408","PLACE_CLASS":"Settlement","PLACE_TYPE":"Village","DISTRICT":"TM"}},{"type":"Feature","id":1356,"geometry":{"type":"Point","coordinates":[113.98872137106365,22.270914132761504]},"properties":{"OBJECTID":1356,"GEO_NAME_ID":"2409","PLACE_CLASS":"Settlement","PLACE_TYPE":"Village","DISTRICT":"ILD"}},{"type":"Feature","id":1357,"geometry":{"type":"Point","coordinates":[113.97999889187882,22.395326580885058]},"properties":{"OBJECTID":1357,"GEO_NAME_ID":"2410","PLACE_CLASS":"Settlement","PLACE_TYPE":"Village","DISTRICT":"TM"}},{"type":"Feature","id":1358,"geometry":{"type":"Point","coordinates":[113.98160671926095,22.391400273738292]},"properties":{"OBJECTID":1358,"GEO_NAME_ID":"2411","PLACE_CLASS":"Settlement","PLACE_TYPE":"Village","DISTRICT":"TM"}},{"type":"Feature","id":1359,"geometry":{"type":"Point","coordinates":[113.9874797494241,22.450240610661698]},"properties":{"OBJECTID":1359,"GEO_NAME_ID":"2412","PLACE_CLASS":"Settlement","PLACE_TYPE":"Village","DISTRICT":"YL"}},{"type":"Feature","id":1360,"geometry":{"type":"Point","coordinates":[114.25320392175919,22.322777610174548]},"properties":{"OBJECTID":1360,"GEO_NAME_ID":"2413","PLACE_CLASS":"Settlement","PLACE_TYPE":"Town","DISTRICT":"SK"}},{"type":"Feature","id":1361,"geometry":{"type":"Point","coordinates":[114.25870761197241,22.306610161910783]},"properties":{"OBJECTID":1361,"GEO_NAME_ID":"2414","PLACE_CLASS":"Settlement","PLACE_TYPE":"Area","DISTRICT":"SK"}},{"type":"Feature","id":1362,"geometry":{"type":"Point","coordinates":[114.24998414860889,22.327926527203022]},"properties":{"OBJECTID":1362,"GEO_NAME_ID":"2416","PLACE_CLASS":"Settlement","PLACE_TYPE":"Village","DISTRICT":"SK"}},{"type":"Feature","id":1363,"geometry":{"type":"Point","coordinates":[114.01082056535175,22.486523367207543]},"properties":{"OBJECTID":1363,"GEO_NAME_ID":"2417","PLACE_CLASS":"Topographic","PLACE_TYPE":"Cape","DISTRICT":"YL"}},{"type":"Feature","id":1364,"geometry":{"type":"Point","coordinates":[114.38632574811163,22.4017223131181]},"properties":{"OBJECTID":1364,"GEO_NAME_ID":"2418","PLACE_CLASS":"Topographic","PLACE_TYPE":"Island","DISTRICT":"SK"}},{"type":"Feature","id":1365,"geometry":{"type":"Point","coordinates":[113.86497207491722,22.241582031804569]},"properties":{"OBJECTID":1365,"GEO_NAME_ID":"2419","PLACE_CLASS":"Topographic","PLACE_TYPE":"Hill","DISTRICT":"ILD"}},{"type":"Feature","id":1366,"geometry":{"type":"Point","coordinates":[114.2429353864953,22.529272890959881]},"properties":{"OBJECTID":1366,"GEO_NAME_ID":"2420","PLACE_CLASS":"Topographic","PLACE_TYPE":"Hill","DISTRICT":"NTH"}},{"type":"Feature","id":1367,"geometry":{"type":"Point","coordinates":[114.24333470326647,22.53088916018099]},"properties":{"OBJECTID":1367,"GEO_NAME_ID":"2421","PLACE_CLASS":"Topographic","PLACE_TYPE":"Pass","DISTRICT":"NTH"}},{"type":"Feature","id":1368,"geometry":{"type":"Point","coordinates":[114.22584845883256,22.368591204928254]},"properties":{"OBJECTID":1368,"GEO_NAME_ID":"2422","PLACE_CLASS":"Topographic","PLACE_TYPE":"Hill","DISTRICT":"ST"}},{"type":"Feature","id":1369,"geometry":{"type":"Point","coordinates":[114.17257520001644,22.300092606732061]},"properties":{"OBJECTID":1369,"GEO_NAME_ID":"2423","PLACE_CLASS":"Settlement","PLACE_TYPE":"Area","DISTRICT":"YTM"}},{"type":"Feature","id":1370,"geometry":{"type":"Point","coordinates":[114.20440441020715,22.240433856638216]},"properties":{"OBJECTID":1370,"GEO_NAME_ID":"2424","PLACE_CLASS":"Topographic","PLACE_TYPE":"Pass","DISTRICT":"STH"}},{"type":"Feature","id":1371,"geometry":{"type":"Point","coordinates":[113.8435829956499,22.212641725786959]},"properties":{"OBJECTID":1371,"GEO_NAME_ID":"2425","PLACE_CLASS":"Settlement","PLACE_TYPE":"Village","DISTRICT":"ILD"}},{"type":"Feature","id":1372,"geometry":{"type":"Point","coordinates":[114.04090555911515,22.337350072124202]},"properties":{"OBJECTID":1372,"GEO_NAME_ID":"2426","PLACE_CLASS":"Settlement","PLACE_TYPE":"Village","DISTRICT":"TW"}},{"type":"Feature","id":1373,"geometry":{"type":"Point","coordinates":[114.0375924331088,22.340345402766488]},"properties":{"OBJECTID":1373,"GEO_NAME_ID":"2427","PLACE_CLASS":"Hydrographic","PLACE_TYPE":"Bay","DISTRICT":"TW"}},{"type":"Feature","id":1374,"geometry":{"type":"Point","coordinates":[113.98236920083642,22.422682702855798]},"properties":{"OBJECTID":1374,"GEO_NAME_ID":"2428","PLACE_CLASS":"Settlement","PLACE_TYPE":"Village","DISTRICT":"TM"}},{"type":"Feature","id":1375,"geometry":{"type":"Point","coordinates":[114.10301404492085,22.352308754189433]},"properties":{"OBJECTID":1375,"GEO_NAME_ID":"2429","PLACE_CLASS":"Settlement","PLACE_TYPE":"Village","DISTRICT":"KC"}},{"type":"Feature","id":1376,"geometry":{"type":"Point","coordinates":[114.06239039730225,22.381435689168821]},"properties":{"OBJECTID":1376,"GEO_NAME_ID":"2430","PLACE_CLASS":"Settlement","PLACE_TYPE":"Village","DISTRICT":"TW"}},{"type":"Feature","id":1377,"geometry":{"type":"Point","coordinates":[114.06222432379302,22.370797621283643]},"properties":{"OBJECTID":1377,"GEO_NAME_ID":"2431","PLACE_CLASS":"Settlement","PLACE_TYPE":"Village","DISTRICT":"TW"}},{"type":"Feature","id":1378,"geometry":{"type":"Point","coordinates":[114.12883072214882,22.486439165192945]},"properties":{"OBJECTID":1378,"GEO_NAME_ID":"2432","PLACE_CLASS":"Topographic","PLACE_TYPE":"Valley","DISTRICT":"NTH"}},{"type":"Feature","id":1379,"geometry":{"type":"Point","coordinates":[113.84573133349778,22.235312892399481]},"properties":{"OBJECTID":1379,"GEO_NAME_ID":"2434","PLACE_CLASS":"Topographic","PLACE_TYPE":"Cape","DISTRICT":"ILD"}},{"type":"Feature","id":1380,"geometry":{"type":"Point","coordinates":[114.04723113698208,22.362144097309354]},"properties":{"OBJECTID":1380,"GEO_NAME_ID":"2435","PLACE_CLASS":"Settlement","PLACE_TYPE":"Area","DISTRICT":"TW"}},{"type":"Feature","id":1381,"geometry":{"type":"Point","coordinates":[114.0463283773321,22.361962761531007]},"properties":{"OBJECTID":1381,"GEO_NAME_ID":"2436","PLACE_CLASS":"Settlement","PLACE_TYPE":"Village","DISTRICT":"TW"}},{"type":"Feature","id":1382,"geometry":{"type":"Point","coordinates":[114.07368565147907,22.496680864085054]},"properties":{"OBJECTID":1382,"GEO_NAME_ID":"2437","PLACE_CLASS":"Settlement","PLACE_TYPE":"Village","DISTRICT":"YL"}},{"type":"Feature","id":1383,"geometry":{"type":"Point","coordinates":[113.96414797312339,22.390430057643464]},"properties":{"OBJECTID":1383,"GEO_NAME_ID":"2439","PLACE_CLASS":"Settlement","PLACE_TYPE":"Village","DISTRICT":"TM"}},{"type":"Feature","id":1384,"geometry":{"type":"Point","coordinates":[113.9594057826331,22.386305857563219]},"properties":{"OBJECTID":1384,"GEO_NAME_ID":"2440","PLACE_CLASS":"Settlement","PLACE_TYPE":"Village","DISTRICT":"TM"}},{"type":"Feature","id":1385,"geometry":{"type":"Point","coordinates":[113.95695851199035,22.380261161756547]},"properties":{"OBJECTID":1385,"GEO_NAME_ID":"2441","PLACE_CLASS":"Settlement","PLACE_TYPE":"Village","DISTRICT":"TM"}},{"type":"Feature","id":1386,"geometry":{"type":"Point","coordinates":[114.09855224016518,22.345172520186065]},"properties":{"OBJECTID":1386,"GEO_NAME_ID":"2446","PLACE_CLASS":"Topographic","PLACE_TYPE":"Island","DISTRICT":"KC"}},{"type":"Feature","id":1387,"geometry":{"type":"Point","coordinates":[114.10143963408265,22.355423568788886]},"properties":{"OBJECTID":1387,"GEO_NAME_ID":"2450","PLACE_CLASS":"Settlement","PLACE_TYPE":"Village","DISTRICT":"KC"}},{"type":"Feature","id":1388,"geometry":{"type":"Point","coordinates":[114.21666538536442,22.545617437411064]},"properties":{"OBJECTID":1388,"GEO_NAME_ID":"2451","PLACE_CLASS":"Settlement","PLACE_TYPE":"Village","DISTRICT":"NTH"}},{"type":"Feature","id":1389,"geometry":{"type":"Point","coordinates":[114.19775860855829,22.429264211158078]},"properties":{"OBJECTID":1389,"GEO_NAME_ID":"2452","PLACE_CLASS":"Settlement","PLACE_TYPE":"Village","DISTRICT":"TP"}},{"type":"Feature","id":1390,"geometry":{"type":"Point","coordinates":[114.26808683189006,22.372600519693513]},"properties":{"OBJECTID":1390,"GEO_NAME_ID":"2453","PLACE_CLASS":"Settlement","PLACE_TYPE":"Village","DISTRICT":"SK"}},{"type":"Feature","id":1391,"geometry":{"type":"Point","coordinates":[114.26822515296426,22.370856420829583]},"properties":{"OBJECTID":1391,"GEO_NAME_ID":"2454","PLACE_CLASS":"Settlement","PLACE_TYPE":"Village","DISTRICT":"SK"}},{"type":"Feature","id":1392,"geometry":{"type":"Point","coordinates":[114.10495949113933,22.477065754301449]},"properties":{"OBJECTID":1392,"GEO_NAME_ID":"2455","PLACE_CLASS":"Settlement","PLACE_TYPE":"Village","DISTRICT":"NTH"}},{"type":"Feature","id":1393,"geometry":{"type":"Point","coordinates":[114.10235582238845,22.476197652900819]},"properties":{"OBJECTID":1393,"GEO_NAME_ID":"2456","PLACE_CLASS":"Settlement","PLACE_TYPE":"Village","DISTRICT":"NTH"}},{"type":"Feature","id":1394,"geometry":{"type":"Point","coordinates":[114.10517415074187,22.47534104064443]},"properties":{"OBJECTID":1394,"GEO_NAME_ID":"2457","PLACE_CLASS":"Settlement","PLACE_TYPE":"Village","DISTRICT":"NTH"}},{"type":"Feature","id":1395,"geometry":{"type":"Point","coordinates":[114.19630439870028,22.471664641931923]},"properties":{"OBJECTID":1395,"GEO_NAME_ID":"2458","PLACE_CLASS":"Settlement","PLACE_TYPE":"Village","DISTRICT":"TP"}},{"type":"Feature","id":1396,"geometry":{"type":"Point","coordinates":[114.23119285665936,22.329469117317917]},"properties":{"OBJECTID":1396,"GEO_NAME_ID":"2459","PLACE_CLASS":"Settlement","PLACE_TYPE":"Village","DISTRICT":"SK"}},{"type":"Feature","id":1397,"geometry":{"type":"Point","coordinates":[114.29192719955454,22.293685261071921]},"properties":{"OBJECTID":1397,"GEO_NAME_ID":"2460","PLACE_CLASS":"Settlement","PLACE_TYPE":"Village","DISTRICT":"SK"}},{"type":"Feature","id":1398,"geometry":{"type":"Point","coordinates":[114.10828157107007,22.380414101872582]},"properties":{"OBJECTID":1398,"GEO_NAME_ID":"2461","PLACE_CLASS":"Settlement","PLACE_TYPE":"Village","DISTRICT":"TW"}},{"type":"Feature","id":1399,"geometry":{"type":"Point","coordinates":[114.2130894054623,22.364973318885397]},"properties":{"OBJECTID":1399,"GEO_NAME_ID":"2462","PLACE_CLASS":"Settlement","PLACE_TYPE":"Village","DISTRICT":"ST"}},{"type":"Feature","id":1400,"geometry":{"type":"Point","coordinates":[114.25178600833506,22.248456214497565]},"properties":{"OBJECTID":1400,"GEO_NAME_ID":"2463","PLACE_CLASS":"Hydrographic","PLACE_TYPE":"Bay","DISTRICT":"EST"}},{"type":"Feature","id":1401,"geometry":{"type":"Point","coordinates":[114.05379895945913,22.334786664835665]},"properties":{"OBJECTID":1401,"GEO_NAME_ID":"2464","PLACE_CLASS":"Settlement","PLACE_TYPE":"Village","DISTRICT":"TW"}},{"type":"Feature","id":1402,"geometry":{"type":"Point","coordinates":[114.28945615423994,22.394738903504457]},"properties":{"OBJECTID":1402,"GEO_NAME_ID":"2465","PLACE_CLASS":"Settlement","PLACE_TYPE":"Village","DISTRICT":"SK"}},{"type":"Feature","id":1403,"geometry":{"type":"Point","coordinates":[114.4332938039877,22.540406147994243]},"properties":{"OBJECTID":1403,"GEO_NAME_ID":"2466","PLACE_CLASS":"Settlement","PLACE_TYPE":"Village","DISTRICT":"TP"}},{"type":"Feature","id":1404,"geometry":{"type":"Point","coordinates":[114.03602809061564,22.447879142476985]},"properties":{"OBJECTID":1404,"GEO_NAME_ID":"2467","PLACE_CLASS":"Settlement","PLACE_TYPE":"Village","DISTRICT":"YL"}},{"type":"Feature","id":1405,"geometry":{"type":"Point","coordinates":[114.2259792945745,22.547059716597172]},"properties":{"OBJECTID":1405,"GEO_NAME_ID":"2468","PLACE_CLASS":"Settlement","PLACE_TYPE":"Village","DISTRICT":"NTH"}},{"type":"Feature","id":1406,"geometry":{"type":"Point","coordinates":[113.98870555458289,22.421782528697229]},"properties":{"OBJECTID":1406,"GEO_NAME_ID":"2469","PLACE_CLASS":"Settlement","PLACE_TYPE":"Village","DISTRICT":"TM"}},{"type":"Feature","id":1407,"geometry":{"type":"Point","coordinates":[113.98938475457352,22.268205715401564]},"properties":{"OBJECTID":1407,"GEO_NAME_ID":"2470","PLACE_CLASS":"Settlement","PLACE_TYPE":"Village","DISTRICT":"ILD"}},{"type":"Feature","id":1408,"geometry":{"type":"Point","coordinates":[114.01919759516682,22.296530283937837]},"properties":{"OBJECTID":1408,"GEO_NAME_ID":"2471","PLACE_CLASS":"Hydrographic","PLACE_TYPE":"Bay","DISTRICT":"ILD"}},{"type":"Feature","id":1409,"geometry":{"type":"Point","coordinates":[114.19430487519357,22.373085860198678]},"properties":{"OBJECTID":1409,"GEO_NAME_ID":"2472","PLACE_CLASS":"Settlement","PLACE_TYPE":"Village","DISTRICT":"ST"}},{"type":"Feature","id":1410,"geometry":{"type":"Point","coordinates":[114.10630402458983,22.405847125082822]},"properties":{"OBJECTID":1410,"GEO_NAME_ID":"2473","PLACE_CLASS":"Settlement","PLACE_TYPE":"Area","DISTRICT":"TW"}},{"type":"Feature","id":1411,"geometry":{"type":"Point","coordinates":[114.10723583915318,22.374444478410741]},"properties":{"OBJECTID":1411,"GEO_NAME_ID":"2474","PLACE_CLASS":"Settlement","PLACE_TYPE":"Town","DISTRICT":"TW"}},{"type":"Feature","id":1412,"geometry":{"type":"Point","coordinates":[114.25036829344579,22.320069745029269]},"properties":{"OBJECTID":1412,"GEO_NAME_ID":"2479","PLACE_CLASS":"Settlement","PLACE_TYPE":"Area","DISTRICT":"SK"}},{"type":"Feature","id":1413,"geometry":{"type":"Point","coordinates":[113.98010388137138,22.216476260630376]},"properties":{"OBJECTID":1413,"GEO_NAME_ID":"2482","PLACE_CLASS":"Topographic","PLACE_TYPE":"Reef","DISTRICT":"ILD"}},{"type":"Feature","id":1414,"geometry":{"type":"Point","coordinates":[114.1191740910174,22.503530538603208]},"properties":{"OBJECTID":1414,"GEO_NAME_ID":"2484","PLACE_CLASS":"Settlement","PLACE_TYPE":"Village","DISTRICT":"NTH"}},{"type":"Feature","id":1415,"geometry":{"type":"Point","coordinates":[114.15444129199314,22.517193239320317]},"properties":{"OBJECTID":1415,"GEO_NAME_ID":"2485","PLACE_CLASS":"Topographic","PLACE_TYPE":"Hill","DISTRICT":"NTH"}},{"type":"Feature","id":1416,"geometry":{"type":"Point","coordinates":[114.18516991099014,22.431179811031637]},"properties":{"OBJECTID":1416,"GEO_NAME_ID":"2486","PLACE_CLASS":"Settlement","PLACE_TYPE":"Village","DISTRICT":"TP"}},{"type":"Feature","id":1417,"geometry":{"type":"Point","coordinates":[114.11026638711883,22.514634469479283]},"properties":{"OBJECTID":1417,"GEO_NAME_ID":"2487","PLACE_CLASS":"Settlement","PLACE_TYPE":"Village","DISTRICT":"NTH"}},{"type":"Feature","id":1418,"geometry":{"type":"Point","coordinates":[114.15732317947342,22.551843084358179]},"properties":{"OBJECTID":1418,"GEO_NAME_ID":"2488","PLACE_CLASS":"Settlement","PLACE_TYPE":"Village","DISTRICT":"NTH"}},{"type":"Feature","id":1419,"geometry":{"type":"Point","coordinates":[113.9787355969369,22.327271125842127]},"properties":{"OBJECTID":1419,"GEO_NAME_ID":"2490","PLACE_CLASS":"Topographic","PLACE_TYPE":"Island","DISTRICT":"TM"}},{"type":"Feature","id":1420,"geometry":{"type":"Point","coordinates":[113.97542317118962,22.416759252740995]},"properties":{"OBJECTID":1420,"GEO_NAME_ID":"2493","PLACE_CLASS":"Settlement","PLACE_TYPE":"Village","DISTRICT":"TM"}},{"type":"Feature","id":1421,"geometry":{"type":"Point","coordinates":[114.15371556006282,22.497669445387206]},"properties":{"OBJECTID":1421,"GEO_NAME_ID":"2494","PLACE_CLASS":"Settlement","PLACE_TYPE":"Village","DISTRICT":"NTH"}},{"type":"Feature","id":1422,"geometry":{"type":"Point","coordinates":[114.06540312335967,22.439133534159691]},"properties":{"OBJECTID":1422,"GEO_NAME_ID":"2495","PLACE_CLASS":"Settlement","PLACE_TYPE":"Village","DISTRICT":"YL"}},{"type":"Feature","id":1423,"geometry":{"type":"Point","coordinates":[114.09802565523184,22.431591513733292]},"properties":{"OBJECTID":1423,"GEO_NAME_ID":"2496","PLACE_CLASS":"Settlement","PLACE_TYPE":"Village","DISTRICT":"YL"}},{"type":"Feature","id":1424,"geometry":{"type":"Point","coordinates":[114.20025147183877,22.350183641510959]},"properties":{"OBJECTID":1424,"GEO_NAME_ID":"2497","PLACE_CLASS":"Settlement","PLACE_TYPE":"Area","DISTRICT":"WTS"}},{"type":"Feature","id":1425,"geometry":{"type":"Point","coordinates":[114.36988077195501,22.265408681580467]},"properties":{"OBJECTID":1425,"GEO_NAME_ID":"2498","PLACE_CLASS":"Topographic","PLACE_TYPE":"Island","DISTRICT":"SK"}},{"type":"Feature","id":1426,"geometry":{"type":"Point","coordinates":[114.35044299214562,22.269819500636416]},"properties":{"OBJECTID":1426,"GEO_NAME_ID":"2499","PLACE_CLASS":"Topographic","PLACE_TYPE":"Hill","DISTRICT":"SK"}},{"type":"Feature","id":1427,"geometry":{"type":"Point","coordinates":[113.99946619112542,22.264783774250439]},"properties":{"OBJECTID":1427,"GEO_NAME_ID":"3378","PLACE_CLASS":"Topographic","PLACE_TYPE":"Hill","DISTRICT":"ILD"}},{"type":"Feature","id":1428,"geometry":{"type":"Point","coordinates":[114.15893506375383,22.340295876701816]},"properties":{"OBJECTID":1428,"GEO_NAME_ID":"2000","PLACE_CLASS":"Settlement","PLACE_TYPE":"Area","DISTRICT":"SSP"}},{"type":"Feature","id":1429,"geometry":{"type":"Point","coordinates":[114.13131276517159,22.204875962655567]},"properties":{"OBJECTID":1429,"GEO_NAME_ID":"2002","PLACE_CLASS":"Settlement","PLACE_TYPE":"Village","DISTRICT":"ILD"}},{"type":"Feature","id":1430,"geometry":{"type":"Point","coordinates":[114.3484165305823,22.255020452759844]},"properties":{"OBJECTID":1430,"GEO_NAME_ID":"2003","PLACE_CLASS":"Topographic","PLACE_TYPE":"Cape","DISTRICT":"SK"}},{"type":"Feature","id":1431,"geometry":{"type":"Point","coordinates":[114.36104464707154,22.341384176223862]},"properties":{"OBJECTID":1431,"GEO_NAME_ID":"2004","PLACE_CLASS":"Topographic","PLACE_TYPE":"Cape","DISTRICT":"SK"}},{"type":"Feature","id":1432,"geometry":{"type":"Point","coordinates":[114.19629274238387,22.2257150058294]},"properties":{"OBJECTID":1432,"GEO_NAME_ID":"2005","PLACE_CLASS":"Hydrographic","PLACE_TYPE":"Bay","DISTRICT":"STH"}},{"type":"Feature","id":1433,"geometry":{"type":"Point","coordinates":[114.34948684957745,22.25759305028107]},"properties":{"OBJECTID":1433,"GEO_NAME_ID":"2008","PLACE_CLASS":"Topographic","PLACE_TYPE":"Island","DISTRICT":"SK"}},{"type":"Feature","id":1434,"geometry":{"type":"Point","coordinates":[114.10543829774495,22.357818476239135]},"properties":{"OBJECTID":1434,"GEO_NAME_ID":"2009","PLACE_CLASS":"Settlement","PLACE_TYPE":"Village","DISTRICT":"KC"}},{"type":"Feature","id":1435,"geometry":{"type":"Point","coordinates":[114.165880727351,22.525791336029275]},"properties":{"OBJECTID":1435,"GEO_NAME_ID":"2011","PLACE_CLASS":"Topographic","PLACE_TYPE":"Hill","DISTRICT":"NTH"}},{"type":"Feature","id":1436,"geometry":{"type":"Point","coordinates":[114.21518397020537,22.213168000475029]},"properties":{"OBJECTID":1436,"GEO_NAME_ID":"2012","PLACE_CLASS":"Settlement","PLACE_TYPE":"Area","DISTRICT":"STH"}},{"type":"Feature","id":1437,"geometry":{"type":"Point","coordinates":[114.21054829702645,22.214333988733642]},"properties":{"OBJECTID":1437,"GEO_NAME_ID":"2013","PLACE_CLASS":"Hydrographic","PLACE_TYPE":"Bay","DISTRICT":"STH"}},{"type":"Feature","id":1438,"geometry":{"type":"Point","coordinates":[114.21597730218578,22.206114823416097]},"properties":{"OBJECTID":1438,"GEO_NAME_ID":"2015","PLACE_CLASS":"Topographic","PLACE_TYPE":"Peninsula","DISTRICT":"STH"}},{"type":"Feature","id":1439,"geometry":{"type":"Point","coordinates":[114.22287457875444,22.536630586743286]},"properties":{"OBJECTID":1439,"GEO_NAME_ID":"2016","PLACE_CLASS":"Hydrographic","PLACE_TYPE":"Harbour","DISTRICT":"NTH"}},{"type":"Feature","id":1440,"geometry":{"type":"Point","coordinates":[114.31406455644318,22.275986107490027]},"properties":{"OBJECTID":1440,"GEO_NAME_ID":"2017","PLACE_CLASS":"Topographic","PLACE_TYPE":"Island","DISTRICT":"SK"}},{"type":"Feature","id":1441,"geometry":{"type":"Point","coordinates":[114.21035801967577,22.229884895593997]},"properties":{"OBJECTID":1441,"GEO_NAME_ID":"2018","PLACE_CLASS":"Topographic","PLACE_TYPE":"Hill","DISTRICT":"STH"}},{"type":"Feature","id":1442,"geometry":{"type":"Point","coordinates":[113.91771045205444,22.179995312013141]},"properties":{"OBJECTID":1442,"GEO_NAME_ID":"2021","PLACE_CLASS":"Hydrographic","PLACE_TYPE":"Bay","DISTRICT":"ILD"}},{"type":"Feature","id":1443,"geometry":{"type":"Point","coordinates":[113.98882628135777,22.424261643463225]},"properties":{"OBJECTID":1443,"GEO_NAME_ID":"2023","PLACE_CLASS":"Settlement","PLACE_TYPE":"Village","DISTRICT":"TM"}},{"type":"Feature","id":1444,"geometry":{"type":"Point","coordinates":[114.11007866758406,22.39927056146081]},"properties":{"OBJECTID":1444,"GEO_NAME_ID":"2024","PLACE_CLASS":"Settlement","PLACE_TYPE":"Village","DISTRICT":"TW"}},{"type":"Feature","id":1445,"geometry":{"type":"Point","coordinates":[114.24222063280561,22.331632382333286]},"properties":{"OBJECTID":1445,"GEO_NAME_ID":"2026","PLACE_CLASS":"Settlement","PLACE_TYPE":"Village","DISTRICT":"SK"}},{"type":"Feature","id":1446,"geometry":{"type":"Point","coordinates":[114.28627217090379,22.184499317904812]},"properties":{"OBJECTID":1446,"GEO_NAME_ID":"2028","PLACE_CLASS":"Topographic","PLACE_TYPE":"Island","DISTRICT":"ILD"}},{"type":"Feature","id":1447,"geometry":{"type":"Point","coordinates":[114.04192902928688,22.42362840249945]},"properties":{"OBJECTID":1447,"GEO_NAME_ID":"2029","PLACE_CLASS":"Settlement","PLACE_TYPE":"Village","DISTRICT":"YL"}},{"type":"Feature","id":1448,"geometry":{"type":"Point","coordinates":[114.03038554064848,22.334884595332653]},"properties":{"OBJECTID":1448,"GEO_NAME_ID":"2030","PLACE_CLASS":"Settlement","PLACE_TYPE":"Area","DISTRICT":"TW"}},{"type":"Feature","id":1449,"geometry":{"type":"Point","coordinates":[113.95280486877142,22.25719622901952]},"properties":{"OBJECTID":1449,"GEO_NAME_ID":"2031","PLACE_CLASS":"Topographic","PLACE_TYPE":"Hill","DISTRICT":"ILD"}},{"type":"Feature","id":1450,"geometry":{"type":"Point","coordinates":[114.05156413182836,22.261068146114088]},"properties":{"OBJECTID":1450,"GEO_NAME_ID":"2033","PLACE_CLASS":"Topographic","PLACE_TYPE":"Island","DISTRICT":"ILD"}},{"type":"Feature","id":1451,"geometry":{"type":"Point","coordinates":[114.03134039056475,22.312724441152312]},"properties":{"OBJECTID":1451,"GEO_NAME_ID":"2034","PLACE_CLASS":"Settlement","PLACE_TYPE":"Village","DISTRICT":"ILD"}},{"type":"Feature","id":1452,"geometry":{"type":"Point","coordinates":[114.02431525906505,22.320150149531379]},"properties":{"OBJECTID":1452,"GEO_NAME_ID":"2035","PLACE_CLASS":"Topographic","PLACE_TYPE":"Pass","DISTRICT":"TW"}},{"type":"Feature","id":1453,"geometry":{"type":"Point","coordinates":[114.033449494084,22.309773318923984]},"properties":{"OBJECTID":1453,"GEO_NAME_ID":"2036","PLACE_CLASS":"Topographic","PLACE_TYPE":"Cape","DISTRICT":"ILD"}},{"type":"Feature","id":1454,"geometry":{"type":"Point","coordinates":[114.02946848492789,22.311530714478131]},"properties":{"OBJECTID":1454,"GEO_NAME_ID":"2037","PLACE_CLASS":"Hydrographic","PLACE_TYPE":"Bay","DISTRICT":"ILD"}},{"type":"Feature","id":1455,"geometry":{"type":"Point","coordinates":[113.87463923963124,22.252599536738412]},"properties":{"OBJECTID":1455,"GEO_NAME_ID":"2038","PLACE_CLASS":"Topographic","PLACE_TYPE":"Hill","DISTRICT":"ILD"}},{"type":"Feature","id":1456,"geometry":{"type":"Point","coordinates":[114.18029551573059,22.507559345655274]},"properties":{"OBJECTID":1456,"GEO_NAME_ID":"2039","PLACE_CLASS":"Settlement","PLACE_TYPE":"Village","DISTRICT":"NTH"}},{"type":"Feature","id":1457,"geometry":{"type":"Point","coordinates":[114.33815680932479,22.4444464485859]},"properties":{"OBJECTID":1457,"GEO_NAME_ID":"2040","PLACE_CLASS":"Topographic","PLACE_TYPE":"Hill","DISTRICT":"TP"}},{"type":"Feature","id":1458,"geometry":{"type":"Point","coordinates":[114.23605189265065,22.526142035537227]},"properties":{"OBJECTID":1458,"GEO_NAME_ID":"2041","PLACE_CLASS":"Settlement","PLACE_TYPE":"Village","DISTRICT":"NTH"}},{"type":"Feature","id":1459,"geometry":{"type":"Point","coordinates":[113.90181492117887,22.251356417929248]},"properties":{"OBJECTID":1459,"GEO_NAME_ID":"2042","PLACE_CLASS":"Topographic","PLACE_TYPE":"Hill","DISTRICT":"ILD"}},{"type":"Feature","id":1460,"geometry":{"type":"Point","coordinates":[114.26358954971494,22.369830620312477]},"properties":{"OBJECTID":1460,"GEO_NAME_ID":"2043","PLACE_CLASS":"Settlement","PLACE_TYPE":"Village","DISTRICT":"SK"}},{"type":"Feature","id":1461,"geometry":{"type":"Point","coordinates":[114.26343485762666,22.370896305791039]},"properties":{"OBJECTID":1461,"GEO_NAME_ID":"2044","PLACE_CLASS":"Settlement","PLACE_TYPE":"Village","DISTRICT":"SK"}},{"type":"Feature","id":1462,"geometry":{"type":"Point","coordinates":[114.2531684047146,22.34669058155157]},"properties":{"OBJECTID":1462,"GEO_NAME_ID":"2045","PLACE_CLASS":"Settlement","PLACE_TYPE":"Area","DISTRICT":"SK"}},{"type":"Feature","id":1463,"geometry":{"type":"Point","coordinates":[114.25349740971978,22.34474885582798]},"properties":{"OBJECTID":1463,"GEO_NAME_ID":"2046","PLACE_CLASS":"Settlement","PLACE_TYPE":"Village","DISTRICT":"SK"}},{"type":"Feature","id":1464,"geometry":{"type":"Point","coordinates":[114.15893877099525,22.538550608138902]},"properties":{"OBJECTID":1464,"GEO_NAME_ID":"2047","PLACE_CLASS":"Settlement","PLACE_TYPE":"Area","DISTRICT":"NTH"}},{"type":"Feature","id":1465,"geometry":{"type":"Point","coordinates":[114.1473993844054,22.539975705269828]},"properties":{"OBJECTID":1465,"GEO_NAME_ID":"2048","PLACE_CLASS":"Settlement","PLACE_TYPE":"Village","DISTRICT":"NTH"}},{"type":"Feature","id":1466,"geometry":{"type":"Point","coordinates":[114.01236058031513,22.32578256577559]},"properties":{"OBJECTID":1466,"GEO_NAME_ID":"2049","PLACE_CLASS":"Settlement","PLACE_TYPE":"Village","DISTRICT":"TW"}},{"type":"Feature","id":1467,"geometry":{"type":"Point","coordinates":[114.09887327347575,22.532419167269286]},"properties":{"OBJECTID":1467,"GEO_NAME_ID":"2050","PLACE_CLASS":"Settlement","PLACE_TYPE":"Area","DISTRICT":"NTH"}},{"type":"Feature","id":1468,"geometry":{"type":"Point","coordinates":[114.10750293137039,22.462347279766252]},"properties":{"OBJECTID":1468,"GEO_NAME_ID":"2051","PLACE_CLASS":"Settlement","PLACE_TYPE":"Village","DISTRICT":"YL"}},{"type":"Feature","id":1469,"geometry":{"type":"Point","coordinates":[114.10454093522715,22.459745215307539]},"properties":{"OBJECTID":1469,"GEO_NAME_ID":"2052","PLACE_CLASS":"Settlement","PLACE_TYPE":"Village","DISTRICT":"YL"}},{"type":"Feature","id":1470,"geometry":{"type":"Point","coordinates":[114.16221963133387,22.423172376887884]},"properties":{"OBJECTID":1470,"GEO_NAME_ID":"2053","PLACE_CLASS":"Settlement","PLACE_TYPE":"Village","DISTRICT":"TP"}},{"type":"Feature","id":1471,"geometry":{"type":"Point","coordinates":[113.90795225729893,22.161556902720978]},"properties":{"OBJECTID":1471,"GEO_NAME_ID":"2054","PLACE_CLASS":"Topographic","PLACE_TYPE":"Island","DISTRICT":"ILD"}},{"type":"Feature","id":1472,"geometry":{"type":"Point","coordinates":[114.29270450877071,22.294867717782203]},"properties":{"OBJECTID":1472,"GEO_NAME_ID":"2055","PLACE_CLASS":"Settlement","PLACE_TYPE":"Village","DISTRICT":"SK"}},{"type":"Feature","id":1473,"geometry":{"type":"Point","coordinates":[114.34113998676257,22.403842527104274]},"properties":{"OBJECTID":1473,"GEO_NAME_ID":"2056","PLACE_CLASS":"Topographic","PLACE_TYPE":"Hill","DISTRICT":"SK"}},{"type":"Feature","id":1474,"geometry":{"type":"Point","coordinates":[114.38579390437749,22.403258179585006]},"properties":{"OBJECTID":1474,"GEO_NAME_ID":"2057","PLACE_CLASS":"Topographic","PLACE_TYPE":"Island","DISTRICT":"SK"}},{"type":"Feature","id":1475,"geometry":{"type":"Point","coordinates":[114.28410162045128,22.389947346998142]},"properties":{"OBJECTID":1475,"GEO_NAME_ID":"2058","PLACE_CLASS":"Topographic","PLACE_TYPE":"Island","DISTRICT":"SK"}},{"type":"Feature","id":1476,"geometry":{"type":"Point","coordinates":[114.35074683815336,22.256598336831438]},"properties":{"OBJECTID":1476,"GEO_NAME_ID":"2059","PLACE_CLASS":"Topographic","PLACE_TYPE":"Island","DISTRICT":"SK"}},{"type":"Feature","id":1477,"geometry":{"type":"Point","coordinates":[114.34653343075398,22.254182580758048]},"properties":{"OBJECTID":1477,"GEO_NAME_ID":"2060","PLACE_CLASS":"Topographic","PLACE_TYPE":"Island","DISTRICT":"SK"}},{"type":"Feature","id":1478,"geometry":{"type":"Point","coordinates":[113.90278592834883,22.160979368119317]},"properties":{"OBJECTID":1478,"GEO_NAME_ID":"2061","PLACE_CLASS":"Topographic","PLACE_TYPE":"Hill","DISTRICT":"ILD"}},{"type":"Feature","id":1479,"geometry":{"type":"Point","coordinates":[114.31088911381674,22.516407545682853]},"properties":{"OBJECTID":1479,"GEO_NAME_ID":"2062","PLACE_CLASS":"Settlement","PLACE_TYPE":"Village","DISTRICT":"NTH"}},{"type":"Feature","id":1480,"geometry":{"type":"Point","coordinates":[114.21902663249232,22.381407450590274]},"properties":{"OBJECTID":1480,"GEO_NAME_ID":"2063","PLACE_CLASS":"Settlement","PLACE_TYPE":"Village","DISTRICT":"ST"}},{"type":"Feature","id":1481,"geometry":{"type":"Point","coordinates":[114.33302296098864,22.414353011205268]},"properties":{"OBJECTID":1481,"GEO_NAME_ID":"2064","PLACE_CLASS":"Topographic","PLACE_TYPE":"Hill","DISTRICT":"SK"}},{"type":"Feature","id":1482,"geometry":{"type":"Point","coordinates":[114.13726839520322,22.442291677805269]},"properties":{"OBJECTID":1482,"GEO_NAME_ID":"2065","PLACE_CLASS":"Settlement","PLACE_TYPE":"Area","DISTRICT":"TP"}},{"type":"Feature","id":1483,"geometry":{"type":"Point","coordinates":[114.00855972753705,22.314309847173423]},"properties":{"OBJECTID":1483,"GEO_NAME_ID":"2066","PLACE_CLASS":"Topographic","PLACE_TYPE":"Hill","DISTRICT":"ILD"}},{"type":"Feature","id":1484,"geometry":{"type":"Point","coordinates":[114.2794644601975,22.290162650832745]},"properties":{"OBJECTID":1484,"GEO_NAME_ID":"2067","PLACE_CLASS":"Settlement","PLACE_TYPE":"Area","DISTRICT":"SK"}},{"type":"Feature","id":1485,"geometry":{"type":"Point","coordinates":[114.14098516755327,22.343769668402434]},"properties":{"OBJECTID":1485,"GEO_NAME_ID":"2068","PLACE_CLASS":"Settlement","PLACE_TYPE":"Village","DISTRICT":"KC"}},{"type":"Feature","id":1486,"geometry":{"type":"Point","coordinates":[114.25620053439586,22.369617679417633]},"properties":{"OBJECTID":1486,"GEO_NAME_ID":"2069","PLACE_CLASS":"Settlement","PLACE_TYPE":"Village","DISTRICT":"SK"}},{"type":"Feature","id":1487,"geometry":{"type":"Point","coordinates":[113.89662561066849,22.250941178030033]},"properties":{"OBJECTID":1487,"GEO_NAME_ID":"2070","PLACE_CLASS":"Topographic","PLACE_TYPE":"Pass","DISTRICT":"ILD"}},{"type":"Feature","id":1488,"geometry":{"type":"Point","coordinates":[114.15053333488154,22.469114797047162]},"properties":{"OBJECTID":1488,"GEO_NAME_ID":"2071","PLACE_CLASS":"Settlement","PLACE_TYPE":"Village","DISTRICT":"TP"}},{"type":"Feature","id":1489,"geometry":{"type":"Point","coordinates":[114.19252537001196,22.277181199008471]},"properties":{"OBJECTID":1489,"GEO_NAME_ID":"2072","PLACE_CLASS":"Settlement","PLACE_TYPE":"Area","DISTRICT":"WC"}},{"type":"Feature","id":1490,"geometry":{"type":"Point","coordinates":[114.29528309434227,22.303119827906045]},"properties":{"OBJECTID":1490,"GEO_NAME_ID":"2073","PLACE_CLASS":"Settlement","PLACE_TYPE":"Village","DISTRICT":"SK"}},{"type":"Feature","id":1491,"geometry":{"type":"Point","coordinates":[114.25637687234406,22.166428071137702]},"properties":{"OBJECTID":1491,"GEO_NAME_ID":"2074","PLACE_CLASS":"Settlement","PLACE_TYPE":"Village","DISTRICT":"ILD"}},{"type":"Feature","id":1492,"geometry":{"type":"Point","coordinates":[114.29951367925922,22.302294899398316]},"properties":{"OBJECTID":1492,"GEO_NAME_ID":"2075","PLACE_CLASS":"Settlement","PLACE_TYPE":"Area","DISTRICT":"SK"}},{"type":"Feature","id":1493,"geometry":{"type":"Point","coordinates":[114.30188166213526,22.29141121302418]},"properties":{"OBJECTID":1493,"GEO_NAME_ID":"2076","PLACE_CLASS":"Settlement","PLACE_TYPE":"Area","DISTRICT":"SK"}},{"type":"Feature","id":1494,"geometry":{"type":"Point","coordinates":[113.98078481577804,22.291684153345212]},"properties":{"OBJECTID":1494,"GEO_NAME_ID":"2079","PLACE_CLASS":"Settlement","PLACE_TYPE":"Area","DISTRICT":"ILD"}},{"type":"Feature","id":1495,"geometry":{"type":"Point","coordinates":[113.97892716642269,22.287762623697478]},"properties":{"OBJECTID":1495,"GEO_NAME_ID":"2080","PLACE_CLASS":"Settlement","PLACE_TYPE":"Village","DISTRICT":"ILD"}},{"type":"Feature","id":1496,"geometry":{"type":"Point","coordinates":[113.97853361094396,22.298472416100662]},"properties":{"OBJECTID":1496,"GEO_NAME_ID":"2081","PLACE_CLASS":"Hydrographic","PLACE_TYPE":"Bay","DISTRICT":"ILD"}},{"type":"Feature","id":1497,"geometry":{"type":"Point","coordinates":[114.31158696936342,22.43403161975553]},"properties":{"OBJECTID":1497,"GEO_NAME_ID":"2082","PLACE_CLASS":"Settlement","PLACE_TYPE":"Village","DISTRICT":"TP"}},{"type":"Feature","id":1498,"geometry":{"type":"Point","coordinates":[113.85713136078027,22.221392466797614]},"properties":{"OBJECTID":1498,"GEO_NAME_ID":"2083","PLACE_CLASS":"Topographic","PLACE_TYPE":"Hill","DISTRICT":"ILD"}},{"type":"Feature","id":1499,"geometry":{"type":"Point","coordinates":[114.16926371502333,22.520021125890921]},"properties":{"OBJECTID":1499,"GEO_NAME_ID":"2084","PLACE_CLASS":"Topographic","PLACE_TYPE":"Hill","DISTRICT":"NTH"}},{"type":"Feature","id":1500,"geometry":{"type":"Point","coordinates":[114.06575281506737,22.439160866469678]},"properties":{"OBJECTID":1500,"GEO_NAME_ID":"2085","PLACE_CLASS":"Settlement","PLACE_TYPE":"Village","DISTRICT":"YL"}},{"type":"Feature","id":1501,"geometry":{"type":"Point","coordinates":[114.06465368789434,22.440921043806316]},"properties":{"OBJECTID":1501,"GEO_NAME_ID":"2086","PLACE_CLASS":"Settlement","PLACE_TYPE":"Village","DISTRICT":"YL"}},{"type":"Feature","id":1502,"geometry":{"type":"Point","coordinates":[114.28366629779575,22.493617173229225]},"properties":{"OBJECTID":1502,"GEO_NAME_ID":"2087","PLACE_CLASS":"Settlement","PLACE_TYPE":"Area","DISTRICT":"TP"}},{"type":"Feature","id":1503,"geometry":{"type":"Point","coordinates":[114.03164539742338,22.438944538450595]},"properties":{"OBJECTID":1503,"GEO_NAME_ID":"2088","PLACE_CLASS":"Settlement","PLACE_TYPE":"Village","DISTRICT":"YL"}},{"type":"Feature","id":1504,"geometry":{"type":"Point","coordinates":[114.0691898455156,22.416325155580818]},"properties":{"OBJECTID":1504,"GEO_NAME_ID":"2089","PLACE_CLASS":"Settlement","PLACE_TYPE":"Village","DISTRICT":"YL"}},{"type":"Feature","id":1505,"geometry":{"type":"Point","coordinates":[114.02688770499438,22.446669862851]},"properties":{"OBJECTID":1505,"GEO_NAME_ID":"2090","PLACE_CLASS":"Settlement","PLACE_TYPE":"Village","DISTRICT":"YL"}},{"type":"Feature","id":1506,"geometry":{"type":"Point","coordinates":[114.13713917678442,22.177938806260347]},"properties":{"OBJECTID":1506,"GEO_NAME_ID":"2091","PLACE_CLASS":"Topographic","PLACE_TYPE":"Cape","DISTRICT":"ILD"}},{"type":"Feature","id":1507,"geometry":{"type":"Point","coordinates":[114.30992519545831,22.534956679827324]},"properties":{"OBJECTID":1507,"GEO_NAME_ID":"2092","PLACE_CLASS":"Topographic","PLACE_TYPE":"Cape","DISTRICT":"NTH"}},{"type":"Feature","id":1508,"geometry":{"type":"Point","coordinates":[114.27396206086344,22.163050068814893]},"properties":{"OBJECTID":1508,"GEO_NAME_ID":"2093","PLACE_CLASS":"Topographic","PLACE_TYPE":"Cape","DISTRICT":"ILD"}},{"type":"Feature","id":1509,"geometry":{"type":"Point","coordinates":[114.16312085425402,22.320907625874561]},"properties":{"OBJECTID":1509,"GEO_NAME_ID":"2094","PLACE_CLASS":"Settlement","PLACE_TYPE":"Area","DISTRICT":"YTM"}},{"type":"Feature","id":1510,"geometry":{"type":"Point","coordinates":[114.07581113326125,22.446978809475347]},"properties":{"OBJECTID":1510,"GEO_NAME_ID":"2095","PLACE_CLASS":"Settlement","PLACE_TYPE":"Village","DISTRICT":"YL"}},{"type":"Feature","id":1511,"geometry":{"type":"Point","coordinates":[114.0258814827915,22.217337920916886]},"properties":{"OBJECTID":1511,"GEO_NAME_ID":"2096","PLACE_CLASS":"Hydrographic","PLACE_TYPE":"Bay","DISTRICT":"ILD"}},{"type":"Feature","id":1512,"geometry":{"type":"Point","coordinates":[114.02724076468205,22.215984573218218]},"properties":{"OBJECTID":1512,"GEO_NAME_ID":"2097","PLACE_CLASS":"Settlement","PLACE_TYPE":"Village","DISTRICT":"ILD"}},{"type":"Feature","id":1513,"geometry":{"type":"Point","coordinates":[114.02719431812514,22.369017105028611]},"properties":{"OBJECTID":1513,"GEO_NAME_ID":"2098","PLACE_CLASS":"Settlement","PLACE_TYPE":"Area","DISTRICT":"TM"}},{"type":"Feature","id":1514,"geometry":{"type":"Point","coordinates":[114.02300283672616,22.366313051181621]},"properties":{"OBJECTID":1514,"GEO_NAME_ID":"2100","PLACE_CLASS":"Settlement","PLACE_TYPE":"Village","DISTRICT":"TM"}},{"type":"Feature","id":1515,"geometry":{"type":"Point","coordinates":[114.21713057364779,22.383619499969512]},"properties":{"OBJECTID":1515,"GEO_NAME_ID":"2101","PLACE_CLASS":"Settlement","PLACE_TYPE":"Village","DISTRICT":"ST"}},{"type":"Feature","id":1516,"geometry":{"type":"Point","coordinates":[114.23440437812442,22.349741635782333]},"properties":{"OBJECTID":1516,"GEO_NAME_ID":"2103","PLACE_CLASS":"Settlement","PLACE_TYPE":"Village","DISTRICT":"SK"}},{"type":"Feature","id":1517,"geometry":{"type":"Point","coordinates":[113.9324492850363,22.391875292580615]},"properties":{"OBJECTID":1517,"GEO_NAME_ID":"2104","PLACE_CLASS":"Settlement","PLACE_TYPE":"Area","DISTRICT":"TM"}},{"type":"Feature","id":1518,"geometry":{"type":"Point","coordinates":[114.08466425432158,22.515949313899682]},"properties":{"OBJECTID":1518,"GEO_NAME_ID":"2105","PLACE_CLASS":"Settlement","PLACE_TYPE":"Area","DISTRICT":"YL"}},{"type":"Feature","id":1519,"geometry":{"type":"Point","coordinates":[114.03298517263464,22.289318608958954]},"properties":{"OBJECTID":1519,"GEO_NAME_ID":"2106","PLACE_CLASS":"Topographic","PLACE_TYPE":"Island","DISTRICT":"ILD"}},{"type":"Feature","id":1520,"geometry":{"type":"Point","coordinates":[114.3319701260147,22.506888681255507]},"properties":{"OBJECTID":1520,"GEO_NAME_ID":"2107","PLACE_CLASS":"Topographic","PLACE_TYPE":"Hill","DISTRICT":"TP"}},{"type":"Feature","id":1521,"geometry":{"type":"Point","coordinates":[114.32033345066588,22.352722560167045]},"properties":{"OBJECTID":1521,"GEO_NAME_ID":"2108","PLACE_CLASS":"Topographic","PLACE_TYPE":"Hill","DISTRICT":"SK"}},{"type":"Feature","id":1522,"geometry":{"type":"Point","coordinates":[114.17027535727782,22.503712303862269]},"properties":{"OBJECTID":1522,"GEO_NAME_ID":"2109","PLACE_CLASS":"Topographic","PLACE_TYPE":"Hill","DISTRICT":"NTH"}},{"type":"Feature","id":1523,"geometry":{"type":"Point","coordinates":[114.06064397637731,22.344607933728952]},"properties":{"OBJECTID":1523,"GEO_NAME_ID":"2110","PLACE_CLASS":"Topographic","PLACE_TYPE":"Hill","DISTRICT":"TW"}},{"type":"Feature","id":1524,"geometry":{"type":"Point","coordinates":[114.34279606528503,22.465292979799983]},"properties":{"OBJECTID":1524,"GEO_NAME_ID":"2111","PLACE_CLASS":"Topographic","PLACE_TYPE":"Hill","DISTRICT":"TP"}},{"type":"Feature","id":1525,"geometry":{"type":"Point","coordinates":[114.30338173160993,22.297686321976222]},"properties":{"OBJECTID":1525,"GEO_NAME_ID":"2112","PLACE_CLASS":"Topographic","PLACE_TYPE":"Hill","DISTRICT":"SK"}},{"type":"Feature","id":1526,"geometry":{"type":"Point","coordinates":[114.10299338750174,22.428237273424905]},"properties":{"OBJECTID":1526,"GEO_NAME_ID":"2113","PLACE_CLASS":"Topographic","PLACE_TYPE":"Hill","DISTRICT":"YL"}},{"type":"Feature","id":1527,"geometry":{"type":"Point","coordinates":[114.1194640273453,22.223060064735318]},"properties":{"OBJECTID":1527,"GEO_NAME_ID":"2114","PLACE_CLASS":"Settlement","PLACE_TYPE":"Village","DISTRICT":"ILD"}},{"type":"Feature","id":1528,"geometry":{"type":"Point","coordinates":[114.37176025224888,22.417047156325719]},"properties":{"OBJECTID":1528,"GEO_NAME_ID":"2115","PLACE_CLASS":"Settlement","PLACE_TYPE":"Village","DISTRICT":"SK"}},{"type":"Feature","id":1529,"geometry":{"type":"Point","coordinates":[114.36311907420105,22.407547680989097]},"properties":{"OBJECTID":1529,"GEO_NAME_ID":"2116","PLACE_CLASS":"Settlement","PLACE_TYPE":"Area","DISTRICT":"SK"}},{"type":"Feature","id":1530,"geometry":{"type":"Point","coordinates":[113.99830293320245,22.220949364715445]},"properties":{"OBJECTID":1530,"GEO_NAME_ID":"2117","PLACE_CLASS":"Settlement","PLACE_TYPE":"Village","DISTRICT":"ILD"}},{"type":"Feature","id":1531,"geometry":{"type":"Point","coordinates":[114.36615139931618,22.420801461415955]},"properties":{"OBJECTID":1531,"GEO_NAME_ID":"2118","PLACE_CLASS":"Topographic","PLACE_TYPE":"Pass","DISTRICT":"TP"}},{"type":"Feature","id":1532,"geometry":{"type":"Point","coordinates":[114.03962044375874,22.489521453931022]},"properties":{"OBJECTID":1532,"GEO_NAME_ID":"2119","PLACE_CLASS":"Settlement","PLACE_TYPE":"Area","DISTRICT":"YL"}},{"type":"Feature","id":1533,"geometry":{"type":"Point","coordinates":[114.26625084729895,22.234035945503965]},"properties":{"OBJECTID":1533,"GEO_NAME_ID":"2120","PLACE_CLASS":"Topographic","PLACE_TYPE":"Reef","DISTRICT":"STH"}},{"type":"Feature","id":1534,"geometry":{"type":"Point","coordinates":[114.40523274753593,22.412668701412208]},"properties":{"OBJECTID":1534,"GEO_NAME_ID":"2121","PLACE_CLASS":"Topographic","PLACE_TYPE":"Cape","DISTRICT":"SK"}},{"type":"Feature","id":1535,"geometry":{"type":"Point","coordinates":[114.3868632109194,22.403934078317846]},"properties":{"OBJECTID":1535,"GEO_NAME_ID":"2122","PLACE_CLASS":"Hydrographic","PLACE_TYPE":"Bay","DISTRICT":"SK"}},{"type":"Feature","id":1536,"geometry":{"type":"Point","coordinates":[114.24499444931972,22.246779499998304]},"properties":{"OBJECTID":1536,"GEO_NAME_ID":"2123","PLACE_CLASS":"Settlement","PLACE_TYPE":"Village","DISTRICT":"STH"}},{"type":"Feature","id":1537,"geometry":{"type":"Point","coordinates":[113.8856303309891,22.219946884311277]},"properties":{"OBJECTID":1537,"GEO_NAME_ID":"2124","PLACE_CLASS":"Hydrographic","PLACE_TYPE":"Bay","DISTRICT":"ILD"}},{"type":"Feature","id":1538,"geometry":{"type":"Point","coordinates":[113.99736640260367,22.217579893520892]},"properties":{"OBJECTID":1538,"GEO_NAME_ID":"2125","PLACE_CLASS":"Hydrographic","PLACE_TYPE":"Bay","DISTRICT":"ILD"}},{"type":"Feature","id":1539,"geometry":{"type":"Point","coordinates":[113.88399653364185,22.222048086157535]},"properties":{"OBJECTID":1539,"GEO_NAME_ID":"2126","PLACE_CLASS":"Settlement","PLACE_TYPE":"Village","DISTRICT":"ILD"}},{"type":"Feature","id":1540,"geometry":{"type":"Point","coordinates":[114.1209534930799,22.482640152990278]},"properties":{"OBJECTID":1540,"GEO_NAME_ID":"2127","PLACE_CLASS":"Settlement","PLACE_TYPE":"Village","DISTRICT":"NTH"}},{"type":"Feature","id":1541,"geometry":{"type":"Point","coordinates":[114.03924559461446,22.287861077425909]},"properties":{"OBJECTID":1541,"GEO_NAME_ID":"2128","PLACE_CLASS":"Settlement","PLACE_TYPE":"Village","DISTRICT":"ILD"}},{"type":"Feature","id":1542,"geometry":{"type":"Point","coordinates":[114.23501918981015,22.474055121232052]},"properties":{"OBJECTID":1542,"GEO_NAME_ID":"2129","PLACE_CLASS":"Settlement","PLACE_TYPE":"Village","DISTRICT":"TP"}},{"type":"Feature","id":1543,"geometry":{"type":"Point","coordinates":[114.29128899636609,22.272635332176545]},"properties":{"OBJECTID":1543,"GEO_NAME_ID":"2130","PLACE_CLASS":"Topographic","PLACE_TYPE":"Pass","DISTRICT":"SK"}},{"type":"Feature","id":1544,"geometry":{"type":"Point","coordinates":[114.12453502471108,22.41013957144829]},"properties":{"OBJECTID":1544,"GEO_NAME_ID":"2131","PLACE_CLASS":"Topographic","PLACE_TYPE":"Hill","DISTRICT":"TW"}},{"type":"Feature","id":1545,"geometry":{"type":"Point","coordinates":[114.30052488222772,22.39246416140158]},"properties":{"OBJECTID":1545,"GEO_NAME_ID":"2132","PLACE_CLASS":"Settlement","PLACE_TYPE":"Village","DISTRICT":"SK"}},{"type":"Feature","id":1546,"geometry":{"type":"Point","coordinates":[114.30476941906471,22.393363909193539]},"properties":{"OBJECTID":1546,"GEO_NAME_ID":"2133","PLACE_CLASS":"Settlement","PLACE_TYPE":"Area","DISTRICT":"SK"}},{"type":"Feature","id":1547,"geometry":{"type":"Point","coordinates":[114.36483301645811,22.415502126268546]},"properties":{"OBJECTID":1547,"GEO_NAME_ID":"2134","PLACE_CLASS":"Topographic","PLACE_TYPE":"Hill","DISTRICT":"TP"}},{"type":"Feature","id":1548,"geometry":{"type":"Point","coordinates":[114.27415143093027,22.352973628930254]},"properties":{"OBJECTID":1548,"GEO_NAME_ID":"2135","PLACE_CLASS":"Settlement","PLACE_TYPE":"Area","DISTRICT":"SK"}},{"type":"Feature","id":1549,"geometry":{"type":"Point","coordinates":[114.34332782822487,22.348961912705278]},"properties":{"OBJECTID":1549,"GEO_NAME_ID":"2136","PLACE_CLASS":"Topographic","PLACE_TYPE":"Hill","DISTRICT":"SK"}},{"type":"Feature","id":1550,"geometry":{"type":"Point","coordinates":[114.29533538405261,22.353546499123897]},"properties":{"OBJECTID":1550,"GEO_NAME_ID":"2137","PLACE_CLASS":"Topographic","PLACE_TYPE":"Cape","DISTRICT":"SK"}},{"type":"Feature","id":1551,"geometry":{"type":"Point","coordinates":[114.24622783379849,22.328172004569485]},"properties":{"OBJECTID":1551,"GEO_NAME_ID":"2138","PLACE_CLASS":"Settlement","PLACE_TYPE":"Area","DISTRICT":"SK"}},{"type":"Feature","id":1552,"geometry":{"type":"Point","coordinates":[114.26569941402478,22.542075995316068]},"properties":{"OBJECTID":1552,"GEO_NAME_ID":"2139","PLACE_CLASS":"Topographic","PLACE_TYPE":"Island","DISTRICT":"NTH"}},{"type":"Feature","id":1553,"geometry":{"type":"Point","coordinates":[114.23410010581686,22.365364593579166]},"properties":{"OBJECTID":1553,"GEO_NAME_ID":"2140","PLACE_CLASS":"Settlement","PLACE_TYPE":"Village","DISTRICT":"SK"}},{"type":"Feature","id":1554,"geometry":{"type":"Point","coordinates":[114.23303323403044,22.368191526169877]},"properties":{"OBJECTID":1554,"GEO_NAME_ID":"2141","PLACE_CLASS":"Settlement","PLACE_TYPE":"Village","DISTRICT":"SK"}},{"type":"Feature","id":1555,"geometry":{"type":"Point","coordinates":[113.86181413696714,22.256955009793188]},"properties":{"OBJECTID":1555,"GEO_NAME_ID":"2142","PLACE_CLASS":"Settlement","PLACE_TYPE":"Area","DISTRICT":"ILD"}},{"type":"Feature","id":1556,"geometry":{"type":"Point","coordinates":[113.86353658870588,22.25458330060329]},"properties":{"OBJECTID":1556,"GEO_NAME_ID":"2143","PLACE_CLASS":"Settlement","PLACE_TYPE":"Village","DISTRICT":"ILD"}},{"type":"Feature","id":1557,"geometry":{"type":"Point","coordinates":[113.86462091731622,22.255587780389796]},"properties":{"OBJECTID":1557,"GEO_NAME_ID":"2144","PLACE_CLASS":"Settlement","PLACE_TYPE":"Village","DISTRICT":"ILD"}},{"type":"Feature","id":1558,"geometry":{"type":"Point","coordinates":[113.86469974971821,22.255037067168612]},"properties":{"OBJECTID":1558,"GEO_NAME_ID":"2145","PLACE_CLASS":"Settlement","PLACE_TYPE":"Village","DISTRICT":"ILD"}},{"type":"Feature","id":1559,"geometry":{"type":"Point","coordinates":[113.86406950098453,22.254882335811541]},"properties":{"OBJECTID":1559,"GEO_NAME_ID":"2146","PLACE_CLASS":"Settlement","PLACE_TYPE":"Village","DISTRICT":"ILD"}},{"type":"Feature","id":1560,"geometry":{"type":"Point","coordinates":[113.86163662041186,22.253911364828671]},"properties":{"OBJECTID":1560,"GEO_NAME_ID":"2147","PLACE_CLASS":"Settlement","PLACE_TYPE":"Village","DISTRICT":"ILD"}},{"type":"Feature","id":1561,"geometry":{"type":"Point","coordinates":[113.86383813336751,22.254222658888725]},"properties":{"OBJECTID":1561,"GEO_NAME_ID":"2148","PLACE_CLASS":"Settlement","PLACE_TYPE":"Village","DISTRICT":"ILD"}},{"type":"Feature","id":1562,"geometry":{"type":"Point","coordinates":[114.13385845490501,22.442787481075992]},"properties":{"OBJECTID":1562,"GEO_NAME_ID":"2149","PLACE_CLASS":"Settlement","PLACE_TYPE":"Village","DISTRICT":"TP"}},{"type":"Feature","id":1563,"geometry":{"type":"Point","coordinates":[114.13491926477386,22.436376134157687]},"properties":{"OBJECTID":1563,"GEO_NAME_ID":"2150","PLACE_CLASS":"Settlement","PLACE_TYPE":"Village","DISTRICT":"TP"}},{"type":"Feature","id":1564,"geometry":{"type":"Point","coordinates":[114.29356853714938,22.34197061722006]},"properties":{"OBJECTID":1564,"GEO_NAME_ID":"2151","PLACE_CLASS":"Topographic","PLACE_TYPE":"Reef","DISTRICT":"SK"}},{"type":"Feature","id":1565,"geometry":{"type":"Point","coordinates":[114.37071140130324,22.311933303411511]},"properties":{"OBJECTID":1565,"GEO_NAME_ID":"2152","PLACE_CLASS":"Topographic","PLACE_TYPE":"Island","DISTRICT":"SK"}},{"type":"Feature","id":1566,"geometry":{"type":"Point","coordinates":[114.27307643981796,22.172361300944942]},"properties":{"OBJECTID":1566,"GEO_NAME_ID":"2153","PLACE_CLASS":"Topographic","PLACE_TYPE":"Reef","DISTRICT":"ILD"}},{"type":"Feature","id":1567,"geometry":{"type":"Point","coordinates":[114.26401997588381,22.171463322699594]},"properties":{"OBJECTID":1567,"GEO_NAME_ID":"2154","PLACE_CLASS":"Topographic","PLACE_TYPE":"Hill","DISTRICT":"ILD"}},{"type":"Feature","id":1568,"geometry":{"type":"Point","coordinates":[114.05948050464359,22.34287322883997]},"properties":{"OBJECTID":1568,"GEO_NAME_ID":"2155","PLACE_CLASS":"Topographic","PLACE_TYPE":"Cape","DISTRICT":"TW"}},{"type":"Feature","id":1569,"geometry":{"type":"Point","coordinates":[114.27258996630123,22.169878131304785]},"properties":{"OBJECTID":1569,"GEO_NAME_ID":"2156","PLACE_CLASS":"Hydrographic","PLACE_TYPE":"Bay","DISTRICT":"ILD"}},{"type":"Feature","id":1570,"geometry":{"type":"Point","coordinates":[114.29905568807982,22.455813982125296]},"properties":{"OBJECTID":1570,"GEO_NAME_ID":"2157","PLACE_CLASS":"Topographic","PLACE_TYPE":"Cape","DISTRICT":"TP"}},{"type":"Feature","id":1571,"geometry":{"type":"Point","coordinates":[114.13479248863646,22.373442563894368]},"properties":{"OBJECTID":1571,"GEO_NAME_ID":"2158","PLACE_CLASS":"Settlement","PLACE_TYPE":"Village","DISTRICT":"TW"}},{"type":"Feature","id":1572,"geometry":{"type":"Point","coordinates":[114.11458242364189,22.229506185669553]},"properties":{"OBJECTID":1572,"GEO_NAME_ID":"2159","PLACE_CLASS":"Settlement","PLACE_TYPE":"Village","DISTRICT":"ILD"}},{"type":"Feature","id":1573,"geometry":{"type":"Point","coordinates":[114.26254778587577,22.381029026766598]},"properties":{"OBJECTID":1573,"GEO_NAME_ID":"2161","PLACE_CLASS":"Settlement","PLACE_TYPE":"Village","DISTRICT":"SK"}},{"type":"Feature","id":1574,"geometry":{"type":"Point","coordinates":[114.17273584652499,22.448157239967088]},"properties":{"OBJECTID":1574,"GEO_NAME_ID":"2162","PLACE_CLASS":"Settlement","PLACE_TYPE":"Town","DISTRICT":"TP"}},{"type":"Feature","id":1575,"geometry":{"type":"Point","coordinates":[114.17973041819023,22.44044525716799]},"properties":{"OBJECTID":1575,"GEO_NAME_ID":"2164","PLACE_CLASS":"Settlement","PLACE_TYPE":"Area","DISTRICT":"TP"}},{"type":"Feature","id":1576,"geometry":{"type":"Point","coordinates":[114.19092094147889,22.436200351744098]},"properties":{"OBJECTID":1576,"GEO_NAME_ID":"2165","PLACE_CLASS":"Settlement","PLACE_TYPE":"Village","DISTRICT":"TP"}},{"type":"Feature","id":1577,"geometry":{"type":"Point","coordinates":[114.18889059901424,22.435026555576158]},"properties":{"OBJECTID":1577,"GEO_NAME_ID":"2166","PLACE_CLASS":"Settlement","PLACE_TYPE":"Village","DISTRICT":"TP"}},{"type":"Feature","id":1578,"geometry":{"type":"Point","coordinates":[114.16705267283348,22.447506802939444]},"properties":{"OBJECTID":1578,"GEO_NAME_ID":"2167","PLACE_CLASS":"Settlement","PLACE_TYPE":"Area","DISTRICT":"TP"}},{"type":"Feature","id":1579,"geometry":{"type":"Point","coordinates":[114.19841302786369,22.421125272683778]},"properties":{"OBJECTID":1579,"GEO_NAME_ID":"2168","PLACE_CLASS":"Settlement","PLACE_TYPE":"Village","DISTRICT":"TP"}},{"type":"Feature","id":1580,"geometry":{"type":"Point","coordinates":[114.19913717373674,22.424477875186383]},"properties":{"OBJECTID":1580,"GEO_NAME_ID":"2169","PLACE_CLASS":"Hydrographic","PLACE_TYPE":"Stream","DISTRICT":"TP"}},{"type":"Feature","id":1581,"geometry":{"type":"Point","coordinates":[114.1640793838468,22.453430569496643]},"properties":{"OBJECTID":1581,"GEO_NAME_ID":"2170","PLACE_CLASS":"Settlement","PLACE_TYPE":"Area","DISTRICT":"TP"}},{"type":"Feature","id":1582,"geometry":{"type":"Point","coordinates":[114.16756797449817,22.441275819169356]},"properties":{"OBJECTID":1582,"GEO_NAME_ID":"2171","PLACE_CLASS":"Hydrographic","PLACE_TYPE":"River","DISTRICT":"TP"}},{"type":"Feature","id":1583,"geometry":{"type":"Point","coordinates":[114.15726876282605,22.454965062787338]},"properties":{"OBJECTID":1583,"GEO_NAME_ID":"2172","PLACE_CLASS":"Settlement","PLACE_TYPE":"Village","DISTRICT":"TP"}},{"type":"Feature","id":1584,"geometry":{"type":"Point","coordinates":[114.15739540528304,22.452508797164015]},"properties":{"OBJECTID":1584,"GEO_NAME_ID":"2173","PLACE_CLASS":"Settlement","PLACE_TYPE":"Village","DISTRICT":"TP"}},{"type":"Feature","id":1585,"geometry":{"type":"Point","coordinates":[114.15218328074118,22.527069531210422]},"properties":{"OBJECTID":1585,"GEO_NAME_ID":"2174","PLACE_CLASS":"Settlement","PLACE_TYPE":"Village","DISTRICT":"NTH"}},{"type":"Feature","id":1586,"geometry":{"type":"Point","coordinates":[114.25919140310417,22.337196509467972]},"properties":{"OBJECTID":1586,"GEO_NAME_ID":"2175","PLACE_CLASS":"Settlement","PLACE_TYPE":"Village","DISTRICT":"SK"}},{"type":"Feature","id":1587,"geometry":{"type":"Point","coordinates":[114.29964538361524,22.397250994677417]},"properties":{"OBJECTID":1587,"GEO_NAME_ID":"2176","PLACE_CLASS":"Settlement","PLACE_TYPE":"Village","DISTRICT":"SK"}},{"type":"Feature","id":1588,"geometry":{"type":"Point","coordinates":[114.04288388208055,22.471120249553401]},"properties":{"OBJECTID":1588,"GEO_NAME_ID":"2177","PLACE_CLASS":"Settlement","PLACE_TYPE":"Village","DISTRICT":"YL"}},{"type":"Feature","id":1589,"geometry":{"type":"Point","coordinates":[114.30138058315241,22.273485816413395]},"properties":{"OBJECTID":1589,"GEO_NAME_ID":"2178","PLACE_CLASS":"Topographic","PLACE_TYPE":"Cape","DISTRICT":"SK"}},{"type":"Feature","id":1590,"geometry":{"type":"Point","coordinates":[114.25427970221378,22.547454947918197]},"properties":{"OBJECTID":1590,"GEO_NAME_ID":"2179","PLACE_CLASS":"Hydrographic","PLACE_TYPE":"Bay","DISTRICT":"NTH"}},{"type":"Feature","id":1591,"geometry":{"type":"Point","coordinates":[114.02901120666859,22.321816123716054]},"properties":{"OBJECTID":1591,"GEO_NAME_ID":"2180","PLACE_CLASS":"Topographic","PLACE_TYPE":"Hill","DISTRICT":"TW"}},{"type":"Feature","id":1592,"geometry":{"type":"Point","coordinates":[114.3448704893314,22.364393488463104]},"properties":{"OBJECTID":1592,"GEO_NAME_ID":"2181","PLACE_CLASS":"Topographic","PLACE_TYPE":"Hill","DISTRICT":"SK"}},{"type":"Feature","id":1593,"geometry":{"type":"Point","coordinates":[114.34009328654007,22.355765196017142]},"properties":{"OBJECTID":1593,"GEO_NAME_ID":"2182","PLACE_CLASS":"Hydrographic","PLACE_TYPE":"Bay","DISTRICT":"SK"}},{"type":"Feature","id":1594,"geometry":{"type":"Point","coordinates":[114.34182131561559,22.355700230939597]},"properties":{"OBJECTID":1594,"GEO_NAME_ID":"2183","PLACE_CLASS":"Settlement","PLACE_TYPE":"Village","DISTRICT":"SK"}},{"type":"Feature","id":1595,"geometry":{"type":"Point","coordinates":[114.3177292969746,22.513990600960366]},"properties":{"OBJECTID":1595,"GEO_NAME_ID":"2184","PLACE_CLASS":"Topographic","PLACE_TYPE":"Cape","DISTRICT":"NTH"}},{"type":"Feature","id":1596,"geometry":{"type":"Point","coordinates":[113.90706225011077,22.180872068611961]},"properties":{"OBJECTID":1596,"GEO_NAME_ID":"2185","PLACE_CLASS":"Topographic","PLACE_TYPE":"Hill","DISTRICT":"ILD"}},{"type":"Feature","id":1597,"geometry":{"type":"Point","coordinates":[114.02594429581424,22.203945463232898]},"properties":{"OBJECTID":1597,"GEO_NAME_ID":"2186","PLACE_CLASS":"Settlement","PLACE_TYPE":"Area","DISTRICT":"ILD"}},{"type":"Feature","id":1598,"geometry":{"type":"Point","coordinates":[114.21236637874298,22.385292174976222]},"properties":{"OBJECTID":1598,"GEO_NAME_ID":"2187","PLACE_CLASS":"Settlement","PLACE_TYPE":"Area","DISTRICT":"ST"}},{"type":"Feature","id":1599,"geometry":{"type":"Point","coordinates":[114.23897564643087,22.325059396108585]},"properties":{"OBJECTID":1599,"GEO_NAME_ID":"2188","PLACE_CLASS":"Topographic","PLACE_TYPE":"Hill","DISTRICT":"SK"}},{"type":"Feature","id":1600,"geometry":{"type":"Point","coordinates":[114.16632055656332,22.235198059260799]},"properties":{"OBJECTID":1600,"GEO_NAME_ID":"2189","PLACE_CLASS":"Hydrographic","PLACE_TYPE":"Bay","DISTRICT":"STH"}},{"type":"Feature","id":1601,"geometry":{"type":"Point","coordinates":[113.93790902843523,22.418992836878029]},"properties":{"OBJECTID":1601,"GEO_NAME_ID":"2190","PLACE_CLASS":"Settlement","PLACE_TYPE":"Village","DISTRICT":"TM"}},{"type":"Feature","id":1602,"geometry":{"type":"Point","coordinates":[114.2244340204096,22.406330156793508]},"properties":{"OBJECTID":1602,"GEO_NAME_ID":"2191","PLACE_CLASS":"Settlement","PLACE_TYPE":"Village","DISTRICT":"ST"}},{"type":"Feature","id":1603,"geometry":{"type":"Point","coordinates":[114.01949685055395,22.280600589560503]},"properties":{"OBJECTID":1603,"GEO_NAME_ID":"2192","PLACE_CLASS":"Settlement","PLACE_TYPE":"Area","DISTRICT":"ILD"}},{"type":"Feature","id":1604,"geometry":{"type":"Point","coordinates":[114.25999666888796,22.38552755564287]},"properties":{"OBJECTID":1604,"GEO_NAME_ID":"2193","PLACE_CLASS":"Settlement","PLACE_TYPE":"Village","DISTRICT":"SK"}},{"type":"Feature","id":1605,"geometry":{"type":"Point","coordinates":[114.28866233153572,22.506888444694642]},"properties":{"OBJECTID":1605,"GEO_NAME_ID":"2194","PLACE_CLASS":"Hydrographic","PLACE_TYPE":"Bay","DISTRICT":"NTH"}},{"type":"Feature","id":1606,"geometry":{"type":"Point","coordinates":[114.3018578982423,22.264680580234828]},"properties":{"OBJECTID":1606,"GEO_NAME_ID":"2195","PLACE_CLASS":"Hydrographic","PLACE_TYPE":"Bay","DISTRICT":"SK"}},{"type":"Feature","id":1607,"geometry":{"type":"Point","coordinates":[114.21393451274031,22.219507846762358]},"properties":{"OBJECTID":1607,"GEO_NAME_ID":"2196","PLACE_CLASS":"Settlement","PLACE_TYPE":"Village","DISTRICT":"STH"}},{"type":"Feature","id":1608,"geometry":{"type":"Point","coordinates":[114.26329741413548,22.163164443180889]},"properties":{"OBJECTID":1608,"GEO_NAME_ID":"2197","PLACE_CLASS":"Settlement","PLACE_TYPE":"Area","DISTRICT":"ILD"}},{"type":"Feature","id":1609,"geometry":{"type":"Point","coordinates":[114.23043143315483,22.216315409439719]},"properties":{"OBJECTID":1609,"GEO_NAME_ID":"2198","PLACE_CLASS":"Hydrographic","PLACE_TYPE":"Bay","DISTRICT":"STH"}},{"type":"Feature","id":1610,"geometry":{"type":"Point","coordinates":[114.2271484583047,22.257315761567625]},"properties":{"OBJECTID":1610,"GEO_NAME_ID":"2200","PLACE_CLASS":"Topographic","PLACE_TYPE":"Pass","DISTRICT":"EST"}},{"type":"Feature","id":1611,"geometry":{"type":"Point","coordinates":[114.23150660662833,22.237717796616817]},"properties":{"OBJECTID":1611,"GEO_NAME_ID":"2201","PLACE_CLASS":"Hydrographic","PLACE_TYPE":"Harbour","DISTRICT":"STH"}},{"type":"Feature","id":1612,"geometry":{"type":"Point","coordinates":[114.2171339535073,22.249037433154282]},"properties":{"OBJECTID":1612,"GEO_NAME_ID":"2203","PLACE_CLASS":"Topographic","PLACE_TYPE":"Hill","DISTRICT":"STH"}},{"type":"Feature","id":1613,"geometry":{"type":"Point","coordinates":[114.2186894927312,22.195006357395485]},"properties":{"OBJECTID":1613,"GEO_NAME_ID":"2204","PLACE_CLASS":"Topographic","PLACE_TYPE":"Cape","DISTRICT":"STH"}},{"type":"Feature","id":1614,"geometry":{"type":"Point","coordinates":[114.26512030384288,22.163470511970804]},"properties":{"OBJECTID":1614,"GEO_NAME_ID":"2207","PLACE_CLASS":"Hydrographic","PLACE_TYPE":"Bay","DISTRICT":"ILD"}},{"type":"Feature","id":1615,"geometry":{"type":"Point","coordinates":[114.33236212993197,22.440171709096248]},"properties":{"OBJECTID":1615,"GEO_NAME_ID":"2208","PLACE_CLASS":"Settlement","PLACE_TYPE":"Village","DISTRICT":"TP"}},{"type":"Feature","id":1616,"geometry":{"type":"Point","coordinates":[114.00228721123338,22.433289130066857]},"properties":{"OBJECTID":1616,"GEO_NAME_ID":"2209","PLACE_CLASS":"Settlement","PLACE_TYPE":"Village","DISTRICT":"YL"}},{"type":"Feature","id":1617,"geometry":{"type":"Point","coordinates":[114.32632453918032,22.371943129410884]},"properties":{"OBJECTID":1617,"GEO_NAME_ID":"2210","PLACE_CLASS":"Topographic","PLACE_TYPE":"Island","DISTRICT":"SK"}},{"type":"Feature","id":1618,"geometry":{"type":"Point","coordinates":[114.25895400609822,22.22993986310982]},"properties":{"OBJECTID":1618,"GEO_NAME_ID":"2211","PLACE_CLASS":"Topographic","PLACE_TYPE":"Island","DISTRICT":"STH"}},{"type":"Feature","id":1619,"geometry":{"type":"Point","coordinates":[114.32758031833784,22.365936670359623]},"properties":{"OBJECTID":1619,"GEO_NAME_ID":"2212","PLACE_CLASS":"Topographic","PLACE_TYPE":"Cape","DISTRICT":"SK"}},{"type":"Feature","id":1620,"geometry":{"type":"Point","coordinates":[114.12275118586948,22.502014674308015]},"properties":{"OBJECTID":1620,"GEO_NAME_ID":"2213","PLACE_CLASS":"Settlement","PLACE_TYPE":"Village","DISTRICT":"NTH"}},{"type":"Feature","id":1621,"geometry":{"type":"Point","coordinates":[113.99078272129682,22.267584209998756]},"properties":{"OBJECTID":1621,"GEO_NAME_ID":"2214","PLACE_CLASS":"Settlement","PLACE_TYPE":"Village","DISTRICT":"ILD"}},{"type":"Feature","id":1622,"geometry":{"type":"Point","coordinates":[114.11826317334848,22.451036406420545]},"properties":{"OBJECTID":1622,"GEO_NAME_ID":"2215","PLACE_CLASS":"Topographic","PLACE_TYPE":"Hill","DISTRICT":"TP"}},{"type":"Feature","id":1623,"geometry":{"type":"Point","coordinates":[114.43049356915807,22.545449485117434]},"properties":{"OBJECTID":1623,"GEO_NAME_ID":"2216","PLACE_CLASS":"Settlement","PLACE_TYPE":"Village","DISTRICT":"TP"}},{"type":"Feature","id":1624,"geometry":{"type":"Point","coordinates":[114.02395668195996,22.417471682652881]},"properties":{"OBJECTID":1624,"GEO_NAME_ID":"2217","PLACE_CLASS":"Settlement","PLACE_TYPE":"Village","DISTRICT":"YL"}},{"type":"Feature","id":1625,"geometry":{"type":"Point","coordinates":[114.43160203107485,22.545556096874527]},"properties":{"OBJECTID":1625,"GEO_NAME_ID":"2218","PLACE_CLASS":"Hydrographic","PLACE_TYPE":"Bay","DISTRICT":"TP"}},{"type":"Feature","id":1626,"geometry":{"type":"Point","coordinates":[114.17598989452615,22.520951430231793]},"properties":{"OBJECTID":1626,"GEO_NAME_ID":"2219","PLACE_CLASS":"Settlement","PLACE_TYPE":"Village","DISTRICT":"NTH"}},{"type":"Feature","id":1627,"geometry":{"type":"Point","coordinates":[114.29011071602056,22.375584736254741]},"properties":{"OBJECTID":1627,"GEO_NAME_ID":"2220","PLACE_CLASS":"Topographic","PLACE_TYPE":"Island","DISTRICT":"SK"}},{"type":"Feature","id":1628,"geometry":{"type":"Point","coordinates":[114.02058422799658,22.462747061174852]},"properties":{"OBJECTID":1628,"GEO_NAME_ID":"2221","PLACE_CLASS":"Settlement","PLACE_TYPE":"Village","DISTRICT":"YL"}},{"type":"Feature","id":1629,"geometry":{"type":"Point","coordinates":[114.04152400434459,22.340267458776573]},"properties":{"OBJECTID":1629,"GEO_NAME_ID":"2222","PLACE_CLASS":"Settlement","PLACE_TYPE":"Village","DISTRICT":"TW"}},{"type":"Feature","id":1630,"geometry":{"type":"Point","coordinates":[114.03064642203167,22.205295327172706]},"properties":{"OBJECTID":1630,"GEO_NAME_ID":"2223","PLACE_CLASS":"Settlement","PLACE_TYPE":"Area","DISTRICT":"ILD"}},{"type":"Feature","id":1631,"geometry":{"type":"Point","coordinates":[114.31159194156483,22.398912120686337]},"properties":{"OBJECTID":1631,"GEO_NAME_ID":"2224","PLACE_CLASS":"Topographic","PLACE_TYPE":"Hill","DISTRICT":"SK"}},{"type":"Feature","id":1632,"geometry":{"type":"Point","coordinates":[114.27261829207143,22.495701107667969]},"properties":{"OBJECTID":1632,"GEO_NAME_ID":"2225","PLACE_CLASS":"Topographic","PLACE_TYPE":"Hill","DISTRICT":"TP"}},{"type":"Feature","id":1633,"geometry":{"type":"Point","coordinates":[114.26410936532315,22.424862212128126]},"properties":{"OBJECTID":1633,"GEO_NAME_ID":"2226","PLACE_CLASS":"Settlement","PLACE_TYPE":"Village","DISTRICT":"TP"}},{"type":"Feature","id":1634,"geometry":{"type":"Point","coordinates":[114.26290209775672,22.420284410099001]},"properties":{"OBJECTID":1634,"GEO_NAME_ID":"2227","PLACE_CLASS":"Settlement","PLACE_TYPE":"Village","DISTRICT":"TP"}},{"type":"Feature","id":1635,"geometry":{"type":"Point","coordinates":[114.17875808960447,22.375615341148073]},"properties":{"OBJECTID":1635,"GEO_NAME_ID":"2228","PLACE_CLASS":"Settlement","PLACE_TYPE":"Village","DISTRICT":"ST"}},{"type":"Feature","id":1636,"geometry":{"type":"Point","coordinates":[114.17483605066333,22.374410305970454]},"properties":{"OBJECTID":1636,"GEO_NAME_ID":"2229","PLACE_CLASS":"Settlement","PLACE_TYPE":"Village","DISTRICT":"ST"}},{"type":"Feature","id":1637,"geometry":{"type":"Point","coordinates":[114.03762690059219,22.446724995129223]},"properties":{"OBJECTID":1637,"GEO_NAME_ID":"2230","PLACE_CLASS":"Settlement","PLACE_TYPE":"Village","DISTRICT":"YL"}},{"type":"Feature","id":1638,"geometry":{"type":"Point","coordinates":[114.20792092936941,22.524894703662465]},"properties":{"OBJECTID":1638,"GEO_NAME_ID":"2232","PLACE_CLASS":"Settlement","PLACE_TYPE":"Village","DISTRICT":"NTH"}},{"type":"Feature","id":1639,"geometry":{"type":"Point","coordinates":[114.23288583278101,22.533015270975977]},"properties":{"OBJECTID":1639,"GEO_NAME_ID":"2233","PLACE_CLASS":"Hydrographic","PLACE_TYPE":"Bay","DISTRICT":"NTH"}},{"type":"Feature","id":1640,"geometry":{"type":"Point","coordinates":[114.3565905733841,22.501137842503248]},"properties":{"OBJECTID":1640,"GEO_NAME_ID":"2234","PLACE_CLASS":"Hydrographic","PLACE_TYPE":"Bay","DISTRICT":"TP"}},{"type":"Feature","id":1641,"geometry":{"type":"Point","coordinates":[114.37687795651202,22.416426831361996]},"properties":{"OBJECTID":1641,"GEO_NAME_ID":"2235","PLACE_CLASS":"Settlement","PLACE_TYPE":"Village","DISTRICT":"SK"}},{"type":"Feature","id":1642,"geometry":{"type":"Point","coordinates":[114.37978896625512,22.414508746499045]},"properties":{"OBJECTID":1642,"GEO_NAME_ID":"2236","PLACE_CLASS":"Hydrographic","PLACE_TYPE":"Bay","DISTRICT":"SK"}},{"type":"Feature","id":1643,"geometry":{"type":"Point","coordinates":[114.27778344767306,22.39491819080574]},"properties":{"OBJECTID":1643,"GEO_NAME_ID":"2237","PLACE_CLASS":"Settlement","PLACE_TYPE":"Village","DISTRICT":"SK"}},{"type":"Feature","id":1644,"geometry":{"type":"Point","coordinates":[114.2530016132127,22.164108778134423]},"properties":{"OBJECTID":1644,"GEO_NAME_ID":"2238","PLACE_CLASS":"Hydrographic","PLACE_TYPE":"Bay","DISTRICT":"ILD"}},{"type":"Feature","id":1645,"geometry":{"type":"Point","coordinates":[114.25358410374533,22.165535364992053]},"properties":{"OBJECTID":1645,"GEO_NAME_ID":"2239","PLACE_CLASS":"Settlement","PLACE_TYPE":"Village","DISTRICT":"ILD"}},{"type":"Feature","id":1646,"geometry":{"type":"Point","coordinates":[114.11639872885412,22.223790441634204]},"properties":{"OBJECTID":1646,"GEO_NAME_ID":"2240","PLACE_CLASS":"Settlement","PLACE_TYPE":"Village","DISTRICT":"ILD"}},{"type":"Feature","id":1647,"geometry":{"type":"Point","coordinates":[114.1150603146925,22.223564171627057]},"properties":{"OBJECTID":1647,"GEO_NAME_ID":"2242","PLACE_CLASS":"Settlement","PLACE_TYPE":"Village","DISTRICT":"ILD"}},{"type":"Feature","id":1648,"geometry":{"type":"Point","coordinates":[114.29532133777117,22.290928482024494]},"properties":{"OBJECTID":1648,"GEO_NAME_ID":"2243","PLACE_CLASS":"Settlement","PLACE_TYPE":"Village","DISTRICT":"SK"}},{"type":"Feature","id":1649,"geometry":{"type":"Point","coordinates":[114.29416523723832,22.289339933897903]},"properties":{"OBJECTID":1649,"GEO_NAME_ID":"2244","PLACE_CLASS":"Topographic","PLACE_TYPE":"Cape","DISTRICT":"SK"}},{"type":"Feature","id":1650,"geometry":{"type":"Point","coordinates":[114.11659422020158,22.220268541710919]},"properties":{"OBJECTID":1650,"GEO_NAME_ID":"2245","PLACE_CLASS":"Settlement","PLACE_TYPE":"Village","DISTRICT":"ILD"}},{"type":"Feature","id":1651,"geometry":{"type":"Point","coordinates":[114.16688343300468,22.504687411845932]},"properties":{"OBJECTID":1651,"GEO_NAME_ID":"2246","PLACE_CLASS":"Settlement","PLACE_TYPE":"Village","DISTRICT":"NTH"}},{"type":"Feature","id":1652,"geometry":{"type":"Point","coordinates":[114.15482761991223,22.471318864251266]},"properties":{"OBJECTID":1652,"GEO_NAME_ID":"2247","PLACE_CLASS":"Settlement","PLACE_TYPE":"Village","DISTRICT":"TP"}},{"type":"Feature","id":1653,"geometry":{"type":"Point","coordinates":[114.07573600420601,22.41658223712988]},"properties":{"OBJECTID":1653,"GEO_NAME_ID":"2248","PLACE_CLASS":"Settlement","PLACE_TYPE":"Village","DISTRICT":"YL"}},{"type":"Feature","id":1654,"geometry":{"type":"Point","coordinates":[114.04319084110438,22.282057688248418]},"properties":{"OBJECTID":1654,"GEO_NAME_ID":"2249","PLACE_CLASS":"Settlement","PLACE_TYPE":"Village","DISTRICT":"ILD"}},{"type":"Feature","id":1655,"geometry":{"type":"Point","coordinates":[114.23889952014673,22.28458424437698]},"properties":{"OBJECTID":1655,"GEO_NAME_ID":"3002","PLACE_CLASS":"Hydrographic","PLACE_TYPE":"Strait","DISTRICT":"EST"}},{"type":"Feature","id":1656,"geometry":{"type":"Point","coordinates":[114.25523928749809,22.178105384011129]},"properties":{"OBJECTID":1656,"GEO_NAME_ID":"3004","PLACE_CLASS":"Hydrographic","PLACE_TYPE":"Strait","DISTRICT":"ILD"}},{"type":"Feature","id":1657,"geometry":{"type":"Point","coordinates":[114.24238838067308,22.275100706875008]},"properties":{"OBJECTID":1657,"GEO_NAME_ID":"3005","PLACE_CLASS":"Topographic","PLACE_TYPE":"Reef","DISTRICT":"EST"}},{"type":"Feature","id":1658,"geometry":{"type":"Point","coordinates":[114.11366775171335,22.508533942222439]},"properties":{"OBJECTID":1658,"GEO_NAME_ID":"3008","PLACE_CLASS":"Settlement","PLACE_TYPE":"Area","DISTRICT":"NTH"}},{"type":"Feature","id":1659,"geometry":{"type":"Point","coordinates":[114.21492000268641,22.455630009198337]},"properties":{"OBJECTID":1659,"GEO_NAME_ID":"3010","PLACE_CLASS":"Settlement","PLACE_TYPE":"Village","DISTRICT":"TP"}},{"type":"Feature","id":1660,"geometry":{"type":"Point","coordinates":[114.23522065125766,22.398208201940115]},"properties":{"OBJECTID":1660,"GEO_NAME_ID":"3011","PLACE_CLASS":"Topographic","PLACE_TYPE":"Valley","DISTRICT":"ST"}},{"type":"Feature","id":1661,"geometry":{"type":"Point","coordinates":[114.36706465913541,22.306609585077901]},"properties":{"OBJECTID":1661,"GEO_NAME_ID":"3012","PLACE_CLASS":"Topographic","PLACE_TYPE":"Reef","DISTRICT":"SK"}},{"type":"Feature","id":1662,"geometry":{"type":"Point","coordinates":[113.92668964612298,22.17975648374393]},"properties":{"OBJECTID":1662,"GEO_NAME_ID":"3013","PLACE_CLASS":"Topographic","PLACE_TYPE":"Reef","DISTRICT":"ILD"}},{"type":"Feature","id":1663,"geometry":{"type":"Point","coordinates":[114.03120022754555,22.204311477205145]},"properties":{"OBJECTID":1663,"GEO_NAME_ID":"3014","PLACE_CLASS":"Settlement","PLACE_TYPE":"Village","DISTRICT":"ILD"}},{"type":"Feature","id":1664,"geometry":{"type":"Point","coordinates":[114.12077000334183,22.377601387450913]},"properties":{"OBJECTID":1664,"GEO_NAME_ID":"3017","PLACE_CLASS":"Settlement","PLACE_TYPE":"Village","DISTRICT":"TW"}},{"type":"Feature","id":1665,"geometry":{"type":"Point","coordinates":[114.32724281037851,22.322852254013085]},"properties":{"OBJECTID":1665,"GEO_NAME_ID":"3018","PLACE_CLASS":"Topographic","PLACE_TYPE":"Reef","DISTRICT":"SK"}},{"type":"Feature","id":1666,"geometry":{"type":"Point","coordinates":[114.14723349267956,22.489085143119858]},"properties":{"OBJECTID":1666,"GEO_NAME_ID":"3022","PLACE_CLASS":"Hydrographic","PLACE_TYPE":"River","DISTRICT":"NTH"}},{"type":"Feature","id":1667,"geometry":{"type":"Point","coordinates":[114.05013745309603,22.470832126045067]},"properties":{"OBJECTID":1667,"GEO_NAME_ID":"3023","PLACE_CLASS":"Settlement","PLACE_TYPE":"Village","DISTRICT":"YL"}},{"type":"Feature","id":1668,"geometry":{"type":"Point","coordinates":[114.25164284243853,22.161400178617097]},"properties":{"OBJECTID":1668,"GEO_NAME_ID":"3024","PLACE_CLASS":"Hydrographic","PLACE_TYPE":"Strait","DISTRICT":"ILD"}},{"type":"Feature","id":1669,"geometry":{"type":"Point","coordinates":[114.26458605583022,22.37962820357814]},"properties":{"OBJECTID":1669,"GEO_NAME_ID":"3025","PLACE_CLASS":"Settlement","PLACE_TYPE":"Village","DISTRICT":"SK"}},{"type":"Feature","id":1670,"geometry":{"type":"Point","coordinates":[114.3589102636638,22.491382442721097]},"properties":{"OBJECTID":1670,"GEO_NAME_ID":"3028","PLACE_CLASS":"Hydrographic","PLACE_TYPE":"Strait","DISTRICT":"TP"}},{"type":"Feature","id":1671,"geometry":{"type":"Point","coordinates":[114.24157257861162,22.504259317515665]},"properties":{"OBJECTID":1671,"GEO_NAME_ID":"3029","PLACE_CLASS":"Hydrographic","PLACE_TYPE":"Stream","DISTRICT":"NTH"}},{"type":"Feature","id":1672,"geometry":{"type":"Point","coordinates":[114.17786590938422,22.528780756278536]},"properties":{"OBJECTID":1672,"GEO_NAME_ID":"3030","PLACE_CLASS":"Topographic","PLACE_TYPE":"Pass","DISTRICT":"NTH"}},{"type":"Feature","id":1673,"geometry":{"type":"Point","coordinates":[114.30511524806926,22.537037563270928]},"properties":{"OBJECTID":1673,"GEO_NAME_ID":"3031","PLACE_CLASS":"Hydrographic","PLACE_TYPE":"Strait","DISTRICT":"NTH"}},{"type":"Feature","id":1674,"geometry":{"type":"Point","coordinates":[114.34921023233819,22.269378313204065]},"properties":{"OBJECTID":1674,"GEO_NAME_ID":"3033","PLACE_CLASS":"Topographic","PLACE_TYPE":"Pass","DISTRICT":"SK"}},{"type":"Feature","id":1675,"geometry":{"type":"Point","coordinates":[114.29128452516434,22.504538705679632]},"properties":{"OBJECTID":1675,"GEO_NAME_ID":"3034","PLACE_CLASS":"Hydrographic","PLACE_TYPE":"Bay","DISTRICT":"NTH"}},{"type":"Feature","id":1676,"geometry":{"type":"Point","coordinates":[114.0153083544574,22.446098804472296]},"properties":{"OBJECTID":1676,"GEO_NAME_ID":"3037","PLACE_CLASS":"Settlement","PLACE_TYPE":"Village","DISTRICT":"YL"}},{"type":"Feature","id":1677,"geometry":{"type":"Point","coordinates":[114.21345858008955,22.216898080763801]},"properties":{"OBJECTID":1677,"GEO_NAME_ID":"3038","PLACE_CLASS":"Settlement","PLACE_TYPE":"Village","DISTRICT":"STH"}},{"type":"Feature","id":1678,"geometry":{"type":"Point","coordinates":[114.23305084665569,22.339492421579582]},"properties":{"OBJECTID":1678,"GEO_NAME_ID":"3042","PLACE_CLASS":"Topographic","PLACE_TYPE":"Pass","DISTRICT":"SK"}},{"type":"Feature","id":1679,"geometry":{"type":"Point","coordinates":[114.24201982017166,22.338152537174398]},"properties":{"OBJECTID":1679,"GEO_NAME_ID":"3044","PLACE_CLASS":"Settlement","PLACE_TYPE":"Village","DISTRICT":"SK"}},{"type":"Feature","id":1680,"geometry":{"type":"Point","coordinates":[114.12865446473251,22.490313155894029]},"properties":{"OBJECTID":1680,"GEO_NAME_ID":"3049","PLACE_CLASS":"Topographic","PLACE_TYPE":"Pass","DISTRICT":"NTH"}},{"type":"Feature","id":1681,"geometry":{"type":"Point","coordinates":[114.29554786568912,22.54627390624962]},"properties":{"OBJECTID":1681,"GEO_NAME_ID":"3050","PLACE_CLASS":"Topographic","PLACE_TYPE":"Reef","DISTRICT":"NTH"}},{"type":"Feature","id":1682,"geometry":{"type":"Point","coordinates":[114.36478548712397,22.307741063645441]},"properties":{"OBJECTID":1682,"GEO_NAME_ID":"3051","PLACE_CLASS":"Topographic","PLACE_TYPE":"Reef","DISTRICT":"SK"}},{"type":"Feature","id":1683,"geometry":{"type":"Point","coordinates":[114.21340365903598,22.266873871623662]},"properties":{"OBJECTID":1683,"GEO_NAME_ID":"3054","PLACE_CLASS":"Topographic","PLACE_TYPE":"Pass","DISTRICT":"EST"}},{"type":"Feature","id":1684,"geometry":{"type":"Point","coordinates":[114.26957050656583,22.178395871837388]},"properties":{"OBJECTID":1684,"GEO_NAME_ID":"3060","PLACE_CLASS":"Topographic","PLACE_TYPE":"Reef","DISTRICT":"ILD"}},{"type":"Feature","id":1685,"geometry":{"type":"Point","coordinates":[114.10928988856993,22.343344148833211]},"properties":{"OBJECTID":1685,"GEO_NAME_ID":"3061","PLACE_CLASS":"Settlement","PLACE_TYPE":"Area","DISTRICT":"KC"}},{"type":"Feature","id":1686,"geometry":{"type":"Point","coordinates":[114.367044153013,22.327289596700489]},"properties":{"OBJECTID":1686,"GEO_NAME_ID":"3062","PLACE_CLASS":"Hydrographic","PLACE_TYPE":"Strait","DISTRICT":"SK"}},{"type":"Feature","id":1687,"geometry":{"type":"Point","coordinates":[114.33162320161513,22.33428082146888]},"properties":{"OBJECTID":1687,"GEO_NAME_ID":"3067","PLACE_CLASS":"Hydrographic","PLACE_TYPE":"Strait","DISTRICT":"SK"}},{"type":"Feature","id":1688,"geometry":{"type":"Point","coordinates":[114.28856985855535,22.524849902694111]},"properties":{"OBJECTID":1688,"GEO_NAME_ID":"3069","PLACE_CLASS":"Topographic","PLACE_TYPE":"Reef","DISTRICT":"NTH"}},{"type":"Feature","id":1689,"geometry":{"type":"Point","coordinates":[114.1978672909182,22.376896321072703]},"properties":{"OBJECTID":1689,"GEO_NAME_ID":"3070","PLACE_CLASS":"Settlement","PLACE_TYPE":"Village","DISTRICT":"ST"}},{"type":"Feature","id":1690,"geometry":{"type":"Point","coordinates":[114.0122400813211,22.436523447433444]},"properties":{"OBJECTID":1690,"GEO_NAME_ID":"3071","PLACE_CLASS":"Settlement","PLACE_TYPE":"Village","DISTRICT":"YL"}},{"type":"Feature","id":1691,"geometry":{"type":"Point","coordinates":[114.33088277287789,22.367152681422574]},"properties":{"OBJECTID":1691,"GEO_NAME_ID":"3073","PLACE_CLASS":"Hydrographic","PLACE_TYPE":"Strait","DISTRICT":"SK"}},{"type":"Feature","id":1692,"geometry":{"type":"Point","coordinates":[114.11716771163543,22.367963890059375]},"properties":{"OBJECTID":1692,"GEO_NAME_ID":"3078","PLACE_CLASS":"Settlement","PLACE_TYPE":"Village","DISTRICT":"TW"}},{"type":"Feature","id":1693,"geometry":{"type":"Point","coordinates":[114.13609281164224,22.376115933689793]},"properties":{"OBJECTID":1693,"GEO_NAME_ID":"3079","PLACE_CLASS":"Settlement","PLACE_TYPE":"Village","DISTRICT":"TW"}},{"type":"Feature","id":1694,"geometry":{"type":"Point","coordinates":[114.13262662185689,22.37534742885861]},"properties":{"OBJECTID":1694,"GEO_NAME_ID":"3080","PLACE_CLASS":"Settlement","PLACE_TYPE":"Village","DISTRICT":"TW"}},{"type":"Feature","id":1695,"geometry":{"type":"Point","coordinates":[114.25185663771354,22.198877665124932]},"properties":{"OBJECTID":1695,"GEO_NAME_ID":"3081","PLACE_CLASS":"Hydrographic","PLACE_TYPE":"Strait","DISTRICT":"STH"}},{"type":"Feature","id":1696,"geometry":{"type":"Point","coordinates":[114.20155941621192,22.390161636917416]},"properties":{"OBJECTID":1696,"GEO_NAME_ID":"3084","PLACE_CLASS":"Hydrographic","PLACE_TYPE":"River","DISTRICT":"ST"}},{"type":"Feature","id":1697,"geometry":{"type":"Point","coordinates":[114.02609671962676,22.214706325688237]},"properties":{"OBJECTID":1697,"GEO_NAME_ID":"3088","PLACE_CLASS":"Settlement","PLACE_TYPE":"Village","DISTRICT":"ILD"}},{"type":"Feature","id":1698,"geometry":{"type":"Point","coordinates":[114.3601656642662,22.337321430267956]},"properties":{"OBJECTID":1698,"GEO_NAME_ID":"3089","PLACE_CLASS":"Hydrographic","PLACE_TYPE":"Strait","DISTRICT":"SK"}},{"type":"Feature","id":1699,"geometry":{"type":"Point","coordinates":[114.09136243001906,22.490977139298487]},"properties":{"OBJECTID":1699,"GEO_NAME_ID":"5067","PLACE_CLASS":"Topographic","PLACE_TYPE":"Pass","DISTRICT":"YL"}},{"type":"Feature","id":1700,"geometry":{"type":"Point","coordinates":[114.3601363825799,22.463115942869731]},"properties":{"OBJECTID":1700,"GEO_NAME_ID":"3091","PLACE_CLASS":"Hydrographic","PLACE_TYPE":"Strait","DISTRICT":"TP"}},{"type":"Feature","id":1701,"geometry":{"type":"Point","coordinates":[114.27272894767493,22.37617635268543]},"properties":{"OBJECTID":1701,"GEO_NAME_ID":"3092","PLACE_CLASS":"Settlement","PLACE_TYPE":"Village","DISTRICT":"SK"}},{"type":"Feature","id":1702,"geometry":{"type":"Point","coordinates":[114.11682974371962,22.282146753781717]},"properties":{"OBJECTID":1702,"GEO_NAME_ID":"3095","PLACE_CLASS":"Hydrographic","PLACE_TYPE":"Strait","DISTRICT":"CW"}},{"type":"Feature","id":1703,"geometry":{"type":"Point","coordinates":[114.26721850990475,22.381189034256128]},"properties":{"OBJECTID":1703,"GEO_NAME_ID":"3096","PLACE_CLASS":"Settlement","PLACE_TYPE":"Village","DISTRICT":"SK"}},{"type":"Feature","id":1704,"geometry":{"type":"Point","coordinates":[114.13377537883285,22.207161404077439]},"properties":{"OBJECTID":1704,"GEO_NAME_ID":"3097","PLACE_CLASS":"Settlement","PLACE_TYPE":"Village","DISTRICT":"ILD"}},{"type":"Feature","id":1705,"geometry":{"type":"Point","coordinates":[114.40144405598645,22.412132184757997]},"properties":{"OBJECTID":1705,"GEO_NAME_ID":"3100","PLACE_CLASS":"Hydrographic","PLACE_TYPE":"Strait","DISTRICT":"SK"}},{"type":"Feature","id":1706,"geometry":{"type":"Point","coordinates":[114.02453224842836,22.299063944833314]},"properties":{"OBJECTID":1706,"GEO_NAME_ID":"3102","PLACE_CLASS":"Topographic","PLACE_TYPE":"Cape","DISTRICT":"ILD"}},{"type":"Feature","id":1707,"geometry":{"type":"Point","coordinates":[114.11091093619569,22.222680145112939]},"properties":{"OBJECTID":1707,"GEO_NAME_ID":"3104","PLACE_CLASS":"Settlement","PLACE_TYPE":"Village","DISTRICT":"ILD"}},{"type":"Feature","id":1708,"geometry":{"type":"Point","coordinates":[114.11147631846806,22.222992645645935]},"properties":{"OBJECTID":1708,"GEO_NAME_ID":"3105","PLACE_CLASS":"Settlement","PLACE_TYPE":"Village","DISTRICT":"ILD"}},{"type":"Feature","id":1709,"geometry":{"type":"Point","coordinates":[114.11052025364579,22.223082105237516]},"properties":{"OBJECTID":1709,"GEO_NAME_ID":"3106","PLACE_CLASS":"Settlement","PLACE_TYPE":"Village","DISTRICT":"ILD"}},{"type":"Feature","id":1710,"geometry":{"type":"Point","coordinates":[114.30896951040758,22.501093629615706]},"properties":{"OBJECTID":1710,"GEO_NAME_ID":"3109","PLACE_CLASS":"Hydrographic","PLACE_TYPE":"River","DISTRICT":"NTH"}},{"type":"Feature","id":1711,"geometry":{"type":"Point","coordinates":[114.11325566093346,22.224836804614974]},"properties":{"OBJECTID":1711,"GEO_NAME_ID":"3110","PLACE_CLASS":"Settlement","PLACE_TYPE":"Village","DISTRICT":"ILD"}},{"type":"Feature","id":1712,"geometry":{"type":"Point","coordinates":[114.13010505553932,22.510160404484218]},"properties":{"OBJECTID":1712,"GEO_NAME_ID":"3113","PLACE_CLASS":"Settlement","PLACE_TYPE":"Village","DISTRICT":"NTH"}},{"type":"Feature","id":1713,"geometry":{"type":"Point","coordinates":[114.32011186876314,22.325892984272894]},"properties":{"OBJECTID":1713,"GEO_NAME_ID":"3114","PLACE_CLASS":"Topographic","PLACE_TYPE":"Reef","DISTRICT":"SK"}},{"type":"Feature","id":1714,"geometry":{"type":"Point","coordinates":[114.19140992159673,22.374476849048779]},"properties":{"OBJECTID":1714,"GEO_NAME_ID":"3117","PLACE_CLASS":"Settlement","PLACE_TYPE":"Village","DISTRICT":"ST"}},{"type":"Feature","id":1715,"geometry":{"type":"Point","coordinates":[114.19646888953422,22.375695436178422]},"properties":{"OBJECTID":1715,"GEO_NAME_ID":"3119","PLACE_CLASS":"Settlement","PLACE_TYPE":"Village","DISTRICT":"ST"}},{"type":"Feature","id":1716,"geometry":{"type":"Point","coordinates":[114.28284925980752,22.530913137279928]},"properties":{"OBJECTID":1716,"GEO_NAME_ID":"3121","PLACE_CLASS":"Hydrographic","PLACE_TYPE":"Strait","DISTRICT":"NTH"}},{"type":"Feature","id":1717,"geometry":{"type":"Point","coordinates":[113.97237938669322,22.392743442977384]},"properties":{"OBJECTID":1717,"GEO_NAME_ID":"3123","PLACE_CLASS":"Hydrographic","PLACE_TYPE":"River","DISTRICT":"TM"}},{"type":"Feature","id":1718,"geometry":{"type":"Point","coordinates":[113.93887166262616,22.282965438221233]},"properties":{"OBJECTID":1718,"GEO_NAME_ID":"3125","PLACE_CLASS":"Settlement","PLACE_TYPE":"Town","DISTRICT":"ILD"}},{"type":"Feature","id":1719,"geometry":{"type":"Point","coordinates":[114.27089457092011,22.389504041237828]},"properties":{"OBJECTID":1719,"GEO_NAME_ID":"3130","PLACE_CLASS":"Settlement","PLACE_TYPE":"Village","DISTRICT":"SK"}},{"type":"Feature","id":1720,"geometry":{"type":"Point","coordinates":[114.08688913102419,22.442154073613199]},"properties":{"OBJECTID":1720,"GEO_NAME_ID":"3131","PLACE_CLASS":"Settlement","PLACE_TYPE":"Village","DISTRICT":"YL"}},{"type":"Feature","id":1721,"geometry":{"type":"Point","coordinates":[114.08667499991333,22.44047760453816]},"properties":{"OBJECTID":1721,"GEO_NAME_ID":"3132","PLACE_CLASS":"Settlement","PLACE_TYPE":"Village","DISTRICT":"YL"}},{"type":"Feature","id":1722,"geometry":{"type":"Point","coordinates":[114.30339322281102,22.353271021456369]},"properties":{"OBJECTID":1722,"GEO_NAME_ID":"3134","PLACE_CLASS":"Hydrographic","PLACE_TYPE":"Bay","DISTRICT":"SK"}},{"type":"Feature","id":1723,"geometry":{"type":"Point","coordinates":[114.26022333178804,22.384711956369649]},"properties":{"OBJECTID":1723,"GEO_NAME_ID":"3135","PLACE_CLASS":"Settlement","PLACE_TYPE":"Village","DISTRICT":"SK"}},{"type":"Feature","id":1724,"geometry":{"type":"Point","coordinates":[114.09698369491926,22.372028593540762]},"properties":{"OBJECTID":1724,"GEO_NAME_ID":"3137","PLACE_CLASS":"Settlement","PLACE_TYPE":"Village","DISTRICT":"TW"}},{"type":"Feature","id":1725,"geometry":{"type":"Point","coordinates":[114.13620952694818,22.375438673278133]},"properties":{"OBJECTID":1725,"GEO_NAME_ID":"3138","PLACE_CLASS":"Settlement","PLACE_TYPE":"Village","DISTRICT":"TW"}},{"type":"Feature","id":1726,"geometry":{"type":"Point","coordinates":[114.02561604442745,22.202563461626163]},"properties":{"OBJECTID":1726,"GEO_NAME_ID":"3144","PLACE_CLASS":"Settlement","PLACE_TYPE":"Village","DISTRICT":"ILD"}},{"type":"Feature","id":1727,"geometry":{"type":"Point","coordinates":[114.07305379450527,22.444737510353864]},"properties":{"OBJECTID":1727,"GEO_NAME_ID":"3145","PLACE_CLASS":"Settlement","PLACE_TYPE":"Village","DISTRICT":"YL"}},{"type":"Feature","id":1728,"geometry":{"type":"Point","coordinates":[113.98206891046605,22.240319558669871]},"properties":{"OBJECTID":1728,"GEO_NAME_ID":"3148","PLACE_CLASS":"Settlement","PLACE_TYPE":"Village","DISTRICT":"ILD"}},{"type":"Feature","id":1729,"geometry":{"type":"Point","coordinates":[114.23831853099539,22.287383960165315]},"properties":{"OBJECTID":1729,"GEO_NAME_ID":"3155","PLACE_CLASS":"Settlement","PLACE_TYPE":"Village","DISTRICT":"KT"}},{"type":"Feature","id":1730,"geometry":{"type":"Point","coordinates":[114.09775246142019,22.523414840876402]},"properties":{"OBJECTID":1730,"GEO_NAME_ID":"3157","PLACE_CLASS":"Settlement","PLACE_TYPE":"Village","DISTRICT":"NTH"}},{"type":"Feature","id":1731,"geometry":{"type":"Point","coordinates":[113.99440617871743,22.31101772083635]},"properties":{"OBJECTID":1731,"GEO_NAME_ID":"3165","PLACE_CLASS":"Settlement","PLACE_TYPE":"Area","DISTRICT":"ILD"}},{"type":"Feature","id":1732,"geometry":{"type":"Point","coordinates":[114.02323095122992,22.362845611146128]},"properties":{"OBJECTID":1732,"GEO_NAME_ID":"3166","PLACE_CLASS":"Settlement","PLACE_TYPE":"Village","DISTRICT":"TM"}},{"type":"Feature","id":1733,"geometry":{"type":"Point","coordinates":[114.02106649451997,22.361371504711826]},"properties":{"OBJECTID":1733,"GEO_NAME_ID":"3167","PLACE_CLASS":"Settlement","PLACE_TYPE":"Village","DISTRICT":"TM"}},{"type":"Feature","id":1734,"geometry":{"type":"Point","coordinates":[114.26048603229447,22.32691002267082]},"properties":{"OBJECTID":1734,"GEO_NAME_ID":"3171","PLACE_CLASS":"Settlement","PLACE_TYPE":"Village","DISTRICT":"SK"}},{"type":"Feature","id":1735,"geometry":{"type":"Point","coordinates":[114.10014523566163,22.5202739470407]},"properties":{"OBJECTID":1735,"GEO_NAME_ID":"3173","PLACE_CLASS":"Settlement","PLACE_TYPE":"Village","DISTRICT":"NTH"}},{"type":"Feature","id":1736,"geometry":{"type":"Point","coordinates":[114.09590042127817,22.43186412181911]},"properties":{"OBJECTID":1736,"GEO_NAME_ID":"3178","PLACE_CLASS":"Settlement","PLACE_TYPE":"Village","DISTRICT":"YL"}},{"type":"Feature","id":1737,"geometry":{"type":"Point","coordinates":[114.35776935002303,22.263020476968183]},"properties":{"OBJECTID":1737,"GEO_NAME_ID":"3180","PLACE_CLASS":"Topographic","PLACE_TYPE":"Islands","DISTRICT":"SK"}},{"type":"Feature","id":1738,"geometry":{"type":"Point","coordinates":[114.26590656071143,22.180357587062726]},"properties":{"OBJECTID":1738,"GEO_NAME_ID":"3181","PLACE_CLASS":"Topographic","PLACE_TYPE":"Islands","DISTRICT":"ILD"}},{"type":"Feature","id":1739,"geometry":{"type":"Point","coordinates":[113.91238696692218,22.174929578353208]},"properties":{"OBJECTID":1739,"GEO_NAME_ID":"3182","PLACE_CLASS":"Topographic","PLACE_TYPE":"Islands","DISTRICT":"ILD"}},{"type":"Feature","id":1740,"geometry":{"type":"Point","coordinates":[113.97459979691986,22.334589787284557]},"properties":{"OBJECTID":1740,"GEO_NAME_ID":"3183","PLACE_CLASS":"Topographic","PLACE_TYPE":"Islands","DISTRICT":"TM"}},{"type":"Feature","id":1741,"geometry":{"type":"Point","coordinates":[113.88275624160038,22.272590048881796]},"properties":{"OBJECTID":1741,"GEO_NAME_ID":"3184","PLACE_CLASS":"Topographic","PLACE_TYPE":"Reef","DISTRICT":"ILD"}},{"type":"Feature","id":1742,"geometry":{"type":"Point","coordinates":[114.02308135999199,22.223611622200828]},"properties":{"OBJECTID":1742,"GEO_NAME_ID":"3185","PLACE_CLASS":"Topographic","PLACE_TYPE":"Reef","DISTRICT":"ILD"}},{"type":"Feature","id":1743,"geometry":{"type":"Point","coordinates":[114.06902394411215,22.29116169893512]},"properties":{"OBJECTID":1743,"GEO_NAME_ID":"3186","PLACE_CLASS":"Topographic","PLACE_TYPE":"Reef","DISTRICT":"ILD"}},{"type":"Feature","id":1744,"geometry":{"type":"Point","coordinates":[114.19884820920829,22.316445596593642]},"properties":{"OBJECTID":1744,"GEO_NAME_ID":"3187","PLACE_CLASS":"Topographic","PLACE_TYPE":"Reef","DISTRICT":"KLC"}},{"type":"Feature","id":1745,"geometry":{"type":"Point","coordinates":[114.08911170357453,22.522507842663252]},"properties":{"OBJECTID":1745,"GEO_NAME_ID":"5063","PLACE_CLASS":"Topographic","PLACE_TYPE":"Hill","DISTRICT":"YL"}},{"type":"Feature","id":1746,"geometry":{"type":"Point","coordinates":[114.11358703827418,22.519696897058108]},"properties":{"OBJECTID":1746,"GEO_NAME_ID":"5069","PLACE_CLASS":"Topographic","PLACE_TYPE":"Pass","DISTRICT":"NTH"}},{"type":"Feature","id":1747,"geometry":{"type":"Point","coordinates":[114.17135906183992,22.378495999156435]},"properties":{"OBJECTID":1747,"GEO_NAME_ID":"750","PLACE_CLASS":"Settlement","PLACE_TYPE":"Area","DISTRICT":"ST"}},{"type":"Feature","id":1748,"geometry":{"type":"Point","coordinates":[114.23542067186031,22.52756906339329]},"properties":{"OBJECTID":1748,"GEO_NAME_ID":"751","PLACE_CLASS":"Settlement","PLACE_TYPE":"Area","DISTRICT":"NTH"}},{"type":"Feature","id":1749,"geometry":{"type":"Point","coordinates":[114.23878429969662,22.528362475781773]},"properties":{"OBJECTID":1749,"GEO_NAME_ID":"752","PLACE_CLASS":"Settlement","PLACE_TYPE":"Village","DISTRICT":"NTH"}},{"type":"Feature","id":1750,"geometry":{"type":"Point","coordinates":[114.23457577381197,22.529447683212933]},"properties":{"OBJECTID":1750,"GEO_NAME_ID":"753","PLACE_CLASS":"Settlement","PLACE_TYPE":"Village","DISTRICT":"NTH"}},{"type":"Feature","id":1751,"geometry":{"type":"Point","coordinates":[114.37133777724733,22.483240590410386]},"properties":{"OBJECTID":1751,"GEO_NAME_ID":"754","PLACE_CLASS":"Topographic","PLACE_TYPE":"Island","DISTRICT":"TP"}},{"type":"Feature","id":1752,"geometry":{"type":"Point","coordinates":[114.05651650217631,22.346591642030191]},"properties":{"OBJECTID":1752,"GEO_NAME_ID":"755","PLACE_CLASS":"Hydrographic","PLACE_TYPE":"Bay","DISTRICT":"TW"}},{"type":"Feature","id":1753,"geometry":{"type":"Point","coordinates":[114.24074133897805,22.344465412361441]},"properties":{"OBJECTID":1753,"GEO_NAME_ID":"756","PLACE_CLASS":"Topographic","PLACE_TYPE":"Hill","DISTRICT":"SK"}},{"type":"Feature","id":1754,"geometry":{"type":"Point","coordinates":[114.12854314892292,22.362676418566458]},"properties":{"OBJECTID":1754,"GEO_NAME_ID":"757","PLACE_CLASS":"Settlement","PLACE_TYPE":"Town","DISTRICT":"KC"}},{"type":"Feature","id":1755,"geometry":{"type":"Point","coordinates":[114.29513284033617,22.549805069635138]},"properties":{"OBJECTID":1755,"GEO_NAME_ID":"761","PLACE_CLASS":"Settlement","PLACE_TYPE":"Area","DISTRICT":"NTH"}},{"type":"Feature","id":1756,"geometry":{"type":"Point","coordinates":[114.04564314510671,22.34721533926886]},"properties":{"OBJECTID":1756,"GEO_NAME_ID":"762","PLACE_CLASS":"Topographic","PLACE_TYPE":"Cape","DISTRICT":"TW"}},{"type":"Feature","id":1757,"geometry":{"type":"Point","coordinates":[114.19399922281951,22.506321306222446]},"properties":{"OBJECTID":1757,"GEO_NAME_ID":"765","PLACE_CLASS":"Topographic","PLACE_TYPE":"Hill","DISTRICT":"NTH"}},{"type":"Feature","id":1758,"geometry":{"type":"Point","coordinates":[114.18827583211849,22.40101779470135]},"properties":{"OBJECTID":1758,"GEO_NAME_ID":"766","PLACE_CLASS":"Settlement","PLACE_TYPE":"Village","DISTRICT":"ST"}},{"type":"Feature","id":1759,"geometry":{"type":"Point","coordinates":[114.12409300625941,22.371804904350668]},"properties":{"OBJECTID":1759,"GEO_NAME_ID":"769","PLACE_CLASS":"Settlement","PLACE_TYPE":"Village","DISTRICT":"TW"}},{"type":"Feature","id":1760,"geometry":{"type":"Point","coordinates":[114.16057533830215,22.509491063272009]},"properties":{"OBJECTID":1760,"GEO_NAME_ID":"770","PLACE_CLASS":"Settlement","PLACE_TYPE":"Village","DISTRICT":"NTH"}},{"type":"Feature","id":1761,"geometry":{"type":"Point","coordinates":[114.16662501787116,22.504828739295014]},"properties":{"OBJECTID":1761,"GEO_NAME_ID":"771","PLACE_CLASS":"Hydrographic","PLACE_TYPE":"River","DISTRICT":"NTH"}},{"type":"Feature","id":1762,"geometry":{"type":"Point","coordinates":[114.35055525778274,22.258585281202986]},"properties":{"OBJECTID":1762,"GEO_NAME_ID":"772","PLACE_CLASS":"Hydrographic","PLACE_TYPE":"Bay","DISTRICT":"SK"}},{"type":"Feature","id":1763,"geometry":{"type":"Point","coordinates":[114.11332051952978,22.381824919783842]},"properties":{"OBJECTID":1763,"GEO_NAME_ID":"776","PLACE_CLASS":"Settlement","PLACE_TYPE":"Village","DISTRICT":"TW"}},{"type":"Feature","id":1764,"geometry":{"type":"Point","coordinates":[114.11201053441373,22.37987380750031]},"properties":{"OBJECTID":1764,"GEO_NAME_ID":"777","PLACE_CLASS":"Settlement","PLACE_TYPE":"Village","DISTRICT":"TW"}},{"type":"Feature","id":1765,"geometry":{"type":"Point","coordinates":[114.10428460958857,22.5041747082387]},"properties":{"OBJECTID":1765,"GEO_NAME_ID":"779","PLACE_CLASS":"Settlement","PLACE_TYPE":"Village","DISTRICT":"NTH"}},{"type":"Feature","id":1766,"geometry":{"type":"Point","coordinates":[114.30099418847644,22.374158960479686]},"properties":{"OBJECTID":1766,"GEO_NAME_ID":"780","PLACE_CLASS":"Topographic","PLACE_TYPE":"Island","DISTRICT":"SK"}},{"type":"Feature","id":1767,"geometry":{"type":"Point","coordinates":[114.25969205541904,22.428621213102065]},"properties":{"OBJECTID":1767,"GEO_NAME_ID":"781","PLACE_CLASS":"Settlement","PLACE_TYPE":"Village","DISTRICT":"TP"}},{"type":"Feature","id":1768,"geometry":{"type":"Point","coordinates":[114.22241214197032,22.311329366149046]},"properties":{"OBJECTID":1768,"GEO_NAME_ID":"783","PLACE_CLASS":"Settlement","PLACE_TYPE":"Area","DISTRICT":"KT"}},{"type":"Feature","id":1769,"geometry":{"type":"Point","coordinates":[114.27964012060694,22.264967079692468]},"properties":{"OBJECTID":1769,"GEO_NAME_ID":"784","PLACE_CLASS":"Topographic","PLACE_TYPE":"Island","DISTRICT":"SK"}},{"type":"Feature","id":1770,"geometry":{"type":"Point","coordinates":[114.2817166081694,22.382137519975814]},"properties":{"OBJECTID":1770,"GEO_NAME_ID":"785","PLACE_CLASS":"Topographic","PLACE_TYPE":"Reef","DISTRICT":"SK"}},{"type":"Feature","id":1771,"geometry":{"type":"Point","coordinates":[114.12230183838194,22.433392313047253]},"properties":{"OBJECTID":1771,"GEO_NAME_ID":"786","PLACE_CLASS":"Settlement","PLACE_TYPE":"Area","DISTRICT":"TP"}},{"type":"Feature","id":1772,"geometry":{"type":"Point","coordinates":[114.24802779364799,22.24073667907177]},"properties":{"OBJECTID":1772,"GEO_NAME_ID":"787","PLACE_CLASS":"Topographic","PLACE_TYPE":"Hill","DISTRICT":"STH"}},{"type":"Feature","id":1773,"geometry":{"type":"Point","coordinates":[114.11911852993039,22.426519020498692]},"properties":{"OBJECTID":1773,"GEO_NAME_ID":"788","PLACE_CLASS":"Topographic","PLACE_TYPE":"Hill","DISTRICT":"YL"}},{"type":"Feature","id":1774,"geometry":{"type":"Point","coordinates":[113.88956338422747,22.241320298865684]},"properties":{"OBJECTID":1774,"GEO_NAME_ID":"789","PLACE_CLASS":"Topographic","PLACE_TYPE":"Hill","DISTRICT":"ILD"}},{"type":"Feature","id":1775,"geometry":{"type":"Point","coordinates":[114.30100448194725,22.451315339965344]},"properties":{"OBJECTID":1775,"GEO_NAME_ID":"792","PLACE_CLASS":"Settlement","PLACE_TYPE":"Village","DISTRICT":"TP"}},{"type":"Feature","id":1776,"geometry":{"type":"Point","coordinates":[114.18065310488714,22.433925243360068]},"properties":{"OBJECTID":1776,"GEO_NAME_ID":"793","PLACE_CLASS":"Settlement","PLACE_TYPE":"Village","DISTRICT":"TP"}},{"type":"Feature","id":1777,"geometry":{"type":"Point","coordinates":[114.14524886748478,22.334712892674183]},"properties":{"OBJECTID":1777,"GEO_NAME_ID":"794","PLACE_CLASS":"Settlement","PLACE_TYPE":"Area","DISTRICT":"SSP"}},{"type":"Feature","id":1778,"geometry":{"type":"Point","coordinates":[114.16554770502336,22.437184891669169]},"properties":{"OBJECTID":1778,"GEO_NAME_ID":"796","PLACE_CLASS":"Settlement","PLACE_TYPE":"Village","DISTRICT":"TP"}},{"type":"Feature","id":1779,"geometry":{"type":"Point","coordinates":[114.25995463890276,22.526844867573001]},"properties":{"OBJECTID":1779,"GEO_NAME_ID":"797","PLACE_CLASS":"Settlement","PLACE_TYPE":"Village","DISTRICT":"NTH"}},{"type":"Feature","id":1780,"geometry":{"type":"Point","coordinates":[114.18479789989408,22.38046455085588]},"properties":{"OBJECTID":1780,"GEO_NAME_ID":"798","PLACE_CLASS":"Settlement","PLACE_TYPE":"Village","DISTRICT":"ST"}},{"type":"Feature","id":1781,"geometry":{"type":"Point","coordinates":[113.9971982174565,22.258226673370505]},"properties":{"OBJECTID":1781,"GEO_NAME_ID":"799","PLACE_CLASS":"Settlement","PLACE_TYPE":"Village","DISTRICT":"ILD"}},{"type":"Feature","id":1782,"geometry":{"type":"Point","coordinates":[114.21508484471046,22.489855271740055]},"properties":{"OBJECTID":1782,"GEO_NAME_ID":"803","PLACE_CLASS":"Topographic","PLACE_TYPE":"Hill","DISTRICT":"TP"}},{"type":"Feature","id":1783,"geometry":{"type":"Point","coordinates":[114.21557841004989,22.48251343255027]},"properties":{"OBJECTID":1783,"GEO_NAME_ID":"804","PLACE_CLASS":"Settlement","PLACE_TYPE":"Village","DISTRICT":"TP"}},{"type":"Feature","id":1784,"geometry":{"type":"Point","coordinates":[114.21186461228324,22.475398314413955]},"properties":{"OBJECTID":1784,"GEO_NAME_ID":"805","PLACE_CLASS":"Settlement","PLACE_TYPE":"Village","DISTRICT":"TP"}},{"type":"Feature","id":1785,"geometry":{"type":"Point","coordinates":[114.02081336597547,22.318376825968265]},"properties":{"OBJECTID":1785,"GEO_NAME_ID":"806","PLACE_CLASS":"Topographic","PLACE_TYPE":"Hill","DISTRICT":"TW"}},{"type":"Feature","id":1786,"geometry":{"type":"Point","coordinates":[114.26626128821148,22.50880784688762]},"properties":{"OBJECTID":1786,"GEO_NAME_ID":"808","PLACE_CLASS":"Settlement","PLACE_TYPE":"Village","DISTRICT":"NTH"}},{"type":"Feature","id":1787,"geometry":{"type":"Point","coordinates":[114.09564413883609,22.454954853264127]},"properties":{"OBJECTID":1787,"GEO_NAME_ID":"809","PLACE_CLASS":"Settlement","PLACE_TYPE":"Village","DISTRICT":"YL"}},{"type":"Feature","id":1788,"geometry":{"type":"Point","coordinates":[114.09117238608991,22.427680578240647]},"properties":{"OBJECTID":1788,"GEO_NAME_ID":"810","PLACE_CLASS":"Settlement","PLACE_TYPE":"Village","DISTRICT":"YL"}},{"type":"Feature","id":1789,"geometry":{"type":"Point","coordinates":[114.3169350313547,22.303590226419544]},"properties":{"OBJECTID":1789,"GEO_NAME_ID":"812","PLACE_CLASS":"Topographic","PLACE_TYPE":"Island","DISTRICT":"SK"}},{"type":"Feature","id":1790,"geometry":{"type":"Point","coordinates":[113.92696893512223,22.273892244244855]},"properties":{"OBJECTID":1790,"GEO_NAME_ID":"814","PLACE_CLASS":"Settlement","PLACE_TYPE":"Village","DISTRICT":"ILD"}},{"type":"Feature","id":1791,"geometry":{"type":"Point","coordinates":[114.01830334465721,22.435039491453878]},"properties":{"OBJECTID":1791,"GEO_NAME_ID":"815","PLACE_CLASS":"Settlement","PLACE_TYPE":"Village","DISTRICT":"YL"}},{"type":"Feature","id":1792,"geometry":{"type":"Point","coordinates":[113.98556966328333,22.419137558740292]},"properties":{"OBJECTID":1792,"GEO_NAME_ID":"816","PLACE_CLASS":"Settlement","PLACE_TYPE":"Village","DISTRICT":"TM"}},{"type":"Feature","id":1793,"geometry":{"type":"Point","coordinates":[114.23571742556385,22.309347379343858]},"properties":{"OBJECTID":1793,"GEO_NAME_ID":"818","PLACE_CLASS":"Settlement","PLACE_TYPE":"Area","DISTRICT":"KT"}},{"type":"Feature","id":1794,"geometry":{"type":"Point","coordinates":[114.10052898679083,22.351847044293883]},"properties":{"OBJECTID":1794,"GEO_NAME_ID":"821","PLACE_CLASS":"Settlement","PLACE_TYPE":"Village","DISTRICT":"KC"}},{"type":"Feature","id":1795,"geometry":{"type":"Point","coordinates":[114.14104337695686,22.45770753334515]},"properties":{"OBJECTID":1795,"GEO_NAME_ID":"822","PLACE_CLASS":"Hydrographic","PLACE_TYPE":"River","DISTRICT":"TP"}},{"type":"Feature","id":1796,"geometry":{"type":"Point","coordinates":[114.13833500783441,22.449471145209081]},"properties":{"OBJECTID":1796,"GEO_NAME_ID":"823","PLACE_CLASS":"Settlement","PLACE_TYPE":"Village","DISTRICT":"TP"}},{"type":"Feature","id":1797,"geometry":{"type":"Point","coordinates":[114.13307920757212,22.449433684046458]},"properties":{"OBJECTID":1797,"GEO_NAME_ID":"824","PLACE_CLASS":"Topographic","PLACE_TYPE":"Valley","DISTRICT":"TP"}},{"type":"Feature","id":1798,"geometry":{"type":"Point","coordinates":[114.36246994472354,22.451758837177824]},"properties":{"OBJECTID":1798,"GEO_NAME_ID":"825","PLACE_CLASS":"Settlement","PLACE_TYPE":"Village","DISTRICT":"TP"}},{"type":"Feature","id":1799,"geometry":{"type":"Point","coordinates":[114.43312000499097,22.541047575130502]},"properties":{"OBJECTID":1799,"GEO_NAME_ID":"826","PLACE_CLASS":"Settlement","PLACE_TYPE":"Village","DISTRICT":"TP"}},{"type":"Feature","id":1800,"geometry":{"type":"Point","coordinates":[114.37364941183768,22.420521588378875]},"properties":{"OBJECTID":1800,"GEO_NAME_ID":"827","PLACE_CLASS":"Settlement","PLACE_TYPE":"Village","DISTRICT":"SK"}},{"type":"Feature","id":1801,"geometry":{"type":"Point","coordinates":[114.370516047717,22.311030480122785]},"properties":{"OBJECTID":1801,"GEO_NAME_ID":"828","PLACE_CLASS":"Topographic","PLACE_TYPE":"Cape","DISTRICT":"SK"}},{"type":"Feature","id":1802,"geometry":{"type":"Point","coordinates":[114.12384410783621,22.20791705507752]},"properties":{"OBJECTID":1802,"GEO_NAME_ID":"829","PLACE_CLASS":"Topographic","PLACE_TYPE":"Island","DISTRICT":"ILD"}},{"type":"Feature","id":1803,"geometry":{"type":"Point","coordinates":[114.44036915817797,22.539491686850567]},"properties":{"OBJECTID":1803,"GEO_NAME_ID":"830","PLACE_CLASS":"Topographic","PLACE_TYPE":"Cape","DISTRICT":"TP"}},{"type":"Feature","id":1804,"geometry":{"type":"Point","coordinates":[114.33740085303242,22.462869259990555]},"properties":{"OBJECTID":1804,"GEO_NAME_ID":"831","PLACE_CLASS":"Topographic","PLACE_TYPE":"Pass","DISTRICT":"TP"}},{"type":"Feature","id":1805,"geometry":{"type":"Point","coordinates":[113.91385109564142,22.169694148497989]},"properties":{"OBJECTID":1805,"GEO_NAME_ID":"832","PLACE_CLASS":"Hydrographic","PLACE_TYPE":"Bay","DISTRICT":"ILD"}},{"type":"Feature","id":1806,"geometry":{"type":"Point","coordinates":[114.23402971866047,22.240245519146811]},"properties":{"OBJECTID":1806,"GEO_NAME_ID":"833","PLACE_CLASS":"Hydrographic","PLACE_TYPE":"Bay","DISTRICT":"STH"}},{"type":"Feature","id":1807,"geometry":{"type":"Point","coordinates":[114.23529115874533,22.241148138308041]},"properties":{"OBJECTID":1807,"GEO_NAME_ID":"834","PLACE_CLASS":"Settlement","PLACE_TYPE":"Village","DISTRICT":"STH"}},{"type":"Feature","id":1808,"geometry":{"type":"Point","coordinates":[114.27279773314301,22.530404713626467]},"properties":{"OBJECTID":1808,"GEO_NAME_ID":"835","PLACE_CLASS":"Topographic","PLACE_TYPE":"Reef","DISTRICT":"NTH"}},{"type":"Feature","id":1809,"geometry":{"type":"Point","coordinates":[114.38764287601114,22.40573915485254]},"properties":{"OBJECTID":1809,"GEO_NAME_ID":"836","PLACE_CLASS":"Topographic","PLACE_TYPE":"Reef","DISTRICT":"SK"}},{"type":"Feature","id":1810,"geometry":{"type":"Point","coordinates":[113.85820261583122,22.16787904959201]},"properties":{"OBJECTID":1810,"GEO_NAME_ID":"837","PLACE_CLASS":"Hydrographic","PLACE_TYPE":"Channel","DISTRICT":"ILD"}},{"type":"Feature","id":1811,"geometry":{"type":"Point","coordinates":[113.93270039898661,22.258765686246566]},"properties":{"OBJECTID":1811,"GEO_NAME_ID":"838","PLACE_CLASS":"Topographic","PLACE_TYPE":"Island","DISTRICT":"ILD"}},{"type":"Feature","id":1812,"geometry":{"type":"Point","coordinates":[113.92003773156688,22.249182762230461]},"properties":{"OBJECTID":1812,"GEO_NAME_ID":"839","PLACE_CLASS":"Topographic","PLACE_TYPE":"Hill","DISTRICT":"ILD"}},{"type":"Feature","id":1813,"geometry":{"type":"Point","coordinates":[113.89717481425433,22.218612540686344]},"properties":{"OBJECTID":1813,"GEO_NAME_ID":"840","PLACE_CLASS":"Topographic","PLACE_TYPE":"Cape","DISTRICT":"ILD"}},{"type":"Feature","id":1814,"geometry":{"type":"Point","coordinates":[114.28215659663107,22.386155812001142]},"properties":{"OBJECTID":1814,"GEO_NAME_ID":"841","PLACE_CLASS":"Topographic","PLACE_TYPE":"Island","DISTRICT":"SK"}},{"type":"Feature","id":1815,"geometry":{"type":"Point","coordinates":[114.25554889793901,22.211699537179214]},"properties":{"OBJECTID":1815,"GEO_NAME_ID":"842","PLACE_CLASS":"Hydrographic","PLACE_TYPE":"Bay","DISTRICT":"STH"}},{"type":"Feature","id":1816,"geometry":{"type":"Point","coordinates":[114.2055220234737,22.534575694283941]},"properties":{"OBJECTID":1816,"GEO_NAME_ID":"843","PLACE_CLASS":"Settlement","PLACE_TYPE":"Village","DISTRICT":"NTH"}},{"type":"Feature","id":1817,"geometry":{"type":"Point","coordinates":[114.05851770015359,22.346895729765578]},"properties":{"OBJECTID":1817,"GEO_NAME_ID":"844","PLACE_CLASS":"Settlement","PLACE_TYPE":"Village","DISTRICT":"TW"}},{"type":"Feature","id":1818,"geometry":{"type":"Point","coordinates":[114.00135204087897,22.303691282741973]},"properties":{"OBJECTID":1818,"GEO_NAME_ID":"845","PLACE_CLASS":"Topographic","PLACE_TYPE":"Hill","DISTRICT":"ILD"}},{"type":"Feature","id":1819,"geometry":{"type":"Point","coordinates":[113.99160345394456,22.468757724754322]},"properties":{"OBJECTID":1819,"GEO_NAME_ID":"846","PLACE_CLASS":"Settlement","PLACE_TYPE":"Area","DISTRICT":"YL"}},{"type":"Feature","id":1820,"geometry":{"type":"Point","coordinates":[113.98383286411038,22.466987687173567]},"properties":{"OBJECTID":1820,"GEO_NAME_ID":"847","PLACE_CLASS":"Settlement","PLACE_TYPE":"Village","DISTRICT":"YL"}},{"type":"Feature","id":1821,"geometry":{"type":"Point","coordinates":[114.17972117411041,22.463201984239085]},"properties":{"OBJECTID":1821,"GEO_NAME_ID":"848","PLACE_CLASS":"Settlement","PLACE_TYPE":"Village","DISTRICT":"TP"}},{"type":"Feature","id":1822,"geometry":{"type":"Point","coordinates":[114.26511309458817,22.167453079897928]},"properties":{"OBJECTID":1822,"GEO_NAME_ID":"849","PLACE_CLASS":"Hydrographic","PLACE_TYPE":"Stream","DISTRICT":"ILD"}},{"type":"Feature","id":1823,"geometry":{"type":"Point","coordinates":[114.36242616241024,22.50447245852201]},"properties":{"OBJECTID":1823,"GEO_NAME_ID":"850","PLACE_CLASS":"Hydrographic","PLACE_TYPE":"Bay","DISTRICT":"TP"}},{"type":"Feature","id":1824,"geometry":{"type":"Point","coordinates":[114.16895379363169,22.500352939087495]},"properties":{"OBJECTID":1824,"GEO_NAME_ID":"851","PLACE_CLASS":"Settlement","PLACE_TYPE":"Village","DISTRICT":"NTH"}},{"type":"Feature","id":1825,"geometry":{"type":"Point","coordinates":[114.36287207402776,22.452691721572307]},"properties":{"OBJECTID":1825,"GEO_NAME_ID":"853","PLACE_CLASS":"Settlement","PLACE_TYPE":"Village","DISTRICT":"TP"}},{"type":"Feature","id":1826,"geometry":{"type":"Point","coordinates":[114.15814881423285,22.412648399489854]},"properties":{"OBJECTID":1826,"GEO_NAME_ID":"854","PLACE_CLASS":"Topographic","PLACE_TYPE":"Pass","DISTRICT":"TP"}},{"type":"Feature","id":1827,"geometry":{"type":"Point","coordinates":[114.18446740541209,22.374089012500182]},"properties":{"OBJECTID":1827,"GEO_NAME_ID":"856","PLACE_CLASS":"Settlement","PLACE_TYPE":"Village","DISTRICT":"ST"}},{"type":"Feature","id":1828,"geometry":{"type":"Point","coordinates":[114.42969629873984,22.545396558563922]},"properties":{"OBJECTID":1828,"GEO_NAME_ID":"861","PLACE_CLASS":"Settlement","PLACE_TYPE":"Village","DISTRICT":"TP"}},{"type":"Feature","id":1829,"geometry":{"type":"Point","coordinates":[114.14840168625682,22.535063374849887]},"properties":{"OBJECTID":1829,"GEO_NAME_ID":"862","PLACE_CLASS":"Settlement","PLACE_TYPE":"Village","DISTRICT":"NTH"}},{"type":"Feature","id":1830,"geometry":{"type":"Point","coordinates":[114.24328604053252,22.285666183340375]},"properties":{"OBJECTID":1830,"GEO_NAME_ID":"863","PLACE_CLASS":"Topographic","PLACE_TYPE":"Cape","DISTRICT":"KT"}},{"type":"Feature","id":1831,"geometry":{"type":"Point","coordinates":[114.18379254815738,22.275682721823948]},"properties":{"OBJECTID":1831,"GEO_NAME_ID":"864","PLACE_CLASS":"Settlement","PLACE_TYPE":"Area","DISTRICT":"WC"}},{"type":"Feature","id":1832,"geometry":{"type":"Point","coordinates":[114.17844897712801,22.514557919987784]},"properties":{"OBJECTID":1832,"GEO_NAME_ID":"866","PLACE_CLASS":"Settlement","PLACE_TYPE":"Village","DISTRICT":"NTH"}},{"type":"Feature","id":1833,"geometry":{"type":"Point","coordinates":[114.24390343965337,22.506612801736583]},"properties":{"OBJECTID":1833,"GEO_NAME_ID":"867","PLACE_CLASS":"Settlement","PLACE_TYPE":"Village","DISTRICT":"NTH"}},{"type":"Feature","id":1834,"geometry":{"type":"Point","coordinates":[114.17109115245516,22.517790699608142]},"properties":{"OBJECTID":1834,"GEO_NAME_ID":"868","PLACE_CLASS":"Settlement","PLACE_TYPE":"Village","DISTRICT":"NTH"}},{"type":"Feature","id":1835,"geometry":{"type":"Point","coordinates":[114.28666426361998,22.30191579120028]},"properties":{"OBJECTID":1835,"GEO_NAME_ID":"869","PLACE_CLASS":"Settlement","PLACE_TYPE":"Village","DISTRICT":"SK"}},{"type":"Feature","id":1836,"geometry":{"type":"Point","coordinates":[113.9776533153983,22.398962987545428]},"properties":{"OBJECTID":1836,"GEO_NAME_ID":"871","PLACE_CLASS":"Settlement","PLACE_TYPE":"Village","DISTRICT":"TM"}},{"type":"Feature","id":1837,"geometry":{"type":"Point","coordinates":[114.08790118060234,22.439418407533736]},"properties":{"OBJECTID":1837,"GEO_NAME_ID":"872","PLACE_CLASS":"Settlement","PLACE_TYPE":"Village","DISTRICT":"YL"}},{"type":"Feature","id":1838,"geometry":{"type":"Point","coordinates":[113.86455932471837,22.248363204725571]},"properties":{"OBJECTID":1838,"GEO_NAME_ID":"873","PLACE_CLASS":"Settlement","PLACE_TYPE":"Village","DISTRICT":"ILD"}},{"type":"Feature","id":1839,"geometry":{"type":"Point","coordinates":[114.14687588096021,22.442989091870725]},"properties":{"OBJECTID":1839,"GEO_NAME_ID":"875","PLACE_CLASS":"Settlement","PLACE_TYPE":"Village","DISTRICT":"TP"}},{"type":"Feature","id":1840,"geometry":{"type":"Point","coordinates":[114.06065121038264,22.499354016107521]},"properties":{"OBJECTID":1840,"GEO_NAME_ID":"876","PLACE_CLASS":"Settlement","PLACE_TYPE":"Village","DISTRICT":"YL"}},{"type":"Feature","id":1841,"geometry":{"type":"Point","coordinates":[113.97070127406361,22.265934459573053]},"properties":{"OBJECTID":1841,"GEO_NAME_ID":"877","PLACE_CLASS":"Topographic","PLACE_TYPE":"Hill","DISTRICT":"ILD"}},{"type":"Feature","id":1842,"geometry":{"type":"Point","coordinates":[114.08481466064185,22.391202949534737]},"properties":{"OBJECTID":1842,"GEO_NAME_ID":"878","PLACE_CLASS":"Topographic","PLACE_TYPE":"Hill","DISTRICT":"TW"}},{"type":"Feature","id":1843,"geometry":{"type":"Point","coordinates":[114.08703399582998,22.428382706769707]},"properties":{"OBJECTID":1843,"GEO_NAME_ID":"879","PLACE_CLASS":"Settlement","PLACE_TYPE":"Village","DISTRICT":"YL"}},{"type":"Feature","id":1844,"geometry":{"type":"Point","coordinates":[114.18106466363945,22.551771971283465]},"properties":{"OBJECTID":1844,"GEO_NAME_ID":"880","PLACE_CLASS":"Settlement","PLACE_TYPE":"Village","DISTRICT":"NTH"}},{"type":"Feature","id":1845,"geometry":{"type":"Point","coordinates":[114.11055422353841,22.481709782953239]},"properties":{"OBJECTID":1845,"GEO_NAME_ID":"881","PLACE_CLASS":"Settlement","PLACE_TYPE":"Village","DISTRICT":"NTH"}},{"type":"Feature","id":1846,"geometry":{"type":"Point","coordinates":[114.11295599289343,22.47819792245258]},"properties":{"OBJECTID":1846,"GEO_NAME_ID":"882","PLACE_CLASS":"Settlement","PLACE_TYPE":"Village","DISTRICT":"NTH"}},{"type":"Feature","id":1847,"geometry":{"type":"Point","coordinates":[114.13607614711867,22.499697786633739]},"properties":{"OBJECTID":1847,"GEO_NAME_ID":"883","PLACE_CLASS":"Topographic","PLACE_TYPE":"Hill","DISTRICT":"NTH"}},{"type":"Feature","id":1848,"geometry":{"type":"Point","coordinates":[114.13679243229041,22.203974330201426]},"properties":{"OBJECTID":1848,"GEO_NAME_ID":"884","PLACE_CLASS":"Topographic","PLACE_TYPE":"Hill","DISTRICT":"ILD"}},{"type":"Feature","id":1849,"geometry":{"type":"Point","coordinates":[114.13671690894665,22.501982636344689]},"properties":{"OBJECTID":1849,"GEO_NAME_ID":"885","PLACE_CLASS":"Settlement","PLACE_TYPE":"Village","DISTRICT":"NTH"}},{"type":"Feature","id":1850,"geometry":{"type":"Point","coordinates":[113.86754823389428,22.221376478474976]},"properties":{"OBJECTID":1850,"GEO_NAME_ID":"886","PLACE_CLASS":"Topographic","PLACE_TYPE":"Hill","DISTRICT":"ILD"}},{"type":"Feature","id":1851,"geometry":{"type":"Point","coordinates":[114.18715545171825,22.352975448264303]},"properties":{"OBJECTID":1851,"GEO_NAME_ID":"887","PLACE_CLASS":"Topographic","PLACE_TYPE":"Hill","DISTRICT":"ST"}},{"type":"Feature","id":1852,"geometry":{"type":"Point","coordinates":[114.11681855270882,22.285632572845341]},"properties":{"OBJECTID":1852,"GEO_NAME_ID":"889","PLACE_CLASS":"Topographic","PLACE_TYPE":"Island","DISTRICT":"CW"}},{"type":"Feature","id":1853,"geometry":{"type":"Point","coordinates":[114.28148663173184,22.528611289757045]},"properties":{"OBJECTID":1853,"GEO_NAME_ID":"891","PLACE_CLASS":"Topographic","PLACE_TYPE":"Cape","DISTRICT":"NTH"}},{"type":"Feature","id":1854,"geometry":{"type":"Point","coordinates":[114.10492369736208,22.527509471920634]},"properties":{"OBJECTID":1854,"GEO_NAME_ID":"892","PLACE_CLASS":"Settlement","PLACE_TYPE":"Village","DISTRICT":"NTH"}},{"type":"Feature","id":1855,"geometry":{"type":"Point","coordinates":[114.09613098267457,22.352170012410358]},"properties":{"OBJECTID":1855,"GEO_NAME_ID":"893","PLACE_CLASS":"Settlement","PLACE_TYPE":"Village","DISTRICT":"KC"}},{"type":"Feature","id":1856,"geometry":{"type":"Point","coordinates":[114.22286325949,22.206925786176271]},"properties":{"OBJECTID":1856,"GEO_NAME_ID":"894","PLACE_CLASS":"Topographic","PLACE_TYPE":"Island","DISTRICT":"STH"}},{"type":"Feature","id":1857,"geometry":{"type":"Point","coordinates":[114.23695099311431,22.175286534074516]},"properties":{"OBJECTID":1857,"GEO_NAME_ID":"895","PLACE_CLASS":"Topographic","PLACE_TYPE":"Island","DISTRICT":"ILD"}},{"type":"Feature","id":1858,"geometry":{"type":"Point","coordinates":[114.29974281190765,22.364443071188816]},"properties":{"OBJECTID":1858,"GEO_NAME_ID":"896","PLACE_CLASS":"Topographic","PLACE_TYPE":"Reef","DISTRICT":"SK"}},{"type":"Feature","id":1859,"geometry":{"type":"Point","coordinates":[114.27274113635626,22.532906154151483]},"properties":{"OBJECTID":1859,"GEO_NAME_ID":"897","PLACE_CLASS":"Topographic","PLACE_TYPE":"Island","DISTRICT":"NTH"}},{"type":"Feature","id":1860,"geometry":{"type":"Point","coordinates":[113.9879164645854,22.414697338204014]},"properties":{"OBJECTID":1860,"GEO_NAME_ID":"898","PLACE_CLASS":"Settlement","PLACE_TYPE":"Village","DISTRICT":"TM"}},{"type":"Feature","id":1861,"geometry":{"type":"Point","coordinates":[114.32414944483861,22.445507368586629]},"properties":{"OBJECTID":1861,"GEO_NAME_ID":"899","PLACE_CLASS":"Topographic","PLACE_TYPE":"Hill","DISTRICT":"TP"}},{"type":"Feature","id":1862,"geometry":{"type":"Point","coordinates":[114.2784371103192,22.35894018656878]},"properties":{"OBJECTID":1862,"GEO_NAME_ID":"900","PLACE_CLASS":"Topographic","PLACE_TYPE":"Cape","DISTRICT":"SK"}},{"type":"Feature","id":1863,"geometry":{"type":"Point","coordinates":[114.24852325081869,22.526443997612752]},"properties":{"OBJECTID":1863,"GEO_NAME_ID":"901","PLACE_CLASS":"Topographic","PLACE_TYPE":"Hill","DISTRICT":"NTH"}},{"type":"Feature","id":1864,"geometry":{"type":"Point","coordinates":[114.00017321764503,22.299581088274241]},"properties":{"OBJECTID":1864,"GEO_NAME_ID":"902","PLACE_CLASS":"Topographic","PLACE_TYPE":"Hill","DISTRICT":"ILD"}},{"type":"Feature","id":1865,"geometry":{"type":"Point","coordinates":[114.32532474871641,22.36306704871701]},"properties":{"OBJECTID":1865,"GEO_NAME_ID":"903","PLACE_CLASS":"Topographic","PLACE_TYPE":"Reef","DISTRICT":"SK"}},{"type":"Feature","id":1866,"geometry":{"type":"Point","coordinates":[114.27162796522711,22.468520174286695]},"properties":{"OBJECTID":1866,"GEO_NAME_ID":"904","PLACE_CLASS":"Hydrographic","PLACE_TYPE":"Bay","DISTRICT":"TP"}},{"type":"Feature","id":1867,"geometry":{"type":"Point","coordinates":[113.91610304295605,22.210335778130496]},"properties":{"OBJECTID":1867,"GEO_NAME_ID":"905","PLACE_CLASS":"Hydrographic","PLACE_TYPE":"Bay","DISTRICT":"ILD"}},{"type":"Feature","id":1868,"geometry":{"type":"Point","coordinates":[114.31764254030199,22.524294309824668]},"properties":{"OBJECTID":1868,"GEO_NAME_ID":"906","PLACE_CLASS":"Hydrographic","PLACE_TYPE":"Bay","DISTRICT":"NTH"}},{"type":"Feature","id":1869,"geometry":{"type":"Point","coordinates":[114.16364483966629,22.425481258551308]},"properties":{"OBJECTID":1869,"GEO_NAME_ID":"907","PLACE_CLASS":"Settlement","PLACE_TYPE":"Village","DISTRICT":"TP"}},{"type":"Feature","id":1870,"geometry":{"type":"Point","coordinates":[114.20433068866211,22.507376429640189]},"properties":{"OBJECTID":1870,"GEO_NAME_ID":"908","PLACE_CLASS":"Settlement","PLACE_TYPE":"Area","DISTRICT":"NTH"}},{"type":"Feature","id":1871,"geometry":{"type":"Point","coordinates":[114.30001347109456,22.506166765716006]},"properties":{"OBJECTID":1871,"GEO_NAME_ID":"909","PLACE_CLASS":"Settlement","PLACE_TYPE":"Area","DISTRICT":"NTH"}},{"type":"Feature","id":1872,"geometry":{"type":"Point","coordinates":[114.13953516054043,22.538782067913449]},"properties":{"OBJECTID":1872,"GEO_NAME_ID":"910","PLACE_CLASS":"Settlement","PLACE_TYPE":"Area","DISTRICT":"NTH"}},{"type":"Feature","id":1873,"geometry":{"type":"Point","coordinates":[114.22187814201855,22.371129939294399]},"properties":{"OBJECTID":1873,"GEO_NAME_ID":"911","PLACE_CLASS":"Settlement","PLACE_TYPE":"Village","DISTRICT":"ST"}},{"type":"Feature","id":1874,"geometry":{"type":"Point","coordinates":[114.12515512504375,22.20565526396696]},"properties":{"OBJECTID":1874,"GEO_NAME_ID":"912","PLACE_CLASS":"Settlement","PLACE_TYPE":"Village","DISTRICT":"ILD"}},{"type":"Feature","id":1875,"geometry":{"type":"Point","coordinates":[114.3647970938335,22.39601442564517]},"properties":{"OBJECTID":1875,"GEO_NAME_ID":"914","PLACE_CLASS":"Topographic","PLACE_TYPE":"Hill","DISTRICT":"SK"}},{"type":"Feature","id":1876,"geometry":{"type":"Point","coordinates":[114.12514771352519,22.223378043687088]},"properties":{"OBJECTID":1876,"GEO_NAME_ID":"915","PLACE_CLASS":"Settlement","PLACE_TYPE":"Village","DISTRICT":"ILD"}},{"type":"Feature","id":1877,"geometry":{"type":"Point","coordinates":[114.33418844068103,22.457409024497448]},"properties":{"OBJECTID":1877,"GEO_NAME_ID":"916","PLACE_CLASS":"Topographic","PLACE_TYPE":"Hill","DISTRICT":"TP"}},{"type":"Feature","id":1878,"geometry":{"type":"Point","coordinates":[114.22554536646713,22.473958926089008]},"properties":{"OBJECTID":1878,"GEO_NAME_ID":"917","PLACE_CLASS":"Settlement","PLACE_TYPE":"Village","DISTRICT":"TP"}},{"type":"Feature","id":1879,"geometry":{"type":"Point","coordinates":[113.99359826392315,22.451719630653336]},"properties":{"OBJECTID":1879,"GEO_NAME_ID":"918","PLACE_CLASS":"Settlement","PLACE_TYPE":"Village","DISTRICT":"YL"}},{"type":"Feature","id":1880,"geometry":{"type":"Point","coordinates":[113.97504113959931,22.243552988590526]},"properties":{"OBJECTID":1880,"GEO_NAME_ID":"919","PLACE_CLASS":"Settlement","PLACE_TYPE":"Village","DISTRICT":"ILD"}},{"type":"Feature","id":1881,"geometry":{"type":"Point","coordinates":[114.24291508758512,22.50702206972802]},"properties":{"OBJECTID":1881,"GEO_NAME_ID":"920","PLACE_CLASS":"Settlement","PLACE_TYPE":"Village","DISTRICT":"NTH"}},{"type":"Feature","id":1882,"geometry":{"type":"Point","coordinates":[114.15182048844859,22.497624010275086]},"properties":{"OBJECTID":1882,"GEO_NAME_ID":"921","PLACE_CLASS":"Settlement","PLACE_TYPE":"Village","DISTRICT":"NTH"}},{"type":"Feature","id":1883,"geometry":{"type":"Point","coordinates":[114.12529420615687,22.379381905358628]},"properties":{"OBJECTID":1883,"GEO_NAME_ID":"922","PLACE_CLASS":"Settlement","PLACE_TYPE":"Village","DISTRICT":"TW"}},{"type":"Feature","id":1884,"geometry":{"type":"Point","coordinates":[114.39455702969352,22.417740483734722]},"properties":{"OBJECTID":1884,"GEO_NAME_ID":"923","PLACE_CLASS":"Hydrographic","PLACE_TYPE":"Bay","DISTRICT":"SK"}},{"type":"Feature","id":1885,"geometry":{"type":"Point","coordinates":[114.11205806057249,22.528451658695865]},"properties":{"OBJECTID":1885,"GEO_NAME_ID":"924","PLACE_CLASS":"Settlement","PLACE_TYPE":"Area","DISTRICT":"NTH"}},{"type":"Feature","id":1886,"geometry":{"type":"Point","coordinates":[114.11443922309994,22.529256301278259]},"properties":{"OBJECTID":1886,"GEO_NAME_ID":"925","PLACE_CLASS":"Settlement","PLACE_TYPE":"Village","DISTRICT":"NTH"}},{"type":"Feature","id":1887,"geometry":{"type":"Point","coordinates":[113.99014691456229,22.227550658290145]},"properties":{"OBJECTID":1887,"GEO_NAME_ID":"926","PLACE_CLASS":"Topographic","PLACE_TYPE":"Hill","DISTRICT":"ILD"}},{"type":"Feature","id":1888,"geometry":{"type":"Point","coordinates":[114.03694675135563,22.208750589246566]},"properties":{"OBJECTID":1888,"GEO_NAME_ID":"927","PLACE_CLASS":"Topographic","PLACE_TYPE":"Rock","DISTRICT":"ILD"}},{"type":"Feature","id":1889,"geometry":{"type":"Point","coordinates":[114.18417411220166,22.52075259749806]},"properties":{"OBJECTID":1889,"GEO_NAME_ID":"928","PLACE_CLASS":"Settlement","PLACE_TYPE":"Village","DISTRICT":"NTH"}},{"type":"Feature","id":1890,"geometry":{"type":"Point","coordinates":[114.20084280553715,22.401774979336508]},"properties":{"OBJECTID":1890,"GEO_NAME_ID":"930","PLACE_CLASS":"Settlement","PLACE_TYPE":"Village","DISTRICT":"ST"}},{"type":"Feature","id":1891,"geometry":{"type":"Point","coordinates":[114.07985489363392,22.513291561004685]},"properties":{"OBJECTID":1891,"GEO_NAME_ID":"931","PLACE_CLASS":"Settlement","PLACE_TYPE":"Area","DISTRICT":"YL"}},{"type":"Feature","id":1892,"geometry":{"type":"Point","coordinates":[114.08003944973072,22.513454218687059]},"properties":{"OBJECTID":1892,"GEO_NAME_ID":"932","PLACE_CLASS":"Settlement","PLACE_TYPE":"Village","DISTRICT":"YL"}},{"type":"Feature","id":1893,"geometry":{"type":"Point","coordinates":[114.05673105912312,22.469749503140815]},"properties":{"OBJECTID":1893,"GEO_NAME_ID":"937","PLACE_CLASS":"Settlement","PLACE_TYPE":"Village","DISTRICT":"YL"}},{"type":"Feature","id":1894,"geometry":{"type":"Point","coordinates":[114.34924485563002,22.455271492741506]},"properties":{"OBJECTID":1894,"GEO_NAME_ID":"938","PLACE_CLASS":"Hydrographic","PLACE_TYPE":"Harbour","DISTRICT":"TP"}},{"type":"Feature","id":1895,"geometry":{"type":"Point","coordinates":[114.34653275650909,22.430070437956292]},"properties":{"OBJECTID":1895,"GEO_NAME_ID":"939","PLACE_CLASS":"Topographic","PLACE_TYPE":"Hill","DISTRICT":"TP"}},{"type":"Feature","id":1896,"geometry":{"type":"Point","coordinates":[114.37474130251326,22.375349846328042]},"properties":{"OBJECTID":1896,"GEO_NAME_ID":"940","PLACE_CLASS":"Settlement","PLACE_TYPE":"Village","DISTRICT":"SK"}},{"type":"Feature","id":1897,"geometry":{"type":"Point","coordinates":[114.38215914036812,22.375042598261196]},"properties":{"OBJECTID":1897,"GEO_NAME_ID":"941","PLACE_CLASS":"Hydrographic","PLACE_TYPE":"Bay","DISTRICT":"SK"}},{"type":"Feature","id":1898,"geometry":{"type":"Point","coordinates":[114.38118051876666,22.369806149709955]},"properties":{"OBJECTID":1898,"GEO_NAME_ID":"942","PLACE_CLASS":"Hydrographic","PLACE_TYPE":"Bay","DISTRICT":"SK"}},{"type":"Feature","id":1899,"geometry":{"type":"Point","coordinates":[114.28219549051819,22.399114557892208]},"properties":{"OBJECTID":1899,"GEO_NAME_ID":"943","PLACE_CLASS":"Settlement","PLACE_TYPE":"Village","DISTRICT":"SK"}},{"type":"Feature","id":1900,"geometry":{"type":"Point","coordinates":[114.26633123365956,22.390671566170667]},"properties":{"OBJECTID":1900,"GEO_NAME_ID":"944","PLACE_CLASS":"Settlement","PLACE_TYPE":"Village","DISTRICT":"SK"}},{"type":"Feature","id":1901,"geometry":{"type":"Point","coordinates":[114.29592939900417,22.367091866669774]},"properties":{"OBJECTID":1901,"GEO_NAME_ID":"945","PLACE_CLASS":"Hydrographic","PLACE_TYPE":"Bay","DISTRICT":"SK"}},{"type":"Feature","id":1902,"geometry":{"type":"Point","coordinates":[114.11741813643631,22.221478958382335]},"properties":{"OBJECTID":1902,"GEO_NAME_ID":"947","PLACE_CLASS":"Settlement","PLACE_TYPE":"Village","DISTRICT":"ILD"}},{"type":"Feature","id":1903,"geometry":{"type":"Point","coordinates":[114.17655415702765,22.270869536873658]},"properties":{"OBJECTID":1903,"GEO_NAME_ID":"948","PLACE_CLASS":"Topographic","PLACE_TYPE":"Rock","DISTRICT":"WC"}},{"type":"Feature","id":1904,"geometry":{"type":"Point","coordinates":[113.87790933418668,22.247665855720598]},"properties":{"OBJECTID":1904,"GEO_NAME_ID":"949","PLACE_CLASS":"Settlement","PLACE_TYPE":"Village","DISTRICT":"ILD"}},{"type":"Feature","id":1905,"geometry":{"type":"Point","coordinates":[114.13688881681102,22.376838574487827]},"properties":{"OBJECTID":1905,"GEO_NAME_ID":"953","PLACE_CLASS":"Settlement","PLACE_TYPE":"Village","DISTRICT":"KC"}},{"type":"Feature","id":1906,"geometry":{"type":"Point","coordinates":[114.02175319238388,22.363747191278094]},"properties":{"OBJECTID":1906,"GEO_NAME_ID":"955","PLACE_CLASS":"Settlement","PLACE_TYPE":"Village","DISTRICT":"TM"}},{"type":"Feature","id":1907,"geometry":{"type":"Point","coordinates":[114.14185916891462,22.497649246699034]},"properties":{"OBJECTID":1907,"GEO_NAME_ID":"956","PLACE_CLASS":"Settlement","PLACE_TYPE":"Area","DISTRICT":"NTH"}},{"type":"Feature","id":1908,"geometry":{"type":"Point","coordinates":[114.10536485696048,22.425556290686963]},"properties":{"OBJECTID":1908,"GEO_NAME_ID":"957","PLACE_CLASS":"Settlement","PLACE_TYPE":"Village","DISTRICT":"YL"}},{"type":"Feature","id":1909,"geometry":{"type":"Point","coordinates":[114.30447710224939,22.413556305830589]},"properties":{"OBJECTID":1909,"GEO_NAME_ID":"958","PLACE_CLASS":"Topographic","PLACE_TYPE":"Hill","DISTRICT":"SK"}},{"type":"Feature","id":1910,"geometry":{"type":"Point","coordinates":[114.13508911879119,22.224807747866404]},"properties":{"OBJECTID":1910,"GEO_NAME_ID":"959","PLACE_CLASS":"Topographic","PLACE_TYPE":"Island","DISTRICT":"ILD"}},{"type":"Feature","id":1911,"geometry":{"type":"Point","coordinates":[114.24105728001548,22.398341446652587]},"properties":{"OBJECTID":1911,"GEO_NAME_ID":"960","PLACE_CLASS":"Topographic","PLACE_TYPE":"Hill","DISTRICT":"ST"}},{"type":"Feature","id":1912,"geometry":{"type":"Point","coordinates":[114.13344226888393,22.218124598392542]},"properties":{"OBJECTID":1912,"GEO_NAME_ID":"961","PLACE_CLASS":"Topographic","PLACE_TYPE":"Hill","DISTRICT":"ILD"}},{"type":"Feature","id":1913,"geometry":{"type":"Point","coordinates":[114.13076547934756,22.217726511776718]},"properties":{"OBJECTID":1913,"GEO_NAME_ID":"962","PLACE_CLASS":"Settlement","PLACE_TYPE":"Village","DISTRICT":"ILD"}},{"type":"Feature","id":1914,"geometry":{"type":"Point","coordinates":[114.12694066097794,22.227424355062887]},"properties":{"OBJECTID":1914,"GEO_NAME_ID":"963","PLACE_CLASS":"Hydrographic","PLACE_TYPE":"Bay","DISTRICT":"ILD"}},{"type":"Feature","id":1915,"geometry":{"type":"Point","coordinates":[114.21735809588949,22.520756697408551]},"properties":{"OBJECTID":1915,"GEO_NAME_ID":"964","PLACE_CLASS":"Settlement","PLACE_TYPE":"Area","DISTRICT":"NTH"}},{"type":"Feature","id":1916,"geometry":{"type":"Point","coordinates":[114.02187515061887,22.332474553764481]},"properties":{"OBJECTID":1916,"GEO_NAME_ID":"965","PLACE_CLASS":"Hydrographic","PLACE_TYPE":"Bay","DISTRICT":"TW"}},{"type":"Feature","id":1917,"geometry":{"type":"Point","coordinates":[114.2161328843826,22.519005109295776]},"properties":{"OBJECTID":1917,"GEO_NAME_ID":"966","PLACE_CLASS":"Settlement","PLACE_TYPE":"Village","DISTRICT":"NTH"}},{"type":"Feature","id":1918,"geometry":{"type":"Point","coordinates":[114.21060183025034,22.517109985741872]},"properties":{"OBJECTID":1918,"GEO_NAME_ID":"967","PLACE_CLASS":"Settlement","PLACE_TYPE":"Village","DISTRICT":"NTH"}},{"type":"Feature","id":1919,"geometry":{"type":"Point","coordinates":[113.92544924698365,22.212039211915954]},"properties":{"OBJECTID":1919,"GEO_NAME_ID":"968","PLACE_CLASS":"Topographic","PLACE_TYPE":"Hill","DISTRICT":"ILD"}},{"type":"Feature","id":1920,"geometry":{"type":"Point","coordinates":[114.02313822678664,22.331392089680477]},"properties":{"OBJECTID":1920,"GEO_NAME_ID":"969","PLACE_CLASS":"Settlement","PLACE_TYPE":"Village","DISTRICT":"TW"}},{"type":"Feature","id":1921,"geometry":{"type":"Point","coordinates":[114.28757716899727,22.241120929993787]},"properties":{"OBJECTID":1921,"GEO_NAME_ID":"970","PLACE_CLASS":"Hydrographic","PLACE_TYPE":"Bay","DISTRICT":"SK"}},{"type":"Feature","id":1922,"geometry":{"type":"Point","coordinates":[114.21644464515173,22.521551597091797]},"properties":{"OBJECTID":1922,"GEO_NAME_ID":"971","PLACE_CLASS":"Settlement","PLACE_TYPE":"Village","DISTRICT":"NTH"}},{"type":"Feature","id":1923,"geometry":{"type":"Point","coordinates":[114.08406654548189,22.494023210241576]},"properties":{"OBJECTID":1923,"GEO_NAME_ID":"972","PLACE_CLASS":"Settlement","PLACE_TYPE":"Village","DISTRICT":"YL"}},{"type":"Feature","id":1924,"geometry":{"type":"Point","coordinates":[114.25078674078308,22.358946145811579]},"properties":{"OBJECTID":1924,"GEO_NAME_ID":"973","PLACE_CLASS":"Settlement","PLACE_TYPE":"Village","DISTRICT":"SK"}},{"type":"Feature","id":1925,"geometry":{"type":"Point","coordinates":[113.99158480284422,22.262654408107942]},"properties":{"OBJECTID":1925,"GEO_NAME_ID":"974","PLACE_CLASS":"Settlement","PLACE_TYPE":"Village","DISTRICT":"ILD"}},{"type":"Feature","id":1926,"geometry":{"type":"Point","coordinates":[114.35815318218465,22.402406556995214]},"properties":{"OBJECTID":1926,"GEO_NAME_ID":"975","PLACE_CLASS":"Settlement","PLACE_TYPE":"Village","DISTRICT":"SK"}},{"type":"Feature","id":1927,"geometry":{"type":"Point","coordinates":[113.88802967555371,22.251287355422971]},"properties":{"OBJECTID":1927,"GEO_NAME_ID":"976","PLACE_CLASS":"Settlement","PLACE_TYPE":"Village","DISTRICT":"ILD"}},{"type":"Feature","id":1928,"geometry":{"type":"Point","coordinates":[114.29371442003331,22.493194801663076]},"properties":{"OBJECTID":1928,"GEO_NAME_ID":"977","PLACE_CLASS":"Topographic","PLACE_TYPE":"Hill","DISTRICT":"NTH"}},{"type":"Feature","id":1929,"geometry":{"type":"Point","coordinates":[114.1375982434799,22.443872087985039]},"properties":{"OBJECTID":1929,"GEO_NAME_ID":"979","PLACE_CLASS":"Settlement","PLACE_TYPE":"Village","DISTRICT":"TP"}},{"type":"Feature","id":1930,"geometry":{"type":"Point","coordinates":[114.30151008989809,22.310104841498418]},"properties":{"OBJECTID":1930,"GEO_NAME_ID":"980","PLACE_CLASS":"Hydrographic","PLACE_TYPE":"Bay","DISTRICT":"SK"}},{"type":"Feature","id":1931,"geometry":{"type":"Point","coordinates":[114.05787751399752,22.344335009407502]},"properties":{"OBJECTID":1931,"GEO_NAME_ID":"981","PLACE_CLASS":"Hydrographic","PLACE_TYPE":"Bay","DISTRICT":"TW"}},{"type":"Feature","id":1932,"geometry":{"type":"Point","coordinates":[114.31898394045214,22.410013282275401]},"properties":{"OBJECTID":1932,"GEO_NAME_ID":"982","PLACE_CLASS":"Hydrographic","PLACE_TYPE":"Stream","DISTRICT":"SK"}},{"type":"Feature","id":1933,"geometry":{"type":"Point","coordinates":[114.36652899347081,22.47705147880194]},"properties":{"OBJECTID":1933,"GEO_NAME_ID":"984","PLACE_CLASS":"Topographic","PLACE_TYPE":"Cape","DISTRICT":"TP"}},{"type":"Feature","id":1934,"geometry":{"type":"Point","coordinates":[113.88336423963551,22.376261321610166]},"properties":{"OBJECTID":1934,"GEO_NAME_ID":"985","PLACE_CLASS":"Topographic","PLACE_TYPE":"Island","DISTRICT":"TM"}},{"type":"Feature","id":1935,"geometry":{"type":"Point","coordinates":[113.91589245477661,22.40212606765116]},"properties":{"OBJECTID":1935,"GEO_NAME_ID":"986","PLACE_CLASS":"Settlement","PLACE_TYPE":"Village","DISTRICT":"TM"}},{"type":"Feature","id":1936,"geometry":{"type":"Point","coordinates":[113.92264005295715,22.387191428957941]},"properties":{"OBJECTID":1936,"GEO_NAME_ID":"987","PLACE_CLASS":"Settlement","PLACE_TYPE":"Area","DISTRICT":"TM"}},{"type":"Feature","id":1937,"geometry":{"type":"Point","coordinates":[114.42857932390825,22.540594199060425]},"properties":{"OBJECTID":1937,"GEO_NAME_ID":"988","PLACE_CLASS":"Topographic","PLACE_TYPE":"Rock","DISTRICT":"TP"}},{"type":"Feature","id":1938,"geometry":{"type":"Point","coordinates":[114.42799637457108,22.540775715834627]},"properties":{"OBJECTID":1938,"GEO_NAME_ID":"989","PLACE_CLASS":"Topographic","PLACE_TYPE":"Cape","DISTRICT":"TP"}},{"type":"Feature","id":1939,"geometry":{"type":"Point","coordinates":[114.26804260093242,22.394120263264295]},"properties":{"OBJECTID":1939,"GEO_NAME_ID":"990","PLACE_CLASS":"Settlement","PLACE_TYPE":"Village","DISTRICT":"SK"}},{"type":"Feature","id":1940,"geometry":{"type":"Point","coordinates":[113.99981998503303,22.225502479448963]},"properties":{"OBJECTID":1940,"GEO_NAME_ID":"991","PLACE_CLASS":"Settlement","PLACE_TYPE":"Village","DISTRICT":"ILD"}},{"type":"Feature","id":1941,"geometry":{"type":"Point","coordinates":[114.22950933269917,22.472774695107681]},"properties":{"OBJECTID":1941,"GEO_NAME_ID":"992","PLACE_CLASS":"Settlement","PLACE_TYPE":"Village","DISTRICT":"TP"}},{"type":"Feature","id":1942,"geometry":{"type":"Point","coordinates":[113.98540277392293,22.271145051378976]},"properties":{"OBJECTID":1942,"GEO_NAME_ID":"993","PLACE_CLASS":"Settlement","PLACE_TYPE":"Village","DISTRICT":"ILD"}},{"type":"Feature","id":1943,"geometry":{"type":"Point","coordinates":[114.37447844919578,22.416086626929115]},"properties":{"OBJECTID":1943,"GEO_NAME_ID":"994","PLACE_CLASS":"Settlement","PLACE_TYPE":"Village","DISTRICT":"SK"}},{"type":"Feature","id":1944,"geometry":{"type":"Point","coordinates":[114.1638186915079,22.539941751008435]},"properties":{"OBJECTID":1944,"GEO_NAME_ID":"995","PLACE_CLASS":"Settlement","PLACE_TYPE":"Area","DISTRICT":"NTH"}},{"type":"Feature","id":1945,"geometry":{"type":"Point","coordinates":[113.98390814307349,22.27145935433099]},"properties":{"OBJECTID":1945,"GEO_NAME_ID":"996","PLACE_CLASS":"Settlement","PLACE_TYPE":"Village","DISTRICT":"ILD"}},{"type":"Feature","id":1946,"geometry":{"type":"Point","coordinates":[114.29620882438692,22.353184635919209]},"properties":{"OBJECTID":1946,"GEO_NAME_ID":"998","PLACE_CLASS":"Topographic","PLACE_TYPE":"Cape","DISTRICT":"SK"}},{"type":"Feature","id":1947,"geometry":{"type":"Point","coordinates":[114.22972008041127,22.300887983102864]},"properties":{"OBJECTID":1947,"GEO_NAME_ID":"5091","PLACE_CLASS":"Settlement","PLACE_TYPE":"Area","DISTRICT":"KT"}},{"type":"Feature","id":1948,"geometry":{"type":"Point","coordinates":[114.2692543276854,22.551962207250718]},"properties":{"OBJECTID":1948,"GEO_NAME_ID":"4831","PLACE_CLASS":"Topographic","PLACE_TYPE":"Island","DISTRICT":"NTH"}},{"type":"Feature","id":1949,"geometry":{"type":"Point","coordinates":[114.12605326070549,22.508228653992038]},"properties":{"OBJECTID":1949,"GEO_NAME_ID":"501","PLACE_CLASS":"Settlement","PLACE_TYPE":"Village","DISTRICT":"NTH"}},{"type":"Feature","id":1950,"geometry":{"type":"Point","coordinates":[114.24655200873906,22.355453202518948]},"properties":{"OBJECTID":1950,"GEO_NAME_ID":"503","PLACE_CLASS":"Settlement","PLACE_TYPE":"Village","DISTRICT":"SK"}},{"type":"Feature","id":1951,"geometry":{"type":"Point","coordinates":[114.24805618615871,22.354206331983036]},"properties":{"OBJECTID":1951,"GEO_NAME_ID":"504","PLACE_CLASS":"Settlement","PLACE_TYPE":"Village","DISTRICT":"SK"}},{"type":"Feature","id":1952,"geometry":{"type":"Point","coordinates":[114.24255045531277,22.351896838219176]},"properties":{"OBJECTID":1952,"GEO_NAME_ID":"505","PLACE_CLASS":"Topographic","PLACE_TYPE":"Valley","DISTRICT":"SK"}},{"type":"Feature","id":1953,"geometry":{"type":"Point","coordinates":[114.04806214630948,22.440240410005803]},"properties":{"OBJECTID":1953,"GEO_NAME_ID":"506","PLACE_CLASS":"Topographic","PLACE_TYPE":"Hill","DISTRICT":"YL"}},{"type":"Feature","id":1954,"geometry":{"type":"Point","coordinates":[114.22205397239406,22.524232138388708]},"properties":{"OBJECTID":1954,"GEO_NAME_ID":"507","PLACE_CLASS":"Settlement","PLACE_TYPE":"Village","DISTRICT":"NTH"}},{"type":"Feature","id":1955,"geometry":{"type":"Point","coordinates":[114.18248808481972,22.41045497157376]},"properties":{"OBJECTID":1955,"GEO_NAME_ID":"508","PLACE_CLASS":"Settlement","PLACE_TYPE":"Village","DISTRICT":"ST"}},{"type":"Feature","id":1956,"geometry":{"type":"Point","coordinates":[114.19373324613912,22.476954465230893]},"properties":{"OBJECTID":1956,"GEO_NAME_ID":"509","PLACE_CLASS":"Settlement","PLACE_TYPE":"Village","DISTRICT":"TP"}},{"type":"Feature","id":1957,"geometry":{"type":"Point","coordinates":[114.17907757043844,22.31666381018211]},"properties":{"OBJECTID":1957,"GEO_NAME_ID":"510","PLACE_CLASS":"Settlement","PLACE_TYPE":"Area","DISTRICT":"KLC"}},{"type":"Feature","id":1958,"geometry":{"type":"Point","coordinates":[114.06725915597401,22.413605684608051]},"properties":{"OBJECTID":1958,"GEO_NAME_ID":"512","PLACE_CLASS":"Settlement","PLACE_TYPE":"Village","DISTRICT":"YL"}},{"type":"Feature","id":1959,"geometry":{"type":"Point","coordinates":[114.24240047836366,22.508078834568678]},"properties":{"OBJECTID":1959,"GEO_NAME_ID":"513","PLACE_CLASS":"Settlement","PLACE_TYPE":"Village","DISTRICT":"NTH"}},{"type":"Feature","id":1960,"geometry":{"type":"Point","coordinates":[114.12690886256595,22.37159809518678]},"properties":{"OBJECTID":1960,"GEO_NAME_ID":"515","PLACE_CLASS":"Settlement","PLACE_TYPE":"Village","DISTRICT":"TW"}},{"type":"Feature","id":1961,"geometry":{"type":"Point","coordinates":[114.10805480590844,22.511073558775024]},"properties":{"OBJECTID":1961,"GEO_NAME_ID":"516","PLACE_CLASS":"Settlement","PLACE_TYPE":"Village","DISTRICT":"NTH"}},{"type":"Feature","id":1962,"geometry":{"type":"Point","coordinates":[113.96460944076389,22.39989459134171]},"properties":{"OBJECTID":1962,"GEO_NAME_ID":"517","PLACE_CLASS":"Settlement","PLACE_TYPE":"Village","DISTRICT":"TM"}},{"type":"Feature","id":1963,"geometry":{"type":"Point","coordinates":[114.32849855817543,22.460548027383119]},"properties":{"OBJECTID":1963,"GEO_NAME_ID":"518","PLACE_CLASS":"Settlement","PLACE_TYPE":"Village","DISTRICT":"TP"}},{"type":"Feature","id":1964,"geometry":{"type":"Point","coordinates":[114.33264470940354,22.467027911659837]},"properties":{"OBJECTID":1964,"GEO_NAME_ID":"519","PLACE_CLASS":"Hydrographic","PLACE_TYPE":"Bay","DISTRICT":"TP"}},{"type":"Feature","id":1965,"geometry":{"type":"Point","coordinates":[114.1271783442527,22.378325923038339]},"properties":{"OBJECTID":1965,"GEO_NAME_ID":"521","PLACE_CLASS":"Settlement","PLACE_TYPE":"Village","DISTRICT":"TW"}},{"type":"Feature","id":1966,"geometry":{"type":"Point","coordinates":[114.12786022764662,22.372095065210537]},"properties":{"OBJECTID":1966,"GEO_NAME_ID":"522","PLACE_CLASS":"Settlement","PLACE_TYPE":"Village","DISTRICT":"TW"}},{"type":"Feature","id":1967,"geometry":{"type":"Point","coordinates":[114.12325559969219,22.378026664309125]},"properties":{"OBJECTID":1967,"GEO_NAME_ID":"523","PLACE_CLASS":"Settlement","PLACE_TYPE":"Village","DISTRICT":"TW"}},{"type":"Feature","id":1968,"geometry":{"type":"Point","coordinates":[114.12160555468556,22.376355462026048]},"properties":{"OBJECTID":1968,"GEO_NAME_ID":"524","PLACE_CLASS":"Settlement","PLACE_TYPE":"Village","DISTRICT":"TW"}},{"type":"Feature","id":1969,"geometry":{"type":"Point","coordinates":[114.20573446224499,22.527739675345977]},"properties":{"OBJECTID":1969,"GEO_NAME_ID":"525","PLACE_CLASS":"Settlement","PLACE_TYPE":"Village","DISTRICT":"NTH"}},{"type":"Feature","id":1970,"geometry":{"type":"Point","coordinates":[114.28903800102178,22.369805948675335]},"properties":{"OBJECTID":1970,"GEO_NAME_ID":"527","PLACE_CLASS":"Hydrographic","PLACE_TYPE":"Bay","DISTRICT":"SK"}},{"type":"Feature","id":1971,"geometry":{"type":"Point","coordinates":[114.43849084289994,22.538365966732474]},"properties":{"OBJECTID":1971,"GEO_NAME_ID":"528","PLACE_CLASS":"Topographic","PLACE_TYPE":"Hill","DISTRICT":"TP"}},{"type":"Feature","id":1972,"geometry":{"type":"Point","coordinates":[114.17636902387417,22.506331249502377]},"properties":{"OBJECTID":1972,"GEO_NAME_ID":"530","PLACE_CLASS":"Settlement","PLACE_TYPE":"Village","DISTRICT":"NTH"}},{"type":"Feature","id":1973,"geometry":{"type":"Point","coordinates":[114.17425038554569,22.501192937872322]},"properties":{"OBJECTID":1973,"GEO_NAME_ID":"531","PLACE_CLASS":"Settlement","PLACE_TYPE":"Village","DISTRICT":"NTH"}},{"type":"Feature","id":1974,"geometry":{"type":"Point","coordinates":[114.3506682807204,22.271544107962672]},"properties":{"OBJECTID":1974,"GEO_NAME_ID":"532","PLACE_CLASS":"Topographic","PLACE_TYPE":"Island","DISTRICT":"SK"}},{"type":"Feature","id":1975,"geometry":{"type":"Point","coordinates":[114.24198975914602,22.210441231292876]},"properties":{"OBJECTID":1975,"GEO_NAME_ID":"533","PLACE_CLASS":"Settlement","PLACE_TYPE":"Village","DISTRICT":"STH"}},{"type":"Feature","id":1976,"geometry":{"type":"Point","coordinates":[114.24555804599052,22.208913573319027]},"properties":{"OBJECTID":1976,"GEO_NAME_ID":"534","PLACE_CLASS":"Settlement","PLACE_TYPE":"Village","DISTRICT":"STH"}},{"type":"Feature","id":1977,"geometry":{"type":"Point","coordinates":[114.25952281013441,22.207453133013253]},"properties":{"OBJECTID":1977,"GEO_NAME_ID":"535","PLACE_CLASS":"Hydrographic","PLACE_TYPE":"Bay","DISTRICT":"STH"}},{"type":"Feature","id":1978,"geometry":{"type":"Point","coordinates":[114.32086162484772,22.535308477500841]},"properties":{"OBJECTID":1978,"GEO_NAME_ID":"536","PLACE_CLASS":"Topographic","PLACE_TYPE":"Cape","DISTRICT":"NTH"}},{"type":"Feature","id":1979,"geometry":{"type":"Point","coordinates":[114.19678268037384,22.260753979192028]},"properties":{"OBJECTID":1979,"GEO_NAME_ID":"539","PLACE_CLASS":"Topographic","PLACE_TYPE":"Island","DISTRICT":"STH"}},{"type":"Feature","id":1980,"geometry":{"type":"Point","coordinates":[113.99187772065812,22.452449131439522]},"properties":{"OBJECTID":1980,"GEO_NAME_ID":"543","PLACE_CLASS":"Settlement","PLACE_TYPE":"Village","DISTRICT":"YL"}},{"type":"Feature","id":1981,"geometry":{"type":"Point","coordinates":[114.09104009943484,22.532062998002033]},"properties":{"OBJECTID":1981,"GEO_NAME_ID":"546","PLACE_CLASS":"Settlement","PLACE_TYPE":"Area","DISTRICT":"NTH"}},{"type":"Feature","id":1982,"geometry":{"type":"Point","coordinates":[114.23404229078717,22.484982270799403]},"properties":{"OBJECTID":1982,"GEO_NAME_ID":"547","PLACE_CLASS":"Topographic","PLACE_TYPE":"Hill","DISTRICT":"TP"}},{"type":"Feature","id":1983,"geometry":{"type":"Point","coordinates":[114.19436345807871,22.54307485503238]},"properties":{"OBJECTID":1983,"GEO_NAME_ID":"548","PLACE_CLASS":"Topographic","PLACE_TYPE":"Hill","DISTRICT":"NTH"}},{"type":"Feature","id":1984,"geometry":{"type":"Point","coordinates":[114.31023341205059,22.531985443068354]},"properties":{"OBJECTID":1984,"GEO_NAME_ID":"549","PLACE_CLASS":"Topographic","PLACE_TYPE":"Hill","DISTRICT":"NTH"}},{"type":"Feature","id":1985,"geometry":{"type":"Point","coordinates":[113.98080823167768,22.281849866961938]},"properties":{"OBJECTID":1985,"GEO_NAME_ID":"550","PLACE_CLASS":"Settlement","PLACE_TYPE":"Area","DISTRICT":"ILD"}},{"type":"Feature","id":1986,"geometry":{"type":"Point","coordinates":[114.2639960103821,22.383276851943677]},"properties":{"OBJECTID":1986,"GEO_NAME_ID":"551","PLACE_CLASS":"Settlement","PLACE_TYPE":"Village","DISTRICT":"SK"}},{"type":"Feature","id":1987,"geometry":{"type":"Point","coordinates":[114.18565730445519,22.304183290247448]},"properties":{"OBJECTID":1987,"GEO_NAME_ID":"552","PLACE_CLASS":"Settlement","PLACE_TYPE":"Area","DISTRICT":"KLC"}},{"type":"Feature","id":1988,"geometry":{"type":"Point","coordinates":[114.16797126129032,22.515388478226587]},"properties":{"OBJECTID":1988,"GEO_NAME_ID":"554","PLACE_CLASS":"Settlement","PLACE_TYPE":"Village","DISTRICT":"NTH"}},{"type":"Feature","id":1989,"geometry":{"type":"Point","coordinates":[114.14213349202042,22.527729494956361]},"properties":{"OBJECTID":1989,"GEO_NAME_ID":"555","PLACE_CLASS":"Settlement","PLACE_TYPE":"Area","DISTRICT":"NTH"}},{"type":"Feature","id":1990,"geometry":{"type":"Point","coordinates":[114.18180664185785,22.3659164790087]},"properties":{"OBJECTID":1990,"GEO_NAME_ID":"556","PLACE_CLASS":"Settlement","PLACE_TYPE":"Village","DISTRICT":"ST"}},{"type":"Feature","id":1991,"geometry":{"type":"Point","coordinates":[114.29061825604825,22.509830976295081]},"properties":{"OBJECTID":1991,"GEO_NAME_ID":"557","PLACE_CLASS":"Topographic","PLACE_TYPE":"Reef","DISTRICT":"NTH"}},{"type":"Feature","id":1992,"geometry":{"type":"Point","coordinates":[114.28648676197754,22.49644179031031]},"properties":{"OBJECTID":1992,"GEO_NAME_ID":"558","PLACE_CLASS":"Topographic","PLACE_TYPE":"Pass","DISTRICT":"TP"}},{"type":"Feature","id":1993,"geometry":{"type":"Point","coordinates":[114.2939535280522,22.500175115034661]},"properties":{"OBJECTID":1993,"GEO_NAME_ID":"559","PLACE_CLASS":"Settlement","PLACE_TYPE":"Village","DISTRICT":"NTH"}},{"type":"Feature","id":1994,"geometry":{"type":"Point","coordinates":[114.11963997339495,22.219709737129868]},"properties":{"OBJECTID":1994,"GEO_NAME_ID":"560","PLACE_CLASS":"Settlement","PLACE_TYPE":"Village","DISTRICT":"ILD"}},{"type":"Feature","id":1995,"geometry":{"type":"Point","coordinates":[113.99288519672572,22.432547229179413]},"properties":{"OBJECTID":1995,"GEO_NAME_ID":"563","PLACE_CLASS":"Settlement","PLACE_TYPE":"Village","DISTRICT":"YL"}},{"type":"Feature","id":1996,"geometry":{"type":"Point","coordinates":[114.03085514060318,22.424458607828264]},"properties":{"OBJECTID":1996,"GEO_NAME_ID":"564","PLACE_CLASS":"Settlement","PLACE_TYPE":"Village","DISTRICT":"YL"}},{"type":"Feature","id":1997,"geometry":{"type":"Point","coordinates":[114.27822061029335,22.314636368291996]},"properties":{"OBJECTID":1997,"GEO_NAME_ID":"565","PLACE_CLASS":"Settlement","PLACE_TYPE":"Village","DISTRICT":"SK"}},{"type":"Feature","id":1998,"geometry":{"type":"Point","coordinates":[114.00338429424039,22.441571219191516]},"properties":{"OBJECTID":1998,"GEO_NAME_ID":"566","PLACE_CLASS":"Settlement","PLACE_TYPE":"Village","DISTRICT":"YL"}},{"type":"Feature","id":1999,"geometry":{"type":"Point","coordinates":[114.35775069339837,22.496440755050497]},"properties":{"OBJECTID":1999,"GEO_NAME_ID":"567","PLACE_CLASS":"Topographic","PLACE_TYPE":"Cape","DISTRICT":"TP"}},{"type":"Feature","id":2000,"geometry":{"type":"Point","coordinates":[114.28262772213847,22.367101106741558]},"properties":{"OBJECTID":2000,"GEO_NAME_ID":"568","PLACE_CLASS":"Hydrographic","PLACE_TYPE":"Harbour","DISTRICT":"SK"}},{"type":"Feature","id":2001,"geometry":{"type":"Point","coordinates":[114.25313266604952,22.227233491400725]},"properties":{"OBJECTID":2001,"GEO_NAME_ID":"569","PLACE_CLASS":"Hydrographic","PLACE_TYPE":"Bay","DISTRICT":"STH"}},{"type":"Feature","id":2002,"geometry":{"type":"Point","coordinates":[114.30205644171227,22.269737584209881]},"properties":{"OBJECTID":2002,"GEO_NAME_ID":"570","PLACE_CLASS":"Hydrographic","PLACE_TYPE":"Bay","DISTRICT":"SK"}},{"type":"Feature","id":2003,"geometry":{"type":"Point","coordinates":[114.15137660011007,22.266803750794299]},"properties":{"OBJECTID":2003,"GEO_NAME_ID":"571","PLACE_CLASS":"Topographic","PLACE_TYPE":"Pass","DISTRICT":"CW"}},{"type":"Feature","id":2004,"geometry":{"type":"Point","coordinates":[114.19536722312098,22.268520510091523]},"properties":{"OBJECTID":2004,"GEO_NAME_ID":"572","PLACE_CLASS":"Settlement","PLACE_TYPE":"Area","DISTRICT":"WC"}},{"type":"Feature","id":2005,"geometry":{"type":"Point","coordinates":[114.19836494039257,22.266289569291146]},"properties":{"OBJECTID":2005,"GEO_NAME_ID":"573","PLACE_CLASS":"Topographic","PLACE_TYPE":"Hill","DISTRICT":"EST"}},{"type":"Feature","id":2006,"geometry":{"type":"Point","coordinates":[114.32434245532673,22.333790931541092]},"properties":{"OBJECTID":2006,"GEO_NAME_ID":"575","PLACE_CLASS":"Topographic","PLACE_TYPE":"Island","DISTRICT":"SK"}},{"type":"Feature","id":2007,"geometry":{"type":"Point","coordinates":[114.22193135129972,22.325272737464228]},"properties":{"OBJECTID":2007,"GEO_NAME_ID":"576","PLACE_CLASS":"Settlement","PLACE_TYPE":"Area","DISTRICT":"KT"}},{"type":"Feature","id":2008,"geometry":{"type":"Point","coordinates":[114.28866502677337,22.26730908422574]},"properties":{"OBJECTID":2008,"GEO_NAME_ID":"577","PLACE_CLASS":"Hydrographic","PLACE_TYPE":"Bay","DISTRICT":"SK"}},{"type":"Feature","id":2009,"geometry":{"type":"Point","coordinates":[114.25918503107854,22.293244617890398]},"properties":{"OBJECTID":2009,"GEO_NAME_ID":"579","PLACE_CLASS":"Hydrographic","PLACE_TYPE":"Bay","DISTRICT":"SK"}},{"type":"Feature","id":2010,"geometry":{"type":"Point","coordinates":[114.03281877832514,22.356921303434049]},"properties":{"OBJECTID":2010,"GEO_NAME_ID":"580","PLACE_CLASS":"Settlement","PLACE_TYPE":"Village","DISTRICT":"TW"}},{"type":"Feature","id":2011,"geometry":{"type":"Point","coordinates":[114.32447448244349,22.366978042783394]},"properties":{"OBJECTID":2011,"GEO_NAME_ID":"584","PLACE_CLASS":"Topographic","PLACE_TYPE":"Island","DISTRICT":"SK"}},{"type":"Feature","id":2012,"geometry":{"type":"Point","coordinates":[114.16639622300016,22.521556128265726]},"properties":{"OBJECTID":2012,"GEO_NAME_ID":"585","PLACE_CLASS":"Settlement","PLACE_TYPE":"Village","DISTRICT":"NTH"}},{"type":"Feature","id":2013,"geometry":{"type":"Point","coordinates":[114.23670924107377,22.359222879950536]},"properties":{"OBJECTID":2013,"GEO_NAME_ID":"586","PLACE_CLASS":"Settlement","PLACE_TYPE":"Village","DISTRICT":"SK"}},{"type":"Feature","id":2014,"geometry":{"type":"Point","coordinates":[114.21983782256784,22.52442238315454]},"properties":{"OBJECTID":2014,"GEO_NAME_ID":"587","PLACE_CLASS":"Settlement","PLACE_TYPE":"Village","DISTRICT":"NTH"}},{"type":"Feature","id":2015,"geometry":{"type":"Point","coordinates":[114.08404582936198,22.463818939278777]},"properties":{"OBJECTID":2015,"GEO_NAME_ID":"588","PLACE_CLASS":"Topographic","PLACE_TYPE":"Hill","DISTRICT":"YL"}},{"type":"Feature","id":2016,"geometry":{"type":"Point","coordinates":[114.30230603171165,22.547993569593089]},"properties":{"OBJECTID":2016,"GEO_NAME_ID":"589","PLACE_CLASS":"Topographic","PLACE_TYPE":"Hill","DISTRICT":"NTH"}},{"type":"Feature","id":2017,"geometry":{"type":"Point","coordinates":[114.29024056179341,22.415969029668155]},"properties":{"OBJECTID":2017,"GEO_NAME_ID":"590","PLACE_CLASS":"Topographic","PLACE_TYPE":"Hill","DISTRICT":"TP"}},{"type":"Feature","id":2018,"geometry":{"type":"Point","coordinates":[113.8435625387735,22.229510830226385]},"properties":{"OBJECTID":2018,"GEO_NAME_ID":"591","PLACE_CLASS":"Topographic","PLACE_TYPE":"Hill","DISTRICT":"ILD"}},{"type":"Feature","id":2019,"geometry":{"type":"Point","coordinates":[114.31708522799836,22.549940942747394]},"properties":{"OBJECTID":2019,"GEO_NAME_ID":"592","PLACE_CLASS":"Topographic","PLACE_TYPE":"Cape","DISTRICT":"NTH"}},{"type":"Feature","id":2020,"geometry":{"type":"Point","coordinates":[114.12976108274987,22.493907582101787]},"properties":{"OBJECTID":2020,"GEO_NAME_ID":"593","PLACE_CLASS":"Settlement","PLACE_TYPE":"Village","DISTRICT":"NTH"}},{"type":"Feature","id":2021,"geometry":{"type":"Point","coordinates":[114.2963674132025,22.447860183732772]},"properties":{"OBJECTID":2021,"GEO_NAME_ID":"595","PLACE_CLASS":"Topographic","PLACE_TYPE":"Hill","DISTRICT":"TP"}},{"type":"Feature","id":2022,"geometry":{"type":"Point","coordinates":[114.30301225488138,22.544173188950985]},"properties":{"OBJECTID":2022,"GEO_NAME_ID":"596","PLACE_CLASS":"Topographic","PLACE_TYPE":"Cave","DISTRICT":"NTH"}},{"type":"Feature","id":2023,"geometry":{"type":"Point","coordinates":[114.01611980527748,22.458507412447389]},"properties":{"OBJECTID":2023,"GEO_NAME_ID":"597","PLACE_CLASS":"Topographic","PLACE_TYPE":"Hill","DISTRICT":"YL"}},{"type":"Feature","id":2024,"geometry":{"type":"Point","coordinates":[114.36469822423805,22.329559000692043]},"properties":{"OBJECTID":2024,"GEO_NAME_ID":"602","PLACE_CLASS":"Settlement","PLACE_TYPE":"Village","DISTRICT":"SK"}},{"type":"Feature","id":2025,"geometry":{"type":"Point","coordinates":[114.28951727898892,22.241119596889142]},"properties":{"OBJECTID":2025,"GEO_NAME_ID":"604","PLACE_CLASS":"Hydrographic","PLACE_TYPE":"Bay","DISTRICT":"SK"}},{"type":"Feature","id":2026,"geometry":{"type":"Point","coordinates":[114.26240636049722,22.393243619106062]},"properties":{"OBJECTID":2026,"GEO_NAME_ID":"605","PLACE_CLASS":"Settlement","PLACE_TYPE":"Village","DISTRICT":"SK"}},{"type":"Feature","id":2027,"geometry":{"type":"Point","coordinates":[114.18429225983041,22.36714453728742]},"properties":{"OBJECTID":2027,"GEO_NAME_ID":"606","PLACE_CLASS":"Settlement","PLACE_TYPE":"Village","DISTRICT":"ST"}},{"type":"Feature","id":2028,"geometry":{"type":"Point","coordinates":[114.18563217890396,22.367767577333058]},"properties":{"OBJECTID":2028,"GEO_NAME_ID":"607","PLACE_CLASS":"Settlement","PLACE_TYPE":"Village","DISTRICT":"ST"}},{"type":"Feature","id":2029,"geometry":{"type":"Point","coordinates":[114.09107555910236,22.347567386172312]},"properties":{"OBJECTID":2029,"GEO_NAME_ID":"608","PLACE_CLASS":"Settlement","PLACE_TYPE":"Area","DISTRICT":"KC"}},{"type":"Feature","id":2030,"geometry":{"type":"Point","coordinates":[114.27666816725092,22.492050371831468]},"properties":{"OBJECTID":2030,"GEO_NAME_ID":"609","PLACE_CLASS":"Settlement","PLACE_TYPE":"Area","DISTRICT":"TP"}},{"type":"Feature","id":2031,"geometry":{"type":"Point","coordinates":[114.32302449063359,22.326567676207439]},"properties":{"OBJECTID":2031,"GEO_NAME_ID":"610","PLACE_CLASS":"Topographic","PLACE_TYPE":"Cape","DISTRICT":"SK"}},{"type":"Feature","id":2032,"geometry":{"type":"Point","coordinates":[114.06169842919931,22.443447487771298]},"properties":{"OBJECTID":2032,"GEO_NAME_ID":"612","PLACE_CLASS":"Settlement","PLACE_TYPE":"Village","DISTRICT":"YL"}},{"type":"Feature","id":2033,"geometry":{"type":"Point","coordinates":[114.39203547929833,22.420182080194397]},"properties":{"OBJECTID":2033,"GEO_NAME_ID":"613","PLACE_CLASS":"Hydrographic","PLACE_TYPE":"Bay","DISTRICT":"SK"}},{"type":"Feature","id":2034,"geometry":{"type":"Point","coordinates":[114.36279889412536,22.383148297340064]},"properties":{"OBJECTID":2034,"GEO_NAME_ID":"614","PLACE_CLASS":"Topographic","PLACE_TYPE":"Hill","DISTRICT":"SK"}},{"type":"Feature","id":2035,"geometry":{"type":"Point","coordinates":[114.10865833988204,22.22439243928379]},"properties":{"OBJECTID":2035,"GEO_NAME_ID":"615","PLACE_CLASS":"Settlement","PLACE_TYPE":"Area","DISTRICT":"ILD"}},{"type":"Feature","id":2036,"geometry":{"type":"Point","coordinates":[114.33882826500673,22.353237917963224]},"properties":{"OBJECTID":2036,"GEO_NAME_ID":"616","PLACE_CLASS":"Hydrographic","PLACE_TYPE":"Bay","DISTRICT":"SK"}},{"type":"Feature","id":2037,"geometry":{"type":"Point","coordinates":[114.15999959886875,22.448219626883365]},"properties":{"OBJECTID":2037,"GEO_NAME_ID":"618","PLACE_CLASS":"Settlement","PLACE_TYPE":"Village","DISTRICT":"TP"}},{"type":"Feature","id":2038,"geometry":{"type":"Point","coordinates":[114.15787187420571,22.449393349398765]},"properties":{"OBJECTID":2038,"GEO_NAME_ID":"619","PLACE_CLASS":"Settlement","PLACE_TYPE":"Village","DISTRICT":"TP"}},{"type":"Feature","id":2039,"geometry":{"type":"Point","coordinates":[114.06462314290599,22.442663898575198]},"properties":{"OBJECTID":2039,"GEO_NAME_ID":"620","PLACE_CLASS":"Settlement","PLACE_TYPE":"Area","DISTRICT":"YL"}},{"type":"Feature","id":2040,"geometry":{"type":"Point","coordinates":[114.0568223825819,22.442676348882216]},"properties":{"OBJECTID":2040,"GEO_NAME_ID":"621","PLACE_CLASS":"Hydrographic","PLACE_TYPE":"River","DISTRICT":"YL"}},{"type":"Feature","id":2041,"geometry":{"type":"Point","coordinates":[114.06215732200148,22.440639346093885]},"properties":{"OBJECTID":2041,"GEO_NAME_ID":"622","PLACE_CLASS":"Settlement","PLACE_TYPE":"Village","DISTRICT":"YL"}},{"type":"Feature","id":2042,"geometry":{"type":"Point","coordinates":[114.06658684994591,22.440922375477427]},"properties":{"OBJECTID":2042,"GEO_NAME_ID":"623","PLACE_CLASS":"Settlement","PLACE_TYPE":"Village","DISTRICT":"YL"}},{"type":"Feature","id":2043,"geometry":{"type":"Point","coordinates":[114.11165333929304,22.500177397325533]},"properties":{"OBJECTID":2043,"GEO_NAME_ID":"624","PLACE_CLASS":"Settlement","PLACE_TYPE":"Village","DISTRICT":"NTH"}},{"type":"Feature","id":2044,"geometry":{"type":"Point","coordinates":[114.07451011222787,22.43269181825951]},"properties":{"OBJECTID":2044,"GEO_NAME_ID":"625","PLACE_CLASS":"Settlement","PLACE_TYPE":"Village","DISTRICT":"YL"}},{"type":"Feature","id":2045,"geometry":{"type":"Point","coordinates":[114.1475910484116,22.506924599634139]},"properties":{"OBJECTID":2045,"GEO_NAME_ID":"627","PLACE_CLASS":"Settlement","PLACE_TYPE":"Village","DISTRICT":"NTH"}},{"type":"Feature","id":2046,"geometry":{"type":"Point","coordinates":[113.84334370971266,22.219504489869195]},"properties":{"OBJECTID":2046,"GEO_NAME_ID":"628","PLACE_CLASS":"Topographic","PLACE_TYPE":"Pass","DISTRICT":"ILD"}},{"type":"Feature","id":2047,"geometry":{"type":"Point","coordinates":[114.17249088653804,22.514982296877786]},"properties":{"OBJECTID":2047,"GEO_NAME_ID":"629","PLACE_CLASS":"Settlement","PLACE_TYPE":"Village","DISTRICT":"NTH"}},{"type":"Feature","id":2048,"geometry":{"type":"Point","coordinates":[114.15016031799439,22.539560790845869]},"properties":{"OBJECTID":2048,"GEO_NAME_ID":"630","PLACE_CLASS":"Settlement","PLACE_TYPE":"Village","DISTRICT":"NTH"}},{"type":"Feature","id":2049,"geometry":{"type":"Point","coordinates":[114.44141087321636,22.540302702663386]},"properties":{"OBJECTID":2049,"GEO_NAME_ID":"631","PLACE_CLASS":"Topographic","PLACE_TYPE":"Cape","DISTRICT":"TP"}},{"type":"Feature","id":2050,"geometry":{"type":"Point","coordinates":[114.29721112874746,22.502367096225043]},"properties":{"OBJECTID":2050,"GEO_NAME_ID":"632","PLACE_CLASS":"Topographic","PLACE_TYPE":"Cape","DISTRICT":"NTH"}},{"type":"Feature","id":2051,"geometry":{"type":"Point","coordinates":[114.32767648944781,22.356066215350843]},"properties":{"OBJECTID":2051,"GEO_NAME_ID":"633","PLACE_CLASS":"Topographic","PLACE_TYPE":"Cape","DISTRICT":"SK"}},{"type":"Feature","id":2052,"geometry":{"type":"Point","coordinates":[114.10437712501542,22.419722164275885]},"properties":{"OBJECTID":2052,"GEO_NAME_ID":"634","PLACE_CLASS":"Settlement","PLACE_TYPE":"Village","DISTRICT":"YL"}},{"type":"Feature","id":2053,"geometry":{"type":"Point","coordinates":[114.36306816680268,22.403060194234669]},"properties":{"OBJECTID":2053,"GEO_NAME_ID":"635","PLACE_CLASS":"Hydrographic","PLACE_TYPE":"Stream","DISTRICT":"SK"}},{"type":"Feature","id":2054,"geometry":{"type":"Point","coordinates":[114.2684737683025,22.385215938139751]},"properties":{"OBJECTID":2054,"GEO_NAME_ID":"636","PLACE_CLASS":"Settlement","PLACE_TYPE":"Village","DISTRICT":"SK"}},{"type":"Feature","id":2055,"geometry":{"type":"Point","coordinates":[114.26415234586064,22.384830016303031]},"properties":{"OBJECTID":2055,"GEO_NAME_ID":"637","PLACE_CLASS":"Settlement","PLACE_TYPE":"Village","DISTRICT":"SK"}},{"type":"Feature","id":2056,"geometry":{"type":"Point","coordinates":[113.99590872264942,22.370556466128093]},"properties":{"OBJECTID":2056,"GEO_NAME_ID":"639","PLACE_CLASS":"Settlement","PLACE_TYPE":"Area","DISTRICT":"TM"}},{"type":"Feature","id":2057,"geometry":{"type":"Point","coordinates":[114.06397479152457,22.439547942683561]},"properties":{"OBJECTID":2057,"GEO_NAME_ID":"640","PLACE_CLASS":"Settlement","PLACE_TYPE":"Village","DISTRICT":"YL"}},{"type":"Feature","id":2058,"geometry":{"type":"Point","coordinates":[114.28897080825649,22.551922579268606]},"properties":{"OBJECTID":2058,"GEO_NAME_ID":"641","PLACE_CLASS":"Settlement","PLACE_TYPE":"Village","DISTRICT":"NTH"}},{"type":"Feature","id":2059,"geometry":{"type":"Point","coordinates":[114.30280879808636,22.544940926316695]},"properties":{"OBJECTID":2059,"GEO_NAME_ID":"642","PLACE_CLASS":"Topographic","PLACE_TYPE":"Cape","DISTRICT":"NTH"}},{"type":"Feature","id":2060,"geometry":{"type":"Point","coordinates":[114.29179505020839,22.54600572184]},"properties":{"OBJECTID":2060,"GEO_NAME_ID":"643","PLACE_CLASS":"Settlement","PLACE_TYPE":"Village","DISTRICT":"NTH"}},{"type":"Feature","id":2061,"geometry":{"type":"Point","coordinates":[114.29015471878729,22.549239743075084]},"properties":{"OBJECTID":2061,"GEO_NAME_ID":"644","PLACE_CLASS":"Hydrographic","PLACE_TYPE":"Bay","DISTRICT":"NTH"}},{"type":"Feature","id":2062,"geometry":{"type":"Point","coordinates":[114.16275499043127,22.484260340372519]},"properties":{"OBJECTID":2062,"GEO_NAME_ID":"645","PLACE_CLASS":"Topographic","PLACE_TYPE":"Pass","DISTRICT":"TP"}},{"type":"Feature","id":2063,"geometry":{"type":"Point","coordinates":[114.12102917897258,22.214056998257718]},"properties":{"OBJECTID":2063,"GEO_NAME_ID":"646","PLACE_CLASS":"Hydrographic","PLACE_TYPE":"Bay","DISTRICT":"ILD"}},{"type":"Feature","id":2064,"geometry":{"type":"Point","coordinates":[114.32630141041122,22.350269886584588]},"properties":{"OBJECTID":2064,"GEO_NAME_ID":"647","PLACE_CLASS":"Hydrographic","PLACE_TYPE":"Bay","DISTRICT":"SK"}},{"type":"Feature","id":2065,"geometry":{"type":"Point","coordinates":[113.97831183282815,22.400273214960396]},"properties":{"OBJECTID":2065,"GEO_NAME_ID":"648","PLACE_CLASS":"Settlement","PLACE_TYPE":"Village","DISTRICT":"TM"}},{"type":"Feature","id":2066,"geometry":{"type":"Point","coordinates":[114.02608503283311,22.199294782168085]},"properties":{"OBJECTID":2066,"GEO_NAME_ID":"649","PLACE_CLASS":"Settlement","PLACE_TYPE":"Village","DISTRICT":"ILD"}},{"type":"Feature","id":2067,"geometry":{"type":"Point","coordinates":[113.99105474016775,22.443047521899899]},"properties":{"OBJECTID":2067,"GEO_NAME_ID":"650","PLACE_CLASS":"Settlement","PLACE_TYPE":"Village","DISTRICT":"YL"}},{"type":"Feature","id":2068,"geometry":{"type":"Point","coordinates":[113.86449642723782,22.202307018796137]},"properties":{"OBJECTID":2068,"GEO_NAME_ID":"651","PLACE_CLASS":"Topographic","PLACE_TYPE":"Cape","DISTRICT":"ILD"}},{"type":"Feature","id":2069,"geometry":{"type":"Point","coordinates":[113.91985757798493,22.289404697868108]},"properties":{"OBJECTID":2069,"GEO_NAME_ID":"652","PLACE_CLASS":"Settlement","PLACE_TYPE":"Village","DISTRICT":"ILD"}},{"type":"Feature","id":2070,"geometry":{"type":"Point","coordinates":[114.14493887354989,22.459658925208615]},"properties":{"OBJECTID":2070,"GEO_NAME_ID":"653","PLACE_CLASS":"Settlement","PLACE_TYPE":"Village","DISTRICT":"TP"}},{"type":"Feature","id":2071,"geometry":{"type":"Point","coordinates":[114.26564618631988,22.534851750238854]},"properties":{"OBJECTID":2071,"GEO_NAME_ID":"654","PLACE_CLASS":"Topographic","PLACE_TYPE":"Cape","DISTRICT":"NTH"}},{"type":"Feature","id":2072,"geometry":{"type":"Point","coordinates":[114.15998590346052,22.481135551934699]},"properties":{"OBJECTID":2072,"GEO_NAME_ID":"655","PLACE_CLASS":"Settlement","PLACE_TYPE":"Village","DISTRICT":"TP"}},{"type":"Feature","id":2073,"geometry":{"type":"Point","coordinates":[114.1585870653082,22.477785115303263]},"properties":{"OBJECTID":2073,"GEO_NAME_ID":"656","PLACE_CLASS":"Settlement","PLACE_TYPE":"Village","DISTRICT":"TP"}},{"type":"Feature","id":2074,"geometry":{"type":"Point","coordinates":[114.26710338933323,22.533406083908346]},"properties":{"OBJECTID":2074,"GEO_NAME_ID":"657","PLACE_CLASS":"Topographic","PLACE_TYPE":"Cape","DISTRICT":"NTH"}},{"type":"Feature","id":2075,"geometry":{"type":"Point","coordinates":[113.91799216821839,22.237882223039236]},"properties":{"OBJECTID":2075,"GEO_NAME_ID":"658","PLACE_CLASS":"Topographic","PLACE_TYPE":"Hill","DISTRICT":"ILD"}},{"type":"Feature","id":2076,"geometry":{"type":"Point","coordinates":[114.26034547756481,22.204608038269605]},"properties":{"OBJECTID":2076,"GEO_NAME_ID":"659","PLACE_CLASS":"Topographic","PLACE_TYPE":"Island","DISTRICT":"STH"}},{"type":"Feature","id":2077,"geometry":{"type":"Point","coordinates":[114.05626743633637,22.353996504064337]},"properties":{"OBJECTID":2077,"GEO_NAME_ID":"660","PLACE_CLASS":"Settlement","PLACE_TYPE":"Area","DISTRICT":"TW"}},{"type":"Feature","id":2078,"geometry":{"type":"Point","coordinates":[114.32070175531915,22.342671238794221]},"properties":{"OBJECTID":2078,"GEO_NAME_ID":"661","PLACE_CLASS":"Settlement","PLACE_TYPE":"Village","DISTRICT":"SK"}},{"type":"Feature","id":2079,"geometry":{"type":"Point","coordinates":[114.31407834549169,22.359582158338569]},"properties":{"OBJECTID":2079,"GEO_NAME_ID":"662","PLACE_CLASS":"Topographic","PLACE_TYPE":"Island","DISTRICT":"SK"}},{"type":"Feature","id":2080,"geometry":{"type":"Point","coordinates":[114.25867348520092,22.364559348186077]},"properties":{"OBJECTID":2080,"GEO_NAME_ID":"663","PLACE_CLASS":"Settlement","PLACE_TYPE":"Village","DISTRICT":"SK"}},{"type":"Feature","id":2081,"geometry":{"type":"Point","coordinates":[114.31396711792013,22.345133388756192]},"properties":{"OBJECTID":2081,"GEO_NAME_ID":"664","PLACE_CLASS":"Hydrographic","PLACE_TYPE":"Bay","DISTRICT":"SK"}},{"type":"Feature","id":2082,"geometry":{"type":"Point","coordinates":[113.86230990038733,22.260857173131129]},"properties":{"OBJECTID":2082,"GEO_NAME_ID":"665","PLACE_CLASS":"Topographic","PLACE_TYPE":"Cape","DISTRICT":"ILD"}},{"type":"Feature","id":2083,"geometry":{"type":"Point","coordinates":[114.01985527800265,22.272437258639858]},"properties":{"OBJECTID":2083,"GEO_NAME_ID":"666","PLACE_CLASS":"Settlement","PLACE_TYPE":"Village","DISTRICT":"ILD"}},{"type":"Feature","id":2084,"geometry":{"type":"Point","coordinates":[114.32143763831087,22.340837382066987]},"properties":{"OBJECTID":2084,"GEO_NAME_ID":"668","PLACE_CLASS":"Settlement","PLACE_TYPE":"Area","DISTRICT":"SK"}},{"type":"Feature","id":2085,"geometry":{"type":"Point","coordinates":[114.24638290768837,22.503291061717626]},"properties":{"OBJECTID":2085,"GEO_NAME_ID":"669","PLACE_CLASS":"Settlement","PLACE_TYPE":"Village","DISTRICT":"NTH"}},{"type":"Feature","id":2086,"geometry":{"type":"Point","coordinates":[114.26818584290997,22.553407669898089]},"properties":{"OBJECTID":2086,"GEO_NAME_ID":"670","PLACE_CLASS":"Topographic","PLACE_TYPE":"Rock","DISTRICT":"NTH"}},{"type":"Feature","id":2087,"geometry":{"type":"Point","coordinates":[114.20097988748189,22.40824982659451]},"properties":{"OBJECTID":2087,"GEO_NAME_ID":"671","PLACE_CLASS":"Hydrographic","PLACE_TYPE":"Stream","DISTRICT":"ST"}},{"type":"Feature","id":2088,"geometry":{"type":"Point","coordinates":[114.20224280063212,22.410100884324073]},"properties":{"OBJECTID":2088,"GEO_NAME_ID":"672","PLACE_CLASS":"Settlement","PLACE_TYPE":"Village","DISTRICT":"ST"}},{"type":"Feature","id":2089,"geometry":{"type":"Point","coordinates":[114.2380845433953,22.351591549909209]},"properties":{"OBJECTID":2089,"GEO_NAME_ID":"673","PLACE_CLASS":"Settlement","PLACE_TYPE":"Village","DISTRICT":"SK"}},{"type":"Feature","id":2090,"geometry":{"type":"Point","coordinates":[114.32416221692763,22.34702085174667]},"properties":{"OBJECTID":2090,"GEO_NAME_ID":"674","PLACE_CLASS":"Hydrographic","PLACE_TYPE":"Bay","DISTRICT":"SK"}},{"type":"Feature","id":2091,"geometry":{"type":"Point","coordinates":[114.13668426613732,22.345204519470556]},"properties":{"OBJECTID":2091,"GEO_NAME_ID":"675","PLACE_CLASS":"Settlement","PLACE_TYPE":"Village","DISTRICT":"KC"}},{"type":"Feature","id":2092,"geometry":{"type":"Point","coordinates":[114.1350240816646,22.345736902774465]},"properties":{"OBJECTID":2092,"GEO_NAME_ID":"676","PLACE_CLASS":"Settlement","PLACE_TYPE":"Village","DISTRICT":"KC"}},{"type":"Feature","id":2093,"geometry":{"type":"Point","coordinates":[114.07675341424095,22.28402342884365]},"properties":{"OBJECTID":2093,"GEO_NAME_ID":"677","PLACE_CLASS":"Topographic","PLACE_TYPE":"Island","DISTRICT":"ILD"}},{"type":"Feature","id":2094,"geometry":{"type":"Point","coordinates":[114.14986807224105,22.542685242057296]},"properties":{"OBJECTID":2094,"GEO_NAME_ID":"678","PLACE_CLASS":"Settlement","PLACE_TYPE":"Village","DISTRICT":"NTH"}},{"type":"Feature","id":2095,"geometry":{"type":"Point","coordinates":[114.39099826694036,22.37715330627303]},"properties":{"OBJECTID":2095,"GEO_NAME_ID":"679","PLACE_CLASS":"Topographic","PLACE_TYPE":"Cape","DISTRICT":"SK"}},{"type":"Feature","id":2096,"geometry":{"type":"Point","coordinates":[114.13056182765867,22.482294713939439]},"properties":{"OBJECTID":2096,"GEO_NAME_ID":"680","PLACE_CLASS":"Topographic","PLACE_TYPE":"Hill","DISTRICT":"NTH"}},{"type":"Feature","id":2097,"geometry":{"type":"Point","coordinates":[114.09296622001607,22.432937249631181]},"properties":{"OBJECTID":2097,"GEO_NAME_ID":"681","PLACE_CLASS":"Settlement","PLACE_TYPE":"Village","DISTRICT":"YL"}},{"type":"Feature","id":2098,"geometry":{"type":"Point","coordinates":[114.27345347542527,22.410733228939076]},"properties":{"OBJECTID":2098,"GEO_NAME_ID":"682","PLACE_CLASS":"Settlement","PLACE_TYPE":"Village","DISTRICT":"TP"}},{"type":"Feature","id":2099,"geometry":{"type":"Point","coordinates":[114.2690571588479,22.415810928168046]},"properties":{"OBJECTID":2099,"GEO_NAME_ID":"683","PLACE_CLASS":"Settlement","PLACE_TYPE":"Village","DISTRICT":"TP"}},{"type":"Feature","id":2100,"geometry":{"type":"Point","coordinates":[113.9754302405852,22.411855728094949]},"properties":{"OBJECTID":2100,"GEO_NAME_ID":"684","PLACE_CLASS":"Settlement","PLACE_TYPE":"Village","DISTRICT":"TM"}},{"type":"Feature","id":2101,"geometry":{"type":"Point","coordinates":[114.25189996999147,22.370956249904125]},"properties":{"OBJECTID":2101,"GEO_NAME_ID":"685","PLACE_CLASS":"Settlement","PLACE_TYPE":"Village","DISTRICT":"SK"}},{"type":"Feature","id":2102,"geometry":{"type":"Point","coordinates":[114.32812640542774,22.332161942809567]},"properties":{"OBJECTID":2102,"GEO_NAME_ID":"686","PLACE_CLASS":"Topographic","PLACE_TYPE":"Hill","DISTRICT":"SK"}},{"type":"Feature","id":2103,"geometry":{"type":"Point","coordinates":[114.32637845599706,22.331486273176512]},"properties":{"OBJECTID":2103,"GEO_NAME_ID":"687","PLACE_CLASS":"Topographic","PLACE_TYPE":"Pass","DISTRICT":"SK"}},{"type":"Feature","id":2104,"geometry":{"type":"Point","coordinates":[114.24578339384337,22.548614696472271]},"properties":{"OBJECTID":2104,"GEO_NAME_ID":"688","PLACE_CLASS":"Topographic","PLACE_TYPE":"Cape","DISTRICT":"NTH"}},{"type":"Feature","id":2105,"geometry":{"type":"Point","coordinates":[114.35654396753738,22.336603043891738]},"properties":{"OBJECTID":2105,"GEO_NAME_ID":"689","PLACE_CLASS":"Topographic","PLACE_TYPE":"Hill","DISTRICT":"SK"}},{"type":"Feature","id":2106,"geometry":{"type":"Point","coordinates":[114.33162560324236,22.362826353291346]},"properties":{"OBJECTID":2106,"GEO_NAME_ID":"690","PLACE_CLASS":"Topographic","PLACE_TYPE":"Rock","DISTRICT":"SK"}},{"type":"Feature","id":2107,"geometry":{"type":"Point","coordinates":[114.18271101691231,22.284456544231968]},"properties":{"OBJECTID":2107,"GEO_NAME_ID":"691","PLACE_CLASS":"Settlement","PLACE_TYPE":"Area","DISTRICT":"WC"}},{"type":"Feature","id":2108,"geometry":{"type":"Point","coordinates":[114.26103924632872,22.391423940045122]},"properties":{"OBJECTID":2108,"GEO_NAME_ID":"692","PLACE_CLASS":"Settlement","PLACE_TYPE":"Village","DISTRICT":"SK"}},{"type":"Feature","id":2109,"geometry":{"type":"Point","coordinates":[114.12609646252199,22.282204097560971]},"properties":{"OBJECTID":2109,"GEO_NAME_ID":"693","PLACE_CLASS":"Settlement","PLACE_TYPE":"Area","DISTRICT":"CW"}},{"type":"Feature","id":2110,"geometry":{"type":"Point","coordinates":[113.88128903836153,22.231985891603426]},"properties":{"OBJECTID":2110,"GEO_NAME_ID":"694","PLACE_CLASS":"Topographic","PLACE_TYPE":"Hill","DISTRICT":"ILD"}},{"type":"Feature","id":2111,"geometry":{"type":"Point","coordinates":[113.87945697906925,22.245203344069818]},"properties":{"OBJECTID":2111,"GEO_NAME_ID":"695","PLACE_CLASS":"Settlement","PLACE_TYPE":"Area","DISTRICT":"ILD"}},{"type":"Feature","id":2112,"geometry":{"type":"Point","coordinates":[114.08394742036909,22.497779783524674]},"properties":{"OBJECTID":2112,"GEO_NAME_ID":"696","PLACE_CLASS":"Settlement","PLACE_TYPE":"Village","DISTRICT":"YL"}},{"type":"Feature","id":2113,"geometry":{"type":"Point","coordinates":[114.17492357273177,22.311064842186013]},"properties":{"OBJECTID":2113,"GEO_NAME_ID":"701","PLACE_CLASS":"Settlement","PLACE_TYPE":"Area","DISTRICT":"YTM"}},{"type":"Feature","id":2114,"geometry":{"type":"Point","coordinates":[114.28621704295674,22.363125286848867]},"properties":{"OBJECTID":2114,"GEO_NAME_ID":"703","PLACE_CLASS":"Topographic","PLACE_TYPE":"Island","DISTRICT":"SK"}},{"type":"Feature","id":2115,"geometry":{"type":"Point","coordinates":[114.15418480202077,22.48071041163146]},"properties":{"OBJECTID":2115,"GEO_NAME_ID":"704","PLACE_CLASS":"Settlement","PLACE_TYPE":"Village","DISTRICT":"TP"}},{"type":"Feature","id":2116,"geometry":{"type":"Point","coordinates":[114.07082262986133,22.44051884223439]},"properties":{"OBJECTID":2116,"GEO_NAME_ID":"705","PLACE_CLASS":"Settlement","PLACE_TYPE":"Village","DISTRICT":"YL"}},{"type":"Feature","id":2117,"geometry":{"type":"Point","coordinates":[114.00425681413243,22.443007992269656]},"properties":{"OBJECTID":2117,"GEO_NAME_ID":"706","PLACE_CLASS":"Settlement","PLACE_TYPE":"Village","DISTRICT":"YL"}},{"type":"Feature","id":2118,"geometry":{"type":"Point","coordinates":[114.28984096934916,22.366193178693489]},"properties":{"OBJECTID":2118,"GEO_NAME_ID":"707","PLACE_CLASS":"Settlement","PLACE_TYPE":"Area","DISTRICT":"SK"}},{"type":"Feature","id":2119,"geometry":{"type":"Point","coordinates":[114.05756399567414,22.484216829618898]},"properties":{"OBJECTID":2119,"GEO_NAME_ID":"710","PLACE_CLASS":"Settlement","PLACE_TYPE":"Area","DISTRICT":"YL"}},{"type":"Feature","id":2120,"geometry":{"type":"Point","coordinates":[114.36179317548356,22.459628316131184]},"properties":{"OBJECTID":2120,"GEO_NAME_ID":"711","PLACE_CLASS":"Settlement","PLACE_TYPE":"Village","DISTRICT":"TP"}},{"type":"Feature","id":2121,"geometry":{"type":"Point","coordinates":[114.36110486820253,22.460766934734394]},"properties":{"OBJECTID":2121,"GEO_NAME_ID":"712","PLACE_CLASS":"Topographic","PLACE_TYPE":"Cape","DISTRICT":"TP"}},{"type":"Feature","id":2122,"geometry":{"type":"Point","coordinates":[114.11332419539275,22.223419012145293]},"properties":{"OBJECTID":2122,"GEO_NAME_ID":"713","PLACE_CLASS":"Settlement","PLACE_TYPE":"Village","DISTRICT":"ILD"}},{"type":"Feature","id":2123,"geometry":{"type":"Point","coordinates":[113.92482375850454,22.17667414463266]},"properties":{"OBJECTID":2123,"GEO_NAME_ID":"714","PLACE_CLASS":"Topographic","PLACE_TYPE":"Island","DISTRICT":"ILD"}},{"type":"Feature","id":2124,"geometry":{"type":"Point","coordinates":[114.29330490239562,22.549562584773788]},"properties":{"OBJECTID":2124,"GEO_NAME_ID":"715","PLACE_CLASS":"Topographic","PLACE_TYPE":"Hill","DISTRICT":"NTH"}},{"type":"Feature","id":2125,"geometry":{"type":"Point","coordinates":[114.05354190599351,22.439251338628264]},"properties":{"OBJECTID":2125,"GEO_NAME_ID":"717","PLACE_CLASS":"Settlement","PLACE_TYPE":"Village","DISTRICT":"YL"}},{"type":"Feature","id":2126,"geometry":{"type":"Point","coordinates":[114.16958493973085,22.511072038090436]},"properties":{"OBJECTID":2126,"GEO_NAME_ID":"718","PLACE_CLASS":"Topographic","PLACE_TYPE":"Hill","DISTRICT":"NTH"}},{"type":"Feature","id":2127,"geometry":{"type":"Point","coordinates":[114.05635756824982,22.440960218383637]},"properties":{"OBJECTID":2127,"GEO_NAME_ID":"719","PLACE_CLASS":"Settlement","PLACE_TYPE":"Village","DISTRICT":"YL"}},{"type":"Feature","id":2128,"geometry":{"type":"Point","coordinates":[114.0298326030626,22.204405522071873]},"properties":{"OBJECTID":2128,"GEO_NAME_ID":"720","PLACE_CLASS":"Settlement","PLACE_TYPE":"Village","DISTRICT":"ILD"}},{"type":"Feature","id":2129,"geometry":{"type":"Point","coordinates":[114.29113011155879,22.553122092273213]},"properties":{"OBJECTID":2129,"GEO_NAME_ID":"721","PLACE_CLASS":"Topographic","PLACE_TYPE":"Hill","DISTRICT":"NTH"}},{"type":"Feature","id":2130,"geometry":{"type":"Point","coordinates":[114.13875396085679,22.445046323765361]},"properties":{"OBJECTID":2130,"GEO_NAME_ID":"722","PLACE_CLASS":"Settlement","PLACE_TYPE":"Village","DISTRICT":"TP"}},{"type":"Feature","id":2131,"geometry":{"type":"Point","coordinates":[114.32655304417904,22.431191908651048]},"properties":{"OBJECTID":2131,"GEO_NAME_ID":"723","PLACE_CLASS":"Settlement","PLACE_TYPE":"Village","DISTRICT":"TP"}},{"type":"Feature","id":2132,"geometry":{"type":"Point","coordinates":[114.33024955674617,22.436019727816603]},"properties":{"OBJECTID":2132,"GEO_NAME_ID":"724","PLACE_CLASS":"Settlement","PLACE_TYPE":"Village","DISTRICT":"TP"}},{"type":"Feature","id":2133,"geometry":{"type":"Point","coordinates":[114.30052623746121,22.514465280477864]},"properties":{"OBJECTID":2133,"GEO_NAME_ID":"726","PLACE_CLASS":"Topographic","PLACE_TYPE":"Reef","DISTRICT":"NTH"}},{"type":"Feature","id":2134,"geometry":{"type":"Point","coordinates":[114.19559205359535,22.42610381141764]},"properties":{"OBJECTID":2134,"GEO_NAME_ID":"727","PLACE_CLASS":"Settlement","PLACE_TYPE":"Village","DISTRICT":"TP"}},{"type":"Feature","id":2135,"geometry":{"type":"Point","coordinates":[114.06651570710676,22.444895722570713]},"properties":{"OBJECTID":2135,"GEO_NAME_ID":"728","PLACE_CLASS":"Topographic","PLACE_TYPE":"Hill","DISTRICT":"YL"}},{"type":"Feature","id":2136,"geometry":{"type":"Point","coordinates":[114.22407400722975,22.547611137926658]},"properties":{"OBJECTID":2136,"GEO_NAME_ID":"729","PLACE_CLASS":"Settlement","PLACE_TYPE":"Village","DISTRICT":"NTH"}},{"type":"Feature","id":2137,"geometry":{"type":"Point","coordinates":[114.13367678648582,22.527429447286114]},"properties":{"OBJECTID":2137,"GEO_NAME_ID":"730","PLACE_CLASS":"Topographic","PLACE_TYPE":"Hill","DISTRICT":"NTH"}},{"type":"Feature","id":2138,"geometry":{"type":"Point","coordinates":[114.2113248868848,22.36453173161738]},"properties":{"OBJECTID":2138,"GEO_NAME_ID":"731","PLACE_CLASS":"Settlement","PLACE_TYPE":"Village","DISTRICT":"ST"}},{"type":"Feature","id":2139,"geometry":{"type":"Point","coordinates":[114.37497135943531,22.338920468541772]},"properties":{"OBJECTID":2139,"GEO_NAME_ID":"732","PLACE_CLASS":"Topographic","PLACE_TYPE":"Island","DISTRICT":"SK"}},{"type":"Feature","id":2140,"geometry":{"type":"Point","coordinates":[114.03532307805808,22.434188380373467]},"properties":{"OBJECTID":2140,"GEO_NAME_ID":"733","PLACE_CLASS":"Settlement","PLACE_TYPE":"Village","DISTRICT":"YL"}},{"type":"Feature","id":2141,"geometry":{"type":"Point","coordinates":[114.03690889762058,22.431742510715026]},"properties":{"OBJECTID":2141,"GEO_NAME_ID":"734","PLACE_CLASS":"Settlement","PLACE_TYPE":"Village","DISTRICT":"YL"}},{"type":"Feature","id":2142,"geometry":{"type":"Point","coordinates":[114.16639430007649,22.547112032568158]},"properties":{"OBJECTID":2142,"GEO_NAME_ID":"735","PLACE_CLASS":"Settlement","PLACE_TYPE":"Area","DISTRICT":"NTH"}},{"type":"Feature","id":2143,"geometry":{"type":"Point","coordinates":[114.25946281007164,22.51707426848834]},"properties":{"OBJECTID":2143,"GEO_NAME_ID":"736","PLACE_CLASS":"Settlement","PLACE_TYPE":"Village","DISTRICT":"NTH"}},{"type":"Feature","id":2144,"geometry":{"type":"Point","coordinates":[114.19665499475741,22.318486794320084]},"properties":{"OBJECTID":2144,"GEO_NAME_ID":"738","PLACE_CLASS":"Settlement","PLACE_TYPE":"Area","DISTRICT":"YTM"}},{"type":"Feature","id":2145,"geometry":{"type":"Point","coordinates":[114.20688298298262,22.308975999459314]},"properties":{"OBJECTID":2145,"GEO_NAME_ID":"739","PLACE_CLASS":"Hydrographic","PLACE_TYPE":"Bay","DISTRICT":"KLC"}},{"type":"Feature","id":2146,"geometry":{"type":"Point","coordinates":[114.2099120297345,22.325121655247251]},"properties":{"OBJECTID":2146,"GEO_NAME_ID":"740","PLACE_CLASS":"Settlement","PLACE_TYPE":"Area","DISTRICT":"KT"}},{"type":"Feature","id":2147,"geometry":{"type":"Point","coordinates":[114.18946392038255,22.329613199951869]},"properties":{"OBJECTID":2147,"GEO_NAME_ID":"742","PLACE_CLASS":"Settlement","PLACE_TYPE":"Area","DISTRICT":"KLC"}},{"type":"Feature","id":2148,"geometry":{"type":"Point","coordinates":[114.2233341701891,22.340660445098226]},"properties":{"OBJECTID":2148,"GEO_NAME_ID":"744","PLACE_CLASS":"Topographic","PLACE_TYPE":"Hill","DISTRICT":"WTS"}},{"type":"Feature","id":2149,"geometry":{"type":"Point","coordinates":[114.17994174762688,22.333027222118567]},"properties":{"OBJECTID":2149,"GEO_NAME_ID":"747","PLACE_CLASS":"Settlement","PLACE_TYPE":"Area","DISTRICT":"KLC"}},{"type":"Feature","id":2150,"geometry":{"type":"Point","coordinates":[113.97423662215471,22.397766721049685]},"properties":{"OBJECTID":2150,"GEO_NAME_ID":"2500","PLACE_CLASS":"Settlement","PLACE_TYPE":"Town","DISTRICT":"TM"}},{"type":"Feature","id":2151,"geometry":{"type":"Point","coordinates":[113.96968958781723,22.388426307952269]},"properties":{"OBJECTID":2151,"GEO_NAME_ID":"2501","PLACE_CLASS":"Settlement","PLACE_TYPE":"Area","DISTRICT":"TM"}},{"type":"Feature","id":2152,"geometry":{"type":"Point","coordinates":[113.97543930620283,22.398824788023568]},"properties":{"OBJECTID":2152,"GEO_NAME_ID":"2503","PLACE_CLASS":"Settlement","PLACE_TYPE":"Area","DISTRICT":"TM"}},{"type":"Feature","id":2153,"geometry":{"type":"Point","coordinates":[113.98398826752458,22.417835294633154]},"properties":{"OBJECTID":2153,"GEO_NAME_ID":"2504","PLACE_CLASS":"Settlement","PLACE_TYPE":"Village","DISTRICT":"TM"}},{"type":"Feature","id":2154,"geometry":{"type":"Point","coordinates":[114.29547634684864,22.370966295000844]},"properties":{"OBJECTID":2154,"GEO_NAME_ID":"2505","PLACE_CLASS":"Topographic","PLACE_TYPE":"Island","DISTRICT":"SK"}},{"type":"Feature","id":2155,"geometry":{"type":"Point","coordinates":[114.40065650103139,22.435838155782974]},"properties":{"OBJECTID":2155,"GEO_NAME_ID":"2506","PLACE_CLASS":"Topographic","PLACE_TYPE":"Cape","DISTRICT":"SK"}},{"type":"Feature","id":2156,"geometry":{"type":"Point","coordinates":[113.9812149262376,22.421552504067233]},"properties":{"OBJECTID":2156,"GEO_NAME_ID":"2507","PLACE_CLASS":"Settlement","PLACE_TYPE":"Village","DISTRICT":"TM"}},{"type":"Feature","id":2157,"geometry":{"type":"Point","coordinates":[114.27244933496611,22.376806225502008]},"properties":{"OBJECTID":2157,"GEO_NAME_ID":"2508","PLACE_CLASS":"Settlement","PLACE_TYPE":"Village","DISTRICT":"SK"}},{"type":"Feature","id":2158,"geometry":{"type":"Point","coordinates":[113.92343633596175,22.387183647871819]},"properties":{"OBJECTID":2158,"GEO_NAME_ID":"2509","PLACE_CLASS":"Settlement","PLACE_TYPE":"Village","DISTRICT":"TM"}},{"type":"Feature","id":2159,"geometry":{"type":"Point","coordinates":[114.37031058117473,22.373142732448731]},"properties":{"OBJECTID":2159,"GEO_NAME_ID":"2510","PLACE_CLASS":"Topographic","PLACE_TYPE":"Hill","DISTRICT":"SK"}},{"type":"Feature","id":2160,"geometry":{"type":"Point","coordinates":[114.35510223011434,22.347874748459702]},"properties":{"OBJECTID":2160,"GEO_NAME_ID":"2511","PLACE_CLASS":"Settlement","PLACE_TYPE":"Village","DISTRICT":"SK"}},{"type":"Feature","id":2161,"geometry":{"type":"Point","coordinates":[114.23524944385568,22.234122282778941]},"properties":{"OBJECTID":2161,"GEO_NAME_ID":"2512","PLACE_CLASS":"Settlement","PLACE_TYPE":"Village","DISTRICT":"STH"}},{"type":"Feature","id":2162,"geometry":{"type":"Point","coordinates":[114.23506591843611,22.236000731038956]},"properties":{"OBJECTID":2162,"GEO_NAME_ID":"2513","PLACE_CLASS":"Settlement","PLACE_TYPE":"Village","DISTRICT":"STH"}},{"type":"Feature","id":2163,"geometry":{"type":"Point","coordinates":[114.07537534597051,22.502188095916186]},"properties":{"OBJECTID":2163,"GEO_NAME_ID":"2514","PLACE_CLASS":"Settlement","PLACE_TYPE":"Village","DISTRICT":"YL"}},{"type":"Feature","id":2164,"geometry":{"type":"Point","coordinates":[113.93071346382679,22.285402918147817]},"properties":{"OBJECTID":2164,"GEO_NAME_ID":"2515","PLACE_CLASS":"Hydrographic","PLACE_TYPE":"Bay","DISTRICT":"ILD"}},{"type":"Feature","id":2165,"geometry":{"type":"Point","coordinates":[114.09920416340759,22.508924116782509]},"properties":{"OBJECTID":2165,"GEO_NAME_ID":"2516","PLACE_CLASS":"Settlement","PLACE_TYPE":"Village","DISTRICT":"NTH"}},{"type":"Feature","id":2166,"geometry":{"type":"Point","coordinates":[114.16057149194356,22.542334497331716]},"properties":{"OBJECTID":2166,"GEO_NAME_ID":"2517","PLACE_CLASS":"Topographic","PLACE_TYPE":"Pass","DISTRICT":"NTH"}},{"type":"Feature","id":2167,"geometry":{"type":"Point","coordinates":[113.92775169063297,22.275681501807149]},"properties":{"OBJECTID":2167,"GEO_NAME_ID":"2519","PLACE_CLASS":"Settlement","PLACE_TYPE":"Village","DISTRICT":"ILD"}},{"type":"Feature","id":2168,"geometry":{"type":"Point","coordinates":[114.15354989893825,22.50035144851838]},"properties":{"OBJECTID":2168,"GEO_NAME_ID":"2520","PLACE_CLASS":"Settlement","PLACE_TYPE":"Village","DISTRICT":"NTH"}},{"type":"Feature","id":2169,"geometry":{"type":"Point","coordinates":[114.25683699794813,22.174275570626278]},"properties":{"OBJECTID":2169,"GEO_NAME_ID":"2521","PLACE_CLASS":"Settlement","PLACE_TYPE":"Area","DISTRICT":"ILD"}},{"type":"Feature","id":2170,"geometry":{"type":"Point","coordinates":[114.1619420056801,22.54433936665659]},"properties":{"OBJECTID":2170,"GEO_NAME_ID":"2522","PLACE_CLASS":"Settlement","PLACE_TYPE":"Area","DISTRICT":"NTH"}},{"type":"Feature","id":2171,"geometry":{"type":"Point","coordinates":[114.18104970143223,22.378414762120205]},"properties":{"OBJECTID":2171,"GEO_NAME_ID":"2523","PLACE_CLASS":"Settlement","PLACE_TYPE":"Village","DISTRICT":"ST"}},{"type":"Feature","id":2172,"geometry":{"type":"Point","coordinates":[114.28952298562565,22.248253818395629]},"properties":{"OBJECTID":2172,"GEO_NAME_ID":"2524","PLACE_CLASS":"Topographic","PLACE_TYPE":"Island","DISTRICT":"SK"}},{"type":"Feature","id":2173,"geometry":{"type":"Point","coordinates":[114.29078817280315,22.551099542558859]},"properties":{"OBJECTID":2173,"GEO_NAME_ID":"2525","PLACE_CLASS":"Settlement","PLACE_TYPE":"Village","DISTRICT":"NTH"}},{"type":"Feature","id":2174,"geometry":{"type":"Point","coordinates":[114.13883142976681,22.194998277462204]},"properties":{"OBJECTID":2174,"GEO_NAME_ID":"2526","PLACE_CLASS":"Settlement","PLACE_TYPE":"Village","DISTRICT":"ILD"}},{"type":"Feature","id":2175,"geometry":{"type":"Point","coordinates":[114.16272285980497,22.513609119264999]},"properties":{"OBJECTID":2175,"GEO_NAME_ID":"5088","PLACE_CLASS":"Settlement","PLACE_TYPE":"Village","DISTRICT":"NTH"}},{"type":"Feature","id":2176,"geometry":{"type":"Point","coordinates":[114.2936572041959,22.552307547682755]},"properties":{"OBJECTID":2176,"GEO_NAME_ID":"2527","PLACE_CLASS":"Hydrographic","PLACE_TYPE":"Bay","DISTRICT":"NTH"}},{"type":"Feature","id":2177,"geometry":{"type":"Point","coordinates":[114.15488043591044,22.196184256160908]},"properties":{"OBJECTID":2177,"GEO_NAME_ID":"2528","PLACE_CLASS":"Hydrographic","PLACE_TYPE":"Bay","DISTRICT":"ILD"}},{"type":"Feature","id":2178,"geometry":{"type":"Point","coordinates":[114.36810964783218,22.325662843665423]},"properties":{"OBJECTID":2178,"GEO_NAME_ID":"2529","PLACE_CLASS":"Topographic","PLACE_TYPE":"Island","DISTRICT":"SK"}},{"type":"Feature","id":2179,"geometry":{"type":"Point","coordinates":[114.34467714875099,22.437892737982285]},"properties":{"OBJECTID":2179,"GEO_NAME_ID":"2530","PLACE_CLASS":"Settlement","PLACE_TYPE":"Village","DISTRICT":"TP"}},{"type":"Feature","id":2180,"geometry":{"type":"Point","coordinates":[114.34631038698635,22.438929532048373]},"properties":{"OBJECTID":2180,"GEO_NAME_ID":"2531","PLACE_CLASS":"Topographic","PLACE_TYPE":"Cape","DISTRICT":"TP"}},{"type":"Feature","id":2181,"geometry":{"type":"Point","coordinates":[114.22175566940011,22.352554141197807]},"properties":{"OBJECTID":2181,"GEO_NAME_ID":"2532","PLACE_CLASS":"Topographic","PLACE_TYPE":"Hill","DISTRICT":"SK"}},{"type":"Feature","id":2182,"geometry":{"type":"Point","coordinates":[114.17886673488179,22.50202374204536]},"properties":{"OBJECTID":2182,"GEO_NAME_ID":"2533","PLACE_CLASS":"Settlement","PLACE_TYPE":"Village","DISTRICT":"NTH"}},{"type":"Feature","id":2183,"geometry":{"type":"Point","coordinates":[114.04562755092817,22.446632000753223]},"properties":{"OBJECTID":2183,"GEO_NAME_ID":"2534","PLACE_CLASS":"Settlement","PLACE_TYPE":"Village","DISTRICT":"YL"}},{"type":"Feature","id":2184,"geometry":{"type":"Point","coordinates":[114.25812727622355,22.456353549198884]},"properties":{"OBJECTID":2184,"GEO_NAME_ID":"2535","PLACE_CLASS":"Settlement","PLACE_TYPE":"Area","DISTRICT":"TP"}},{"type":"Feature","id":2185,"geometry":{"type":"Point","coordinates":[114.26837375700295,22.17204793410319]},"properties":{"OBJECTID":2185,"GEO_NAME_ID":"2536","PLACE_CLASS":"Topographic","PLACE_TYPE":"Hill","DISTRICT":"ILD"}},{"type":"Feature","id":2186,"geometry":{"type":"Point","coordinates":[113.99335374654115,22.452965549825166]},"properties":{"OBJECTID":2186,"GEO_NAME_ID":"2537","PLACE_CLASS":"Settlement","PLACE_TYPE":"Village","DISTRICT":"YL"}},{"type":"Feature","id":2187,"geometry":{"type":"Point","coordinates":[114.03528004675779,22.447878488181431]},"properties":{"OBJECTID":2187,"GEO_NAME_ID":"2538","PLACE_CLASS":"Settlement","PLACE_TYPE":"Village","DISTRICT":"YL"}},{"type":"Feature","id":2188,"geometry":{"type":"Point","coordinates":[114.2213131110349,22.211893110176771]},"properties":{"OBJECTID":2188,"GEO_NAME_ID":"2539","PLACE_CLASS":"Hydrographic","PLACE_TYPE":"Bay","DISTRICT":"STH"}},{"type":"Feature","id":2189,"geometry":{"type":"Point","coordinates":[114.03414273426921,22.448536708200326]},"properties":{"OBJECTID":2189,"GEO_NAME_ID":"2540","PLACE_CLASS":"Settlement","PLACE_TYPE":"Village","DISTRICT":"YL"}},{"type":"Feature","id":2190,"geometry":{"type":"Point","coordinates":[114.27165591285484,22.165002070208711]},"properties":{"OBJECTID":2190,"GEO_NAME_ID":"2541","PLACE_CLASS":"Topographic","PLACE_TYPE":"Hill","DISTRICT":"ILD"}},{"type":"Feature","id":2191,"geometry":{"type":"Point","coordinates":[114.20025255785013,22.472573896240068]},"properties":{"OBJECTID":2191,"GEO_NAME_ID":"2542","PLACE_CLASS":"Settlement","PLACE_TYPE":"Village","DISTRICT":"TP"}},{"type":"Feature","id":2192,"geometry":{"type":"Point","coordinates":[114.3174431112017,22.519327791477725]},"properties":{"OBJECTID":2192,"GEO_NAME_ID":"2543","PLACE_CLASS":"Hydrographic","PLACE_TYPE":"Bay","DISTRICT":"NTH"}},{"type":"Feature","id":2193,"geometry":{"type":"Point","coordinates":[114.31806337359352,22.517548268947735]},"properties":{"OBJECTID":2193,"GEO_NAME_ID":"2544","PLACE_CLASS":"Settlement","PLACE_TYPE":"Village","DISTRICT":"NTH"}},{"type":"Feature","id":2194,"geometry":{"type":"Point","coordinates":[114.38597670368431,22.421571693635286]},"properties":{"OBJECTID":2194,"GEO_NAME_ID":"2545","PLACE_CLASS":"Settlement","PLACE_TYPE":"Village","DISTRICT":"SK"}},{"type":"Feature","id":2195,"geometry":{"type":"Point","coordinates":[114.38649953762344,22.420460271974868]},"properties":{"OBJECTID":2195,"GEO_NAME_ID":"2546","PLACE_CLASS":"Hydrographic","PLACE_TYPE":"Bay","DISTRICT":"SK"}},{"type":"Feature","id":2196,"geometry":{"type":"Point","coordinates":[114.06105659619772,22.350432933629339]},"properties":{"OBJECTID":2196,"GEO_NAME_ID":"2547","PLACE_CLASS":"Settlement","PLACE_TYPE":"Area","DISTRICT":"TW"}},{"type":"Feature","id":2197,"geometry":{"type":"Point","coordinates":[114.06301737503986,22.350750392480204]},"properties":{"OBJECTID":2197,"GEO_NAME_ID":"2548","PLACE_CLASS":"Hydrographic","PLACE_TYPE":"Bay","DISTRICT":"TW"}},{"type":"Feature","id":2198,"geometry":{"type":"Point","coordinates":[114.04210896591759,22.287068785289215]},"properties":{"OBJECTID":2198,"GEO_NAME_ID":"2549","PLACE_CLASS":"Hydrographic","PLACE_TYPE":"Bay","DISTRICT":"ILD"}},{"type":"Feature","id":2199,"geometry":{"type":"Point","coordinates":[113.89928680799281,22.218897487748926]},"properties":{"OBJECTID":2199,"GEO_NAME_ID":"2550","PLACE_CLASS":"Settlement","PLACE_TYPE":"Village","DISTRICT":"ILD"}},{"type":"Feature","id":2200,"geometry":{"type":"Point","coordinates":[113.89416562172079,22.219871628917716]},"properties":{"OBJECTID":2200,"GEO_NAME_ID":"2551","PLACE_CLASS":"Hydrographic","PLACE_TYPE":"Bay","DISTRICT":"ILD"}},{"type":"Feature","id":2201,"geometry":{"type":"Point","coordinates":[113.91376119493411,22.165901112530438]},"properties":{"OBJECTID":2201,"GEO_NAME_ID":"2552","PLACE_CLASS":"Hydrographic","PLACE_TYPE":"Bay","DISTRICT":"ILD"}},{"type":"Feature","id":2202,"geometry":{"type":"Point","coordinates":[114.03131854695185,22.21183415295317]},"properties":{"OBJECTID":2202,"GEO_NAME_ID":"2553","PLACE_CLASS":"Hydrographic","PLACE_TYPE":"Bay","DISTRICT":"ILD"}},{"type":"Feature","id":2203,"geometry":{"type":"Point","coordinates":[114.31520494005018,22.516710927354268]},"properties":{"OBJECTID":2203,"GEO_NAME_ID":"2554","PLACE_CLASS":"Hydrographic","PLACE_TYPE":"Stream","DISTRICT":"NTH"}},{"type":"Feature","id":2204,"geometry":{"type":"Point","coordinates":[113.90101748705443,22.217643791112327]},"properties":{"OBJECTID":2204,"GEO_NAME_ID":"2555","PLACE_CLASS":"Settlement","PLACE_TYPE":"Village","DISTRICT":"ILD"}},{"type":"Feature","id":2205,"geometry":{"type":"Point","coordinates":[114.38965283764372,22.424601119473419]},"properties":{"OBJECTID":2205,"GEO_NAME_ID":"2556","PLACE_CLASS":"Topographic","PLACE_TYPE":"Hill","DISTRICT":"SK"}},{"type":"Feature","id":2206,"geometry":{"type":"Point","coordinates":[114.00448552912286,22.272990605401375]},"properties":{"OBJECTID":2206,"GEO_NAME_ID":"2557","PLACE_CLASS":"Settlement","PLACE_TYPE":"Village","DISTRICT":"ILD"}},{"type":"Feature","id":2207,"geometry":{"type":"Point","coordinates":[114.06350066307687,22.353369589456591]},"properties":{"OBJECTID":2207,"GEO_NAME_ID":"2558","PLACE_CLASS":"Hydrographic","PLACE_TYPE":"Bay","DISTRICT":"TW"}},{"type":"Feature","id":2208,"geometry":{"type":"Point","coordinates":[114.31890044157213,22.518694387605724]},"properties":{"OBJECTID":2208,"GEO_NAME_ID":"2559","PLACE_CLASS":"Topographic","PLACE_TYPE":"Cape","DISTRICT":"NTH"}},{"type":"Feature","id":2209,"geometry":{"type":"Point","coordinates":[114.22430126818915,22.35855873235985]},"properties":{"OBJECTID":2209,"GEO_NAME_ID":"2561","PLACE_CLASS":"Topographic","PLACE_TYPE":"Hill","DISTRICT":"SK"}},{"type":"Feature","id":2210,"geometry":{"type":"Point","coordinates":[114.00501847680295,22.321187425818415]},"properties":{"OBJECTID":2210,"GEO_NAME_ID":"2562","PLACE_CLASS":"Settlement","PLACE_TYPE":"Village","DISTRICT":"TW"}},{"type":"Feature","id":2211,"geometry":{"type":"Point","coordinates":[114.22364744916406,22.232030917252303]},"properties":{"OBJECTID":2211,"GEO_NAME_ID":"2563","PLACE_CLASS":"Hydrographic","PLACE_TYPE":"Bay","DISTRICT":"STH"}},{"type":"Feature","id":2212,"geometry":{"type":"Point","coordinates":[114.25140056820771,22.381269341780509]},"properties":{"OBJECTID":2212,"GEO_NAME_ID":"2564","PLACE_CLASS":"Settlement","PLACE_TYPE":"Village","DISTRICT":"SK"}},{"type":"Feature","id":2213,"geometry":{"type":"Point","coordinates":[114.32784164377871,22.428120355974698]},"properties":{"OBJECTID":2213,"GEO_NAME_ID":"2565","PLACE_CLASS":"Settlement","PLACE_TYPE":"Village","DISTRICT":"TP"}},{"type":"Feature","id":2214,"geometry":{"type":"Point","coordinates":[114.09686233193169,22.43143113878476]},"properties":{"OBJECTID":2214,"GEO_NAME_ID":"2566","PLACE_CLASS":"Settlement","PLACE_TYPE":"Village","DISTRICT":"YL"}},{"type":"Feature","id":2215,"geometry":{"type":"Point","coordinates":[114.35315982134098,22.324054293844835]},"properties":{"OBJECTID":2215,"GEO_NAME_ID":"2567","PLACE_CLASS":"Hydrographic","PLACE_TYPE":"Bay","DISTRICT":"SK"}},{"type":"Feature","id":2216,"geometry":{"type":"Point","coordinates":[114.19434004406322,22.356623175140491]},"properties":{"OBJECTID":2216,"GEO_NAME_ID":"2568","PLACE_CLASS":"Topographic","PLACE_TYPE":"Hill","DISTRICT":"ST"}},{"type":"Feature","id":2217,"geometry":{"type":"Point","coordinates":[113.88476552170839,22.24880714223384]},"properties":{"OBJECTID":2217,"GEO_NAME_ID":"2569","PLACE_CLASS":"Settlement","PLACE_TYPE":"Village","DISTRICT":"ILD"}},{"type":"Feature","id":2218,"geometry":{"type":"Point","coordinates":[113.90092239503818,22.38469053116717]},"properties":{"OBJECTID":2218,"GEO_NAME_ID":"2573","PLACE_CLASS":"Hydrographic","PLACE_TYPE":"Channel","DISTRICT":"TM"}},{"type":"Feature","id":2219,"geometry":{"type":"Point","coordinates":[114.14902785694076,22.270740729119552]},"properties":{"OBJECTID":2219,"GEO_NAME_ID":"2574","PLACE_CLASS":"Topographic","PLACE_TYPE":"Pass","DISTRICT":"CW"}},{"type":"Feature","id":2220,"geometry":{"type":"Point","coordinates":[114.18397772935153,22.291910762924388]},"properties":{"OBJECTID":2220,"GEO_NAME_ID":"2575","PLACE_CLASS":"Hydrographic","PLACE_TYPE":"Harbour","DISTRICT":"WC"}},{"type":"Feature","id":2221,"geometry":{"type":"Point","coordinates":[114.14539791371368,22.275968810403246]},"properties":{"OBJECTID":2221,"GEO_NAME_ID":"2577","PLACE_CLASS":"Topographic","PLACE_TYPE":"Hill","DISTRICT":"CW"}},{"type":"Feature","id":2222,"geometry":{"type":"Point","coordinates":[113.94319531301412,22.248486216543355]},"properties":{"OBJECTID":2222,"GEO_NAME_ID":"5075","PLACE_CLASS":"Topographic","PLACE_TYPE":"Pass","DISTRICT":"ILD"}},{"type":"Feature","id":2223,"geometry":{"type":"Point","coordinates":[114.1999823475891,22.248796953375489]},"properties":{"OBJECTID":2223,"GEO_NAME_ID":"2580","PLACE_CLASS":"Topographic","PLACE_TYPE":"Hill","DISTRICT":"STH"}},{"type":"Feature","id":2224,"geometry":{"type":"Point","coordinates":[114.14025987247064,22.481547681939496]},"properties":{"OBJECTID":2224,"GEO_NAME_ID":"2581","PLACE_CLASS":"Settlement","PLACE_TYPE":"Village","DISTRICT":"NTH"}},{"type":"Feature","id":2225,"geometry":{"type":"Point","coordinates":[114.30595376141554,22.424454907522083]},"properties":{"OBJECTID":2225,"GEO_NAME_ID":"2582","PLACE_CLASS":"Topographic","PLACE_TYPE":"Hill","DISTRICT":"TP"}},{"type":"Feature","id":2226,"geometry":{"type":"Point","coordinates":[114.13825826157608,22.516088469127471]},"properties":{"OBJECTID":2226,"GEO_NAME_ID":"2583","PLACE_CLASS":"Topographic","PLACE_TYPE":"Hill","DISTRICT":"NTH"}},{"type":"Feature","id":2227,"geometry":{"type":"Point","coordinates":[114.30459836003793,22.183944131809806]},"properties":{"OBJECTID":2227,"GEO_NAME_ID":"2584","PLACE_CLASS":"Topographic","PLACE_TYPE":"Island","DISTRICT":"ILD"}},{"type":"Feature","id":2228,"geometry":{"type":"Point","coordinates":[114.1364581449286,22.25376948872799]},"properties":{"OBJECTID":2228,"GEO_NAME_ID":"2585","PLACE_CLASS":"Settlement","PLACE_TYPE":"Area","DISTRICT":"STH"}},{"type":"Feature","id":2229,"geometry":{"type":"Point","coordinates":[114.05648659127137,22.460303503892504]},"properties":{"OBJECTID":2229,"GEO_NAME_ID":"2589","PLACE_CLASS":"Settlement","PLACE_TYPE":"Village","DISTRICT":"YL"}},{"type":"Feature","id":2230,"geometry":{"type":"Point","coordinates":[114.09044361892623,22.428095591545844]},"properties":{"OBJECTID":2230,"GEO_NAME_ID":"2590","PLACE_CLASS":"Settlement","PLACE_TYPE":"Village","DISTRICT":"YL"}},{"type":"Feature","id":2231,"geometry":{"type":"Point","coordinates":[114.2027491042096,22.469232257122723]},"properties":{"OBJECTID":2231,"GEO_NAME_ID":"2592","PLACE_CLASS":"Settlement","PLACE_TYPE":"Village","DISTRICT":"TP"}},{"type":"Feature","id":2232,"geometry":{"type":"Point","coordinates":[114.34520931375729,22.331242040025465]},"properties":{"OBJECTID":2232,"GEO_NAME_ID":"2593","PLACE_CLASS":"Topographic","PLACE_TYPE":"Reef","DISTRICT":"SK"}},{"type":"Feature","id":2233,"geometry":{"type":"Point","coordinates":[114.12277731222996,22.509807904262669]},"properties":{"OBJECTID":2233,"GEO_NAME_ID":"2594","PLACE_CLASS":"Settlement","PLACE_TYPE":"Village","DISTRICT":"NTH"}},{"type":"Feature","id":2234,"geometry":{"type":"Point","coordinates":[114.27676483083056,22.314727577825483]},"properties":{"OBJECTID":2234,"GEO_NAME_ID":"2595","PLACE_CLASS":"Settlement","PLACE_TYPE":"Village","DISTRICT":"SK"}},{"type":"Feature","id":2235,"geometry":{"type":"Point","coordinates":[114.14669659976602,22.463433985133772]},"properties":{"OBJECTID":2235,"GEO_NAME_ID":"2596","PLACE_CLASS":"Settlement","PLACE_TYPE":"Village","DISTRICT":"TP"}},{"type":"Feature","id":2236,"geometry":{"type":"Point","coordinates":[114.0611333952931,22.480471815246091]},"properties":{"OBJECTID":2236,"GEO_NAME_ID":"2597","PLACE_CLASS":"Settlement","PLACE_TYPE":"Village","DISTRICT":"YL"}},{"type":"Feature","id":2237,"geometry":{"type":"Point","coordinates":[114.04021069832675,22.283301432982245]},"properties":{"OBJECTID":2237,"GEO_NAME_ID":"2598","PLACE_CLASS":"Settlement","PLACE_TYPE":"Village","DISTRICT":"ILD"}},{"type":"Feature","id":2238,"geometry":{"type":"Point","coordinates":[114.04041485617958,22.282904257555298]},"properties":{"OBJECTID":2238,"GEO_NAME_ID":"2599","PLACE_CLASS":"Settlement","PLACE_TYPE":"Village","DISTRICT":"ILD"}},{"type":"Feature","id":2239,"geometry":{"type":"Point","coordinates":[114.17309981027373,22.278979012423676]},"properties":{"OBJECTID":2239,"GEO_NAME_ID":"2601","PLACE_CLASS":"Settlement","PLACE_TYPE":"Area","DISTRICT":"WC"}},{"type":"Feature","id":2240,"geometry":{"type":"Point","coordinates":[114.17009238306349,22.267329382631971]},"properties":{"OBJECTID":2240,"GEO_NAME_ID":"2602","PLACE_CLASS":"Topographic","PLACE_TYPE":"Pass","DISTRICT":"WC"}},{"type":"Feature","id":2241,"geometry":{"type":"Point","coordinates":[114.24115103354603,22.242753385984468]},"properties":{"OBJECTID":2241,"GEO_NAME_ID":"2603","PLACE_CLASS":"Topographic","PLACE_TYPE":"Hill","DISTRICT":"STH"}},{"type":"Feature","id":2242,"geometry":{"type":"Point","coordinates":[113.91044199856611,22.177996842629138]},"properties":{"OBJECTID":2242,"GEO_NAME_ID":"2604","PLACE_CLASS":"Topographic","PLACE_TYPE":"Island","DISTRICT":"ILD"}},{"type":"Feature","id":2243,"geometry":{"type":"Point","coordinates":[114.36538809726136,22.315633081318218]},"properties":{"OBJECTID":2243,"GEO_NAME_ID":"2605","PLACE_CLASS":"Topographic","PLACE_TYPE":"Hill","DISTRICT":"SK"}},{"type":"Feature","id":2244,"geometry":{"type":"Point","coordinates":[114.31862276163102,22.532330454519901]},"properties":{"OBJECTID":2244,"GEO_NAME_ID":"2607","PLACE_CLASS":"Hydrographic","PLACE_TYPE":"Bay","DISTRICT":"NTH"}},{"type":"Feature","id":2245,"geometry":{"type":"Point","coordinates":[114.34108301555237,22.4729339294311]},"properties":{"OBJECTID":2245,"GEO_NAME_ID":"2608","PLACE_CLASS":"Settlement","PLACE_TYPE":"Area","DISTRICT":"TP"}},{"type":"Feature","id":2246,"geometry":{"type":"Point","coordinates":[114.00152230772707,22.260534206489684]},"properties":{"OBJECTID":2246,"GEO_NAME_ID":"2609","PLACE_CLASS":"Settlement","PLACE_TYPE":"Village","DISTRICT":"ILD"}},{"type":"Feature","id":2247,"geometry":{"type":"Point","coordinates":[114.25404834735143,22.163458070878228]},"properties":{"OBJECTID":2247,"GEO_NAME_ID":"2610","PLACE_CLASS":"Settlement","PLACE_TYPE":"Village","DISTRICT":"ILD"}},{"type":"Feature","id":2248,"geometry":{"type":"Point","coordinates":[114.03305397968055,22.326380196239484]},"properties":{"OBJECTID":2248,"GEO_NAME_ID":"2612","PLACE_CLASS":"Settlement","PLACE_TYPE":"Village","DISTRICT":"TW"}},{"type":"Feature","id":2249,"geometry":{"type":"Point","coordinates":[114.01876100264325,22.451213443356771]},"properties":{"OBJECTID":2249,"GEO_NAME_ID":"2613","PLACE_CLASS":"Settlement","PLACE_TYPE":"Area","DISTRICT":"YL"}},{"type":"Feature","id":2250,"geometry":{"type":"Point","coordinates":[114.37335702010087,22.329900924602885]},"properties":{"OBJECTID":2250,"GEO_NAME_ID":"2614","PLACE_CLASS":"Topographic","PLACE_TYPE":"Island","DISTRICT":"SK"}},{"type":"Feature","id":2251,"geometry":{"type":"Point","coordinates":[114.02688973936746,22.453812931952886]},"properties":{"OBJECTID":2251,"GEO_NAME_ID":"2615","PLACE_CLASS":"Settlement","PLACE_TYPE":"Village","DISTRICT":"YL"}},{"type":"Feature","id":2252,"geometry":{"type":"Point","coordinates":[114.02681254077507,22.455186260894987]},"properties":{"OBJECTID":2252,"GEO_NAME_ID":"2616","PLACE_CLASS":"Settlement","PLACE_TYPE":"Village","DISTRICT":"YL"}},{"type":"Feature","id":2253,"geometry":{"type":"Point","coordinates":[114.37781909767538,22.32781842757953]},"properties":{"OBJECTID":2253,"GEO_NAME_ID":"2617","PLACE_CLASS":"Topographic","PLACE_TYPE":"Cape","DISTRICT":"SK"}},{"type":"Feature","id":2254,"geometry":{"type":"Point","coordinates":[114.02725983975431,22.452955385236518]},"properties":{"OBJECTID":2254,"GEO_NAME_ID":"2618","PLACE_CLASS":"Settlement","PLACE_TYPE":"Village","DISTRICT":"YL"}},{"type":"Feature","id":2255,"geometry":{"type":"Point","coordinates":[114.02496675971459,22.453533267642644]},"properties":{"OBJECTID":2255,"GEO_NAME_ID":"2619","PLACE_CLASS":"Settlement","PLACE_TYPE":"Village","DISTRICT":"YL"}},{"type":"Feature","id":2256,"geometry":{"type":"Point","coordinates":[114.02750210089606,22.45353355667503]},"properties":{"OBJECTID":2256,"GEO_NAME_ID":"2620","PLACE_CLASS":"Settlement","PLACE_TYPE":"Village","DISTRICT":"YL"}},{"type":"Feature","id":2257,"geometry":{"type":"Point","coordinates":[114.02630852956231,22.452232066832778]},"properties":{"OBJECTID":2257,"GEO_NAME_ID":"2621","PLACE_CLASS":"Settlement","PLACE_TYPE":"Village","DISTRICT":"YL"}},{"type":"Feature","id":2258,"geometry":{"type":"Point","coordinates":[114.23917513146949,22.358942002344364]},"properties":{"OBJECTID":2258,"GEO_NAME_ID":"2622","PLACE_CLASS":"Settlement","PLACE_TYPE":"Village","DISTRICT":"SK"}},{"type":"Feature","id":2259,"geometry":{"type":"Point","coordinates":[113.86970059043372,22.252924410455567]},"properties":{"OBJECTID":2259,"GEO_NAME_ID":"2624","PLACE_CLASS":"Settlement","PLACE_TYPE":"Village","DISTRICT":"ILD"}},{"type":"Feature","id":2260,"geometry":{"type":"Point","coordinates":[114.17884802807301,22.552684077989827]},"properties":{"OBJECTID":2260,"GEO_NAME_ID":"2625","PLACE_CLASS":"Settlement","PLACE_TYPE":"Area","DISTRICT":"NTH"}},{"type":"Feature","id":2261,"geometry":{"type":"Point","coordinates":[114.25920574056831,22.493306436573842]},"properties":{"OBJECTID":2261,"GEO_NAME_ID":"2626","PLACE_CLASS":"Topographic","PLACE_TYPE":"Hill","DISTRICT":"TP"}},{"type":"Feature","id":2262,"geometry":{"type":"Point","coordinates":[114.16294617745388,22.515911884750206]},"properties":{"OBJECTID":2262,"GEO_NAME_ID":"2627","PLACE_CLASS":"Topographic","PLACE_TYPE":"Hill","DISTRICT":"NTH"}},{"type":"Feature","id":2263,"geometry":{"type":"Point","coordinates":[114.2639187430148,22.492906621642764]},"properties":{"OBJECTID":2263,"GEO_NAME_ID":"2628","PLACE_CLASS":"Topographic","PLACE_TYPE":"Pass","DISTRICT":"NTH"}},{"type":"Feature","id":2264,"geometry":{"type":"Point","coordinates":[114.26384741440602,22.487623877792913]},"properties":{"OBJECTID":2264,"GEO_NAME_ID":"2629","PLACE_CLASS":"Settlement","PLACE_TYPE":"Area","DISTRICT":"TP"}},{"type":"Feature","id":2265,"geometry":{"type":"Point","coordinates":[114.26007697827305,22.487643929659406]},"properties":{"OBJECTID":2265,"GEO_NAME_ID":"2630","PLACE_CLASS":"Settlement","PLACE_TYPE":"Area","DISTRICT":"TP"}},{"type":"Feature","id":2266,"geometry":{"type":"Point","coordinates":[114.1147403274377,22.22335634381345]},"properties":{"OBJECTID":2266,"GEO_NAME_ID":"2631","PLACE_CLASS":"Settlement","PLACE_TYPE":"Village","DISTRICT":"ILD"}},{"type":"Feature","id":2267,"geometry":{"type":"Point","coordinates":[114.36028925063668,22.275886280638147]},"properties":{"OBJECTID":2267,"GEO_NAME_ID":"2632","PLACE_CLASS":"Topographic","PLACE_TYPE":"Reef","DISTRICT":"SK"}},{"type":"Feature","id":2268,"geometry":{"type":"Point","coordinates":[114.22800184248938,22.495369263303182]},"properties":{"OBJECTID":2268,"GEO_NAME_ID":"2633","PLACE_CLASS":"Settlement","PLACE_TYPE":"Village","DISTRICT":"NTH"}},{"type":"Feature","id":2269,"geometry":{"type":"Point","coordinates":[114.172033857757,22.521023603600945]},"properties":{"OBJECTID":2269,"GEO_NAME_ID":"2634","PLACE_CLASS":"Settlement","PLACE_TYPE":"Village","DISTRICT":"NTH"}},{"type":"Feature","id":2270,"geometry":{"type":"Point","coordinates":[114.22412455903576,22.496183183234717]},"properties":{"OBJECTID":2270,"GEO_NAME_ID":"2635","PLACE_CLASS":"Settlement","PLACE_TYPE":"Village","DISTRICT":"NTH"}},{"type":"Feature","id":2271,"geometry":{"type":"Point","coordinates":[114.18692155043108,22.340441040055595]},"properties":{"OBJECTID":2271,"GEO_NAME_ID":"2636","PLACE_CLASS":"Settlement","PLACE_TYPE":"Area","DISTRICT":"WTS"}},{"type":"Feature","id":2272,"geometry":{"type":"Point","coordinates":[114.35113214173444,22.387234039413428]},"properties":{"OBJECTID":2272,"GEO_NAME_ID":"2638","PLACE_CLASS":"Topographic","PLACE_TYPE":"Hill","DISTRICT":"SK"}},{"type":"Feature","id":2273,"geometry":{"type":"Point","coordinates":[114.09367033015728,22.441326907803504]},"properties":{"OBJECTID":2273,"GEO_NAME_ID":"2639","PLACE_CLASS":"Settlement","PLACE_TYPE":"Village","DISTRICT":"YL"}},{"type":"Feature","id":2274,"geometry":{"type":"Point","coordinates":[114.09591482709523,22.440524338127045]},"properties":{"OBJECTID":2274,"GEO_NAME_ID":"2640","PLACE_CLASS":"Settlement","PLACE_TYPE":"Village","DISTRICT":"YL"}},{"type":"Feature","id":2275,"geometry":{"type":"Point","coordinates":[114.08898804438662,22.443599062750181]},"properties":{"OBJECTID":2275,"GEO_NAME_ID":"2641","PLACE_CLASS":"Settlement","PLACE_TYPE":"Village","DISTRICT":"YL"}},{"type":"Feature","id":2276,"geometry":{"type":"Point","coordinates":[114.0934866679422,22.439800666601066]},"properties":{"OBJECTID":2276,"GEO_NAME_ID":"2642","PLACE_CLASS":"Settlement","PLACE_TYPE":"Village","DISTRICT":"YL"}},{"type":"Feature","id":2277,"geometry":{"type":"Point","coordinates":[114.09102965232255,22.438652511884811]},"properties":{"OBJECTID":2277,"GEO_NAME_ID":"2643","PLACE_CLASS":"Settlement","PLACE_TYPE":"Village","DISTRICT":"YL"}},{"type":"Feature","id":2278,"geometry":{"type":"Point","coordinates":[114.09590725060563,22.444257432450549]},"properties":{"OBJECTID":2278,"GEO_NAME_ID":"2644","PLACE_CLASS":"Settlement","PLACE_TYPE":"Village","DISTRICT":"YL"}},{"type":"Feature","id":2279,"geometry":{"type":"Point","coordinates":[114.09612764976738,22.442068651984453]},"properties":{"OBJECTID":2279,"GEO_NAME_ID":"2645","PLACE_CLASS":"Settlement","PLACE_TYPE":"Village","DISTRICT":"YL"}},{"type":"Feature","id":2280,"geometry":{"type":"Point","coordinates":[114.09136788578502,22.441533405709247]},"properties":{"OBJECTID":2280,"GEO_NAME_ID":"2646","PLACE_CLASS":"Settlement","PLACE_TYPE":"Village","DISTRICT":"YL"}},{"type":"Feature","id":2281,"geometry":{"type":"Point","coordinates":[113.99601628771742,22.272024152394309]},"properties":{"OBJECTID":2281,"GEO_NAME_ID":"2647","PLACE_CLASS":"Settlement","PLACE_TYPE":"Village","DISTRICT":"ILD"}},{"type":"Feature","id":2282,"geometry":{"type":"Point","coordinates":[113.99752463037343,22.24569251006583]},"properties":{"OBJECTID":2282,"GEO_NAME_ID":"2648","PLACE_CLASS":"Settlement","PLACE_TYPE":"Village","DISTRICT":"ILD"}},{"type":"Feature","id":2283,"geometry":{"type":"Point","coordinates":[113.99486669156653,22.275644143773359]},"properties":{"OBJECTID":2283,"GEO_NAME_ID":"2649","PLACE_CLASS":"Hydrographic","PLACE_TYPE":"River","DISTRICT":"ILD"}},{"type":"Feature","id":2284,"geometry":{"type":"Point","coordinates":[114.13362603744348,22.251447879320491]},"properties":{"OBJECTID":2284,"GEO_NAME_ID":"2650","PLACE_CLASS":"Hydrographic","PLACE_TYPE":"Bay","DISTRICT":"STH"}},{"type":"Feature","id":2285,"geometry":{"type":"Point","coordinates":[114.23204474347932,22.37291483608967]},"properties":{"OBJECTID":2285,"GEO_NAME_ID":"2651","PLACE_CLASS":"Topographic","PLACE_TYPE":"Hill","DISTRICT":"ST"}},{"type":"Feature","id":2286,"geometry":{"type":"Point","coordinates":[114.07737906220684,22.222525035154046]},"properties":{"OBJECTID":2286,"GEO_NAME_ID":"2652","PLACE_CLASS":"Hydrographic","PLACE_TYPE":"Channel","DISTRICT":"ILD"}},{"type":"Feature","id":2287,"geometry":{"type":"Point","coordinates":[114.2433431403976,22.221674880593998]},"properties":{"OBJECTID":2287,"GEO_NAME_ID":"2655","PLACE_CLASS":"Topographic","PLACE_TYPE":"Pass","DISTRICT":"STH"}},{"type":"Feature","id":2288,"geometry":{"type":"Point","coordinates":[114.05243703992974,22.461788266488668]},"properties":{"OBJECTID":2288,"GEO_NAME_ID":"2656","PLACE_CLASS":"Settlement","PLACE_TYPE":"Village","DISTRICT":"YL"}},{"type":"Feature","id":2289,"geometry":{"type":"Point","coordinates":[114.06723819596337,22.440308748520472]},"properties":{"OBJECTID":2289,"GEO_NAME_ID":"2657","PLACE_CLASS":"Settlement","PLACE_TYPE":"Village","DISTRICT":"YL"}},{"type":"Feature","id":2290,"geometry":{"type":"Point","coordinates":[114.15089664016828,22.500865775437887]},"properties":{"OBJECTID":2290,"GEO_NAME_ID":"2658","PLACE_CLASS":"Settlement","PLACE_TYPE":"Village","DISTRICT":"NTH"}},{"type":"Feature","id":2291,"geometry":{"type":"Point","coordinates":[114.01697524998831,22.449622329966207]},"properties":{"OBJECTID":2291,"GEO_NAME_ID":"2659","PLACE_CLASS":"Settlement","PLACE_TYPE":"Village","DISTRICT":"YL"}},{"type":"Feature","id":2292,"geometry":{"type":"Point","coordinates":[114.14978854633634,22.501768632294777]},"properties":{"OBJECTID":2292,"GEO_NAME_ID":"2660","PLACE_CLASS":"Settlement","PLACE_TYPE":"Village","DISTRICT":"NTH"}},{"type":"Feature","id":2293,"geometry":{"type":"Point","coordinates":[114.0763553916473,22.500538525326114]},"properties":{"OBJECTID":2293,"GEO_NAME_ID":"2661","PLACE_CLASS":"Settlement","PLACE_TYPE":"Village","DISTRICT":"YL"}},{"type":"Feature","id":2294,"geometry":{"type":"Point","coordinates":[114.19800718352099,22.530937624294534]},"properties":{"OBJECTID":2294,"GEO_NAME_ID":"2663","PLACE_CLASS":"Settlement","PLACE_TYPE":"Village","DISTRICT":"NTH"}},{"type":"Feature","id":2295,"geometry":{"type":"Point","coordinates":[114.14475826794032,22.48451061474611]},"properties":{"OBJECTID":2295,"GEO_NAME_ID":"2664","PLACE_CLASS":"Settlement","PLACE_TYPE":"Village","DISTRICT":"NTH"}},{"type":"Feature","id":2296,"geometry":{"type":"Point","coordinates":[114.14014473633694,22.475966858882437]},"properties":{"OBJECTID":2296,"GEO_NAME_ID":"2665","PLACE_CLASS":"Settlement","PLACE_TYPE":"Area","DISTRICT":"NTH"}},{"type":"Feature","id":2297,"geometry":{"type":"Point","coordinates":[114.14815917226512,22.485477509505024]},"properties":{"OBJECTID":2297,"GEO_NAME_ID":"2667","PLACE_CLASS":"Settlement","PLACE_TYPE":"Village","DISTRICT":"NTH"}},{"type":"Feature","id":2298,"geometry":{"type":"Point","coordinates":[114.14696408378023,22.48470970766342]},"properties":{"OBJECTID":2298,"GEO_NAME_ID":"2668","PLACE_CLASS":"Settlement","PLACE_TYPE":"Village","DISTRICT":"NTH"}},{"type":"Feature","id":2299,"geometry":{"type":"Point","coordinates":[114.16994329395648,22.536438354239465]},"properties":{"OBJECTID":2299,"GEO_NAME_ID":"2669","PLACE_CLASS":"Settlement","PLACE_TYPE":"Village","DISTRICT":"NTH"}},{"type":"Feature","id":2300,"geometry":{"type":"Point","coordinates":[114.17671888002785,22.535824438194538]},"properties":{"OBJECTID":2300,"GEO_NAME_ID":"2670","PLACE_CLASS":"Topographic","PLACE_TYPE":"Hill","DISTRICT":"NTH"}},{"type":"Feature","id":2301,"geometry":{"type":"Point","coordinates":[114.13025501641587,22.440835903031818]},"properties":{"OBJECTID":2301,"GEO_NAME_ID":"2671","PLACE_CLASS":"Settlement","PLACE_TYPE":"Village","DISTRICT":"TP"}},{"type":"Feature","id":2302,"geometry":{"type":"Point","coordinates":[114.27989409658591,22.399423077991141]},"properties":{"OBJECTID":2302,"GEO_NAME_ID":"2672","PLACE_CLASS":"Settlement","PLACE_TYPE":"Village","DISTRICT":"SK"}},{"type":"Feature","id":2303,"geometry":{"type":"Point","coordinates":[114.19753067158706,22.398723126776272]},"properties":{"OBJECTID":2303,"GEO_NAME_ID":"2673","PLACE_CLASS":"Settlement","PLACE_TYPE":"Village","DISTRICT":"ST"}},{"type":"Feature","id":2304,"geometry":{"type":"Point","coordinates":[113.94253919615133,22.269671074351791]},"properties":{"OBJECTID":2304,"GEO_NAME_ID":"2674","PLACE_CLASS":"Topographic","PLACE_TYPE":"Hill","DISTRICT":"ILD"}},{"type":"Feature","id":2305,"geometry":{"type":"Point","coordinates":[114.25193759346504,22.350583326846216]},"properties":{"OBJECTID":2305,"GEO_NAME_ID":"2676","PLACE_CLASS":"Settlement","PLACE_TYPE":"Village","DISTRICT":"SK"}},{"type":"Feature","id":2306,"geometry":{"type":"Point","coordinates":[113.99484975610667,22.430725306743522]},"properties":{"OBJECTID":2306,"GEO_NAME_ID":"2677","PLACE_CLASS":"Settlement","PLACE_TYPE":"Village","DISTRICT":"TM"}},{"type":"Feature","id":2307,"geometry":{"type":"Point","coordinates":[114.05271250256637,22.48703064994147]},"properties":{"OBJECTID":2307,"GEO_NAME_ID":"2678","PLACE_CLASS":"Settlement","PLACE_TYPE":"Village","DISTRICT":"YL"}},{"type":"Feature","id":2308,"geometry":{"type":"Point","coordinates":[113.99225125615392,22.279723026239157]},"properties":{"OBJECTID":2308,"GEO_NAME_ID":"2679","PLACE_CLASS":"Topographic","PLACE_TYPE":"Pass","DISTRICT":"ILD"}},{"type":"Feature","id":2309,"geometry":{"type":"Point","coordinates":[114.401919099064,22.435700944605809]},"properties":{"OBJECTID":2309,"GEO_NAME_ID":"2680","PLACE_CLASS":"Topographic","PLACE_TYPE":"Island","DISTRICT":"SK"}},{"type":"Feature","id":2310,"geometry":{"type":"Point","coordinates":[114.18271135946677,22.407890303122578]},"properties":{"OBJECTID":2310,"GEO_NAME_ID":"2681","PLACE_CLASS":"Settlement","PLACE_TYPE":"Village","DISTRICT":"ST"}},{"type":"Feature","id":2311,"geometry":{"type":"Point","coordinates":[113.98944439698126,22.274418845534566]},"properties":{"OBJECTID":2311,"GEO_NAME_ID":"2682","PLACE_CLASS":"Settlement","PLACE_TYPE":"Village","DISTRICT":"ILD"}},{"type":"Feature","id":2312,"geometry":{"type":"Point","coordinates":[114.19927106490324,22.532129460378172]},"properties":{"OBJECTID":2312,"GEO_NAME_ID":"2683","PLACE_CLASS":"Settlement","PLACE_TYPE":"Village","DISTRICT":"NTH"}},{"type":"Feature","id":2313,"geometry":{"type":"Point","coordinates":[114.26535926962401,22.389290433247623]},"properties":{"OBJECTID":2313,"GEO_NAME_ID":"2684","PLACE_CLASS":"Settlement","PLACE_TYPE":"Village","DISTRICT":"SK"}},{"type":"Feature","id":2314,"geometry":{"type":"Point","coordinates":[114.27424167983646,22.315180642567693]},"properties":{"OBJECTID":2314,"GEO_NAME_ID":"2685","PLACE_CLASS":"Settlement","PLACE_TYPE":"Village","DISTRICT":"SK"}},{"type":"Feature","id":2315,"geometry":{"type":"Point","coordinates":[114.14228624444036,22.460633666090562]},"properties":{"OBJECTID":2315,"GEO_NAME_ID":"2686","PLACE_CLASS":"Settlement","PLACE_TYPE":"Village","DISTRICT":"TP"}},{"type":"Feature","id":2316,"geometry":{"type":"Point","coordinates":[114.13944068152691,22.383765597207098]},"properties":{"OBJECTID":2316,"GEO_NAME_ID":"2687","PLACE_CLASS":"Settlement","PLACE_TYPE":"Village","DISTRICT":"TW"}},{"type":"Feature","id":2317,"geometry":{"type":"Point","coordinates":[114.08115813155604,22.356216574840246]},"properties":{"OBJECTID":2317,"GEO_NAME_ID":"2688","PLACE_CLASS":"Settlement","PLACE_TYPE":"Area","DISTRICT":"KC"}},{"type":"Feature","id":2318,"geometry":{"type":"Point","coordinates":[114.28433671992475,22.506033503687231]},"properties":{"OBJECTID":2318,"GEO_NAME_ID":"2690","PLACE_CLASS":"Hydrographic","PLACE_TYPE":"Stream","DISTRICT":"NTH"}},{"type":"Feature","id":2319,"geometry":{"type":"Point","coordinates":[114.16959856287644,22.247832160213314]},"properties":{"OBJECTID":2319,"GEO_NAME_ID":"2691","PLACE_CLASS":"Settlement","PLACE_TYPE":"Area","DISTRICT":"STH"}},{"type":"Feature","id":2320,"geometry":{"type":"Point","coordinates":[114.17645718775532,22.249141768021573]},"properties":{"OBJECTID":2320,"GEO_NAME_ID":"2692","PLACE_CLASS":"Settlement","PLACE_TYPE":"Village","DISTRICT":"STH"}},{"type":"Feature","id":2321,"geometry":{"type":"Point","coordinates":[114.15992163271707,22.208647255959665]},"properties":{"OBJECTID":2321,"GEO_NAME_ID":"2693","PLACE_CLASS":"Topographic","PLACE_TYPE":"Cape","DISTRICT":"ILD"}},{"type":"Feature","id":2322,"geometry":{"type":"Point","coordinates":[114.31354309670327,22.50704985893821]},"properties":{"OBJECTID":2322,"GEO_NAME_ID":"2694","PLACE_CLASS":"Hydrographic","PLACE_TYPE":"Harbour","DISTRICT":"NTH"}},{"type":"Feature","id":2323,"geometry":{"type":"Point","coordinates":[114.33381201601955,22.511320803566083]},"properties":{"OBJECTID":2323,"GEO_NAME_ID":"2695","PLACE_CLASS":"Topographic","PLACE_TYPE":"Cape","DISTRICT":"NTH"}},{"type":"Feature","id":2324,"geometry":{"type":"Point","coordinates":[114.31410083426604,22.431961529530337]},"properties":{"OBJECTID":2324,"GEO_NAME_ID":"2696","PLACE_CLASS":"Settlement","PLACE_TYPE":"Village","DISTRICT":"TP"}},{"type":"Feature","id":2325,"geometry":{"type":"Point","coordinates":[114.23882475678533,22.378926712834989]},"properties":{"OBJECTID":2325,"GEO_NAME_ID":"2697","PLACE_CLASS":"Settlement","PLACE_TYPE":"Village","DISTRICT":"ST"}},{"type":"Feature","id":2326,"geometry":{"type":"Point","coordinates":[114.23210391656752,22.473396925931276]},"properties":{"OBJECTID":2326,"GEO_NAME_ID":"2698","PLACE_CLASS":"Settlement","PLACE_TYPE":"Village","DISTRICT":"TP"}},{"type":"Feature","id":2327,"geometry":{"type":"Point","coordinates":[114.28383689603923,22.399330211873632]},"properties":{"OBJECTID":2327,"GEO_NAME_ID":"2699","PLACE_CLASS":"Settlement","PLACE_TYPE":"Village","DISTRICT":"SK"}},{"type":"Feature","id":2328,"geometry":{"type":"Point","coordinates":[114.17735995090121,22.397315691193626]},"properties":{"OBJECTID":2328,"GEO_NAME_ID":"2700","PLACE_CLASS":"Settlement","PLACE_TYPE":"Village","DISTRICT":"ST"}},{"type":"Feature","id":2329,"geometry":{"type":"Point","coordinates":[114.26593264045,22.405210890810572]},"properties":{"OBJECTID":2329,"GEO_NAME_ID":"2701","PLACE_CLASS":"Settlement","PLACE_TYPE":"Village","DISTRICT":"TP"}},{"type":"Feature","id":2330,"geometry":{"type":"Point","coordinates":[114.10556486258866,22.433340641482587]},"properties":{"OBJECTID":2330,"GEO_NAME_ID":"2702","PLACE_CLASS":"Settlement","PLACE_TYPE":"Village","DISTRICT":"YL"}},{"type":"Feature","id":2331,"geometry":{"type":"Point","coordinates":[113.83016694979163,22.233609804495664]},"properties":{"OBJECTID":2331,"GEO_NAME_ID":"2703","PLACE_CLASS":"Topographic","PLACE_TYPE":"Reef","DISTRICT":"ILD"}},{"type":"Feature","id":2332,"geometry":{"type":"Point","coordinates":[114.28948313326686,22.536308776977091]},"properties":{"OBJECTID":2332,"GEO_NAME_ID":"2704","PLACE_CLASS":"Topographic","PLACE_TYPE":"Hill","DISTRICT":"NTH"}},{"type":"Feature","id":2333,"geometry":{"type":"Point","coordinates":[113.97906936931295,22.40024705193726]},"properties":{"OBJECTID":2333,"GEO_NAME_ID":"2705","PLACE_CLASS":"Settlement","PLACE_TYPE":"Village","DISTRICT":"TM"}},{"type":"Feature","id":2334,"geometry":{"type":"Point","coordinates":[113.9344153294651,22.276982959021851]},"properties":{"OBJECTID":2334,"GEO_NAME_ID":"2706","PLACE_CLASS":"Settlement","PLACE_TYPE":"Village","DISTRICT":"ILD"}},{"type":"Feature","id":2335,"geometry":{"type":"Point","coordinates":[114.317511248077,22.394256376835145]},"properties":{"OBJECTID":2335,"GEO_NAME_ID":"2707","PLACE_CLASS":"Settlement","PLACE_TYPE":"Village","DISTRICT":"SK"}},{"type":"Feature","id":2336,"geometry":{"type":"Point","coordinates":[114.2337900069496,22.342941840124475]},"properties":{"OBJECTID":2336,"GEO_NAME_ID":"2708","PLACE_CLASS":"Settlement","PLACE_TYPE":"Village","DISTRICT":"SK"}},{"type":"Feature","id":2337,"geometry":{"type":"Point","coordinates":[114.30418710761224,22.531981310327627]},"properties":{"OBJECTID":2337,"GEO_NAME_ID":"2709","PLACE_CLASS":"Topographic","PLACE_TYPE":"Cape","DISTRICT":"NTH"}},{"type":"Feature","id":2338,"geometry":{"type":"Point","coordinates":[114.29990063152339,22.532400040623248]},"properties":{"OBJECTID":2338,"GEO_NAME_ID":"2710","PLACE_CLASS":"Topographic","PLACE_TYPE":"Cape","DISTRICT":"NTH"}},{"type":"Feature","id":2339,"geometry":{"type":"Point","coordinates":[114.3043061018011,22.534536802597934]},"properties":{"OBJECTID":2339,"GEO_NAME_ID":"2711","PLACE_CLASS":"Topographic","PLACE_TYPE":"Hill","DISTRICT":"NTH"}},{"type":"Feature","id":2340,"geometry":{"type":"Point","coordinates":[114.14413498336215,22.490335101559289]},"properties":{"OBJECTID":2340,"GEO_NAME_ID":"2712","PLACE_CLASS":"Topographic","PLACE_TYPE":"Hill","DISTRICT":"NTH"}},{"type":"Feature","id":2341,"geometry":{"type":"Point","coordinates":[113.98847791803551,22.278824663312182]},"properties":{"OBJECTID":2341,"GEO_NAME_ID":"2713","PLACE_CLASS":"Settlement","PLACE_TYPE":"Village","DISTRICT":"ILD"}},{"type":"Feature","id":2342,"geometry":{"type":"Point","coordinates":[114.2078643619808,22.489188573299632]},"properties":{"OBJECTID":2342,"GEO_NAME_ID":"2714","PLACE_CLASS":"Topographic","PLACE_TYPE":"Hill","DISTRICT":"NTH"}},{"type":"Feature","id":2343,"geometry":{"type":"Point","coordinates":[113.95037295201668,22.273303453920676]},"properties":{"OBJECTID":2343,"GEO_NAME_ID":"2715","PLACE_CLASS":"Settlement","PLACE_TYPE":"Village","DISTRICT":"ILD"}},{"type":"Feature","id":2344,"geometry":{"type":"Point","coordinates":[114.33395721329555,22.433261877852509]},"properties":{"OBJECTID":2344,"GEO_NAME_ID":"2716","PLACE_CLASS":"Settlement","PLACE_TYPE":"Area","DISTRICT":"TP"}},{"type":"Feature","id":2345,"geometry":{"type":"Point","coordinates":[114.39499338184601,22.448353026577024]},"properties":{"OBJECTID":2345,"GEO_NAME_ID":"2717","PLACE_CLASS":"Topographic","PLACE_TYPE":"Island","DISTRICT":"SK"}},{"type":"Feature","id":2346,"geometry":{"type":"Point","coordinates":[114.17423006346523,22.548232113017249]},"properties":{"OBJECTID":2346,"GEO_NAME_ID":"2718","PLACE_CLASS":"Topographic","PLACE_TYPE":"Hill","DISTRICT":"NTH"}},{"type":"Feature","id":2347,"geometry":{"type":"Point","coordinates":[114.35559887414485,22.44782351573178]},"properties":{"OBJECTID":2347,"GEO_NAME_ID":"2719","PLACE_CLASS":"Settlement","PLACE_TYPE":"Area","DISTRICT":"TP"}},{"type":"Feature","id":2348,"geometry":{"type":"Point","coordinates":[114.29469764609553,22.403241892551826]},"properties":{"OBJECTID":2348,"GEO_NAME_ID":"2720","PLACE_CLASS":"Settlement","PLACE_TYPE":"Village","DISTRICT":"SK"}},{"type":"Feature","id":2349,"geometry":{"type":"Point","coordinates":[114.27329120956087,22.527126400696169]},"properties":{"OBJECTID":2349,"GEO_NAME_ID":"2721","PLACE_CLASS":"Topographic","PLACE_TYPE":"Island","DISTRICT":"NTH"}},{"type":"Feature","id":2350,"geometry":{"type":"Point","coordinates":[114.31163319743875,22.541998918185303]},"properties":{"OBJECTID":2350,"GEO_NAME_ID":"2722","PLACE_CLASS":"Topographic","PLACE_TYPE":"Island","DISTRICT":"NTH"}},{"type":"Feature","id":2351,"geometry":{"type":"Point","coordinates":[114.3694948335897,22.344805950378227]},"properties":{"OBJECTID":2351,"GEO_NAME_ID":"2723","PLACE_CLASS":"Topographic","PLACE_TYPE":"Island","DISTRICT":"SK"}},{"type":"Feature","id":2352,"geometry":{"type":"Point","coordinates":[114.31458805549381,22.384253100665042]},"properties":{"OBJECTID":2352,"GEO_NAME_ID":"2724","PLACE_CLASS":"Topographic","PLACE_TYPE":"Island","DISTRICT":"SK"}},{"type":"Feature","id":2353,"geometry":{"type":"Point","coordinates":[114.19280459593479,22.258135527490474]},"properties":{"OBJECTID":2353,"GEO_NAME_ID":"2725","PLACE_CLASS":"Topographic","PLACE_TYPE":"Pass","DISTRICT":"WC"}},{"type":"Feature","id":2354,"geometry":{"type":"Point","coordinates":[114.19918581662029,22.424956483744459]},"properties":{"OBJECTID":2354,"GEO_NAME_ID":"2726","PLACE_CLASS":"Settlement","PLACE_TYPE":"Village","DISTRICT":"TP"}},{"type":"Feature","id":2355,"geometry":{"type":"Point","coordinates":[114.21680316050302,22.382031121297604]},"properties":{"OBJECTID":2355,"GEO_NAME_ID":"2727","PLACE_CLASS":"Settlement","PLACE_TYPE":"Village","DISTRICT":"ST"}},{"type":"Feature","id":2356,"geometry":{"type":"Point","coordinates":[114.02284837502911,22.418427859126588]},"properties":{"OBJECTID":2356,"GEO_NAME_ID":"2729","PLACE_CLASS":"Settlement","PLACE_TYPE":"Village","DISTRICT":"YL"}},{"type":"Feature","id":2357,"geometry":{"type":"Point","coordinates":[113.93734372945607,22.283796361624617]},"properties":{"OBJECTID":2357,"GEO_NAME_ID":"2730","PLACE_CLASS":"Settlement","PLACE_TYPE":"Village","DISTRICT":"ILD"}},{"type":"Feature","id":2358,"geometry":{"type":"Point","coordinates":[114.19406637913615,22.341776961962815]},"properties":{"OBJECTID":2358,"GEO_NAME_ID":"2731","PLACE_CLASS":"Settlement","PLACE_TYPE":"Area","DISTRICT":"WTS"}},{"type":"Feature","id":2359,"geometry":{"type":"Point","coordinates":[114.28572860159983,22.434096277959767]},"properties":{"OBJECTID":2359,"GEO_NAME_ID":"2732","PLACE_CLASS":"Topographic","PLACE_TYPE":"Hill","DISTRICT":"TP"}},{"type":"Feature","id":2360,"geometry":{"type":"Point","coordinates":[114.03835970089587,22.447836007475221]},"properties":{"OBJECTID":2360,"GEO_NAME_ID":"2733","PLACE_CLASS":"Settlement","PLACE_TYPE":"Village","DISTRICT":"YL"}},{"type":"Feature","id":2361,"geometry":{"type":"Point","coordinates":[114.19961555093714,22.379776823002899]},"properties":{"OBJECTID":2361,"GEO_NAME_ID":"2734","PLACE_CLASS":"Settlement","PLACE_TYPE":"Village","DISTRICT":"ST"}},{"type":"Feature","id":2362,"geometry":{"type":"Point","coordinates":[114.3064499185023,22.508861796031109]},"properties":{"OBJECTID":2362,"GEO_NAME_ID":"2735","PLACE_CLASS":"Hydrographic","PLACE_TYPE":"Bay","DISTRICT":"NTH"}},{"type":"Feature","id":2363,"geometry":{"type":"Point","coordinates":[114.30900583992178,22.508642990310296]},"properties":{"OBJECTID":2363,"GEO_NAME_ID":"2736","PLACE_CLASS":"Settlement","PLACE_TYPE":"Village","DISTRICT":"NTH"}},{"type":"Feature","id":2364,"geometry":{"type":"Point","coordinates":[114.31359053041666,22.327289324677288]},"properties":{"OBJECTID":2364,"GEO_NAME_ID":"2737","PLACE_CLASS":"Topographic","PLACE_TYPE":"Reef","DISTRICT":"SK"}},{"type":"Feature","id":2365,"geometry":{"type":"Point","coordinates":[114.31208049861517,22.522149855005974]},"properties":{"OBJECTID":2365,"GEO_NAME_ID":"2738","PLACE_CLASS":"Topographic","PLACE_TYPE":"Hill","DISTRICT":"NTH"}},{"type":"Feature","id":2366,"geometry":{"type":"Point","coordinates":[114.30074404022122,22.508017431495965]},"properties":{"OBJECTID":2366,"GEO_NAME_ID":"2739","PLACE_CLASS":"Topographic","PLACE_TYPE":"Hill","DISTRICT":"NTH"}},{"type":"Feature","id":2367,"geometry":{"type":"Point","coordinates":[114.29476149108498,22.478799587871933]},"properties":{"OBJECTID":2367,"GEO_NAME_ID":"2740","PLACE_CLASS":"Hydrographic","PLACE_TYPE":"Bay","DISTRICT":"TP"}},{"type":"Feature","id":2368,"geometry":{"type":"Point","coordinates":[114.31033704447434,22.508316799321516]},"properties":{"OBJECTID":2368,"GEO_NAME_ID":"2741","PLACE_CLASS":"Topographic","PLACE_TYPE":"Cape","DISTRICT":"NTH"}},{"type":"Feature","id":2369,"geometry":{"type":"Point","coordinates":[114.43276695953004,22.544651219805434]},"properties":{"OBJECTID":2369,"GEO_NAME_ID":"2742","PLACE_CLASS":"Topographic","PLACE_TYPE":"Cape","DISTRICT":"TP"}},{"type":"Feature","id":2370,"geometry":{"type":"Point","coordinates":[114.31633771642753,22.38603964090003]},"properties":{"OBJECTID":2370,"GEO_NAME_ID":"2743","PLACE_CLASS":"Topographic","PLACE_TYPE":"Island","DISTRICT":"SK"}},{"type":"Feature","id":2371,"geometry":{"type":"Point","coordinates":[114.31847685512791,22.388819175906999]},"properties":{"OBJECTID":2371,"GEO_NAME_ID":"2744","PLACE_CLASS":"Settlement","PLACE_TYPE":"Village","DISTRICT":"SK"}},{"type":"Feature","id":2372,"geometry":{"type":"Point","coordinates":[114.20336953712594,22.461800111287449]},"properties":{"OBJECTID":2372,"GEO_NAME_ID":"2745","PLACE_CLASS":"Settlement","PLACE_TYPE":"Village","DISTRICT":"TP"}},{"type":"Feature","id":2373,"geometry":{"type":"Point","coordinates":[114.30445058088962,22.501323031533882]},"properties":{"OBJECTID":2373,"GEO_NAME_ID":"2746","PLACE_CLASS":"Topographic","PLACE_TYPE":"Island","DISTRICT":"NTH"}},{"type":"Feature","id":2374,"geometry":{"type":"Point","coordinates":[114.27305569244038,22.425444111718953]},"properties":{"OBJECTID":2374,"GEO_NAME_ID":"2747","PLACE_CLASS":"Topographic","PLACE_TYPE":"Island","DISTRICT":"TP"}},{"type":"Feature","id":2375,"geometry":{"type":"Point","coordinates":[114.30181411702452,22.498290890850026]},"properties":{"OBJECTID":2375,"GEO_NAME_ID":"2748","PLACE_CLASS":"Settlement","PLACE_TYPE":"Village","DISTRICT":"NTH"}},{"type":"Feature","id":2376,"geometry":{"type":"Point","coordinates":[114.24119912068407,22.432187644622751]},"properties":{"OBJECTID":2376,"GEO_NAME_ID":"2749","PLACE_CLASS":"Settlement","PLACE_TYPE":"Area","DISTRICT":"ST"}},{"type":"Feature","id":2377,"geometry":{"type":"Point","coordinates":[114.19332804496155,22.501517209437338]},"properties":{"OBJECTID":2377,"GEO_NAME_ID":"1501","PLACE_CLASS":"Topographic","PLACE_TYPE":"Pass","DISTRICT":"NTH"}},{"type":"Feature","id":2378,"geometry":{"type":"Point","coordinates":[114.30379376582007,22.302607677332833]},"properties":{"OBJECTID":2378,"GEO_NAME_ID":"1503","PLACE_CLASS":"Topographic","PLACE_TYPE":"Hill","DISTRICT":"SK"}},{"type":"Feature","id":2379,"geometry":{"type":"Point","coordinates":[114.30308240919042,22.407127700866127]},"properties":{"OBJECTID":2379,"GEO_NAME_ID":"1504","PLACE_CLASS":"Settlement","PLACE_TYPE":"Village","DISTRICT":"SK"}},{"type":"Feature","id":2380,"geometry":{"type":"Point","coordinates":[114.1628567353285,22.53543552506461]},"properties":{"OBJECTID":2380,"GEO_NAME_ID":"1505","PLACE_CLASS":"Settlement","PLACE_TYPE":"Village","DISTRICT":"NTH"}},{"type":"Feature","id":2381,"geometry":{"type":"Point","coordinates":[114.15256607339504,22.345650174631679]},"properties":{"OBJECTID":2381,"GEO_NAME_ID":"1506","PLACE_CLASS":"Topographic","PLACE_TYPE":"Hill","DISTRICT":"SSP"}},{"type":"Feature","id":2382,"geometry":{"type":"Point","coordinates":[114.21935141983796,22.459511991464975]},"properties":{"OBJECTID":2382,"GEO_NAME_ID":"1507","PLACE_CLASS":"Hydrographic","PLACE_TYPE":"Bay","DISTRICT":"TP"}},{"type":"Feature","id":2383,"geometry":{"type":"Point","coordinates":[114.16457404106885,22.240796961442392]},"properties":{"OBJECTID":2383,"GEO_NAME_ID":"1509","PLACE_CLASS":"Hydrographic","PLACE_TYPE":"Bay","DISTRICT":"STH"}},{"type":"Feature","id":2384,"geometry":{"type":"Point","coordinates":[113.86278843017354,22.259449331139074]},"properties":{"OBJECTID":2384,"GEO_NAME_ID":"1510","PLACE_CLASS":"Topographic","PLACE_TYPE":"Cape","DISTRICT":"ILD"}},{"type":"Feature","id":2385,"geometry":{"type":"Point","coordinates":[114.16259780919538,22.500894326060145]},"properties":{"OBJECTID":2385,"GEO_NAME_ID":"1511","PLACE_CLASS":"Settlement","PLACE_TYPE":"Village","DISTRICT":"NTH"}},{"type":"Feature","id":2386,"geometry":{"type":"Point","coordinates":[114.30527453652473,22.266294399055713]},"properties":{"OBJECTID":2386,"GEO_NAME_ID":"1512","PLACE_CLASS":"Topographic","PLACE_TYPE":"Hill","DISTRICT":"SK"}},{"type":"Feature","id":2387,"geometry":{"type":"Point","coordinates":[114.32235469189531,22.382602749255149]},"properties":{"OBJECTID":2387,"GEO_NAME_ID":"1513","PLACE_CLASS":"Hydrographic","PLACE_TYPE":"Bay","DISTRICT":"SK"}},{"type":"Feature","id":2388,"geometry":{"type":"Point","coordinates":[114.25389428643963,22.325007837717582]},"properties":{"OBJECTID":2388,"GEO_NAME_ID":"1514","PLACE_CLASS":"Settlement","PLACE_TYPE":"Area","DISTRICT":"SK"}},{"type":"Feature","id":2389,"geometry":{"type":"Point","coordinates":[114.12932511601623,22.489961169326985]},"properties":{"OBJECTID":2389,"GEO_NAME_ID":"1516","PLACE_CLASS":"Topographic","PLACE_TYPE":"Hill","DISTRICT":"NTH"}},{"type":"Feature","id":2390,"geometry":{"type":"Point","coordinates":[114.26502317100423,22.379880820484015]},"properties":{"OBJECTID":2390,"GEO_NAME_ID":"1517","PLACE_CLASS":"Settlement","PLACE_TYPE":"Village","DISTRICT":"SK"}},{"type":"Feature","id":2391,"geometry":{"type":"Point","coordinates":[114.08622473505403,22.418096548777363]},"properties":{"OBJECTID":2391,"GEO_NAME_ID":"1518","PLACE_CLASS":"Settlement","PLACE_TYPE":"Village","DISTRICT":"YL"}},{"type":"Feature","id":2392,"geometry":{"type":"Point","coordinates":[114.10293876331787,22.218519989090261]},"properties":{"OBJECTID":2392,"GEO_NAME_ID":"1519","PLACE_CLASS":"Topographic","PLACE_TYPE":"Cape","DISTRICT":"ILD"}},{"type":"Feature","id":2393,"geometry":{"type":"Point","coordinates":[114.19926695896045,22.423731659819264]},"properties":{"OBJECTID":2393,"GEO_NAME_ID":"1520","PLACE_CLASS":"Settlement","PLACE_TYPE":"Village","DISTRICT":"TP"}},{"type":"Feature","id":2394,"geometry":{"type":"Point","coordinates":[114.37839696342125,22.358431203009808]},"properties":{"OBJECTID":2394,"GEO_NAME_ID":"1522","PLACE_CLASS":"Topographic","PLACE_TYPE":"Island","DISTRICT":"SK"}},{"type":"Feature","id":2395,"geometry":{"type":"Point","coordinates":[114.21043531889407,22.471569719556204]},"properties":{"OBJECTID":2395,"GEO_NAME_ID":"1523","PLACE_CLASS":"Settlement","PLACE_TYPE":"Village","DISTRICT":"TP"}},{"type":"Feature","id":2396,"geometry":{"type":"Point","coordinates":[114.12408011709881,22.508670508410326]},"properties":{"OBJECTID":2396,"GEO_NAME_ID":"1524","PLACE_CLASS":"Settlement","PLACE_TYPE":"Village","DISTRICT":"NTH"}},{"type":"Feature","id":2397,"geometry":{"type":"Point","coordinates":[114.26269989756952,22.169070874152609]},"properties":{"OBJECTID":2397,"GEO_NAME_ID":"1525","PLACE_CLASS":"Topographic","PLACE_TYPE":"Island","DISTRICT":"ILD"}},{"type":"Feature","id":2398,"geometry":{"type":"Point","coordinates":[114.29459079374794,22.27606461147483]},"properties":{"OBJECTID":2398,"GEO_NAME_ID":"1526","PLACE_CLASS":"Hydrographic","PLACE_TYPE":"Bay","DISTRICT":"SK"}},{"type":"Feature","id":2399,"geometry":{"type":"Point","coordinates":[114.29578419620195,22.275991496625622]},"properties":{"OBJECTID":2399,"GEO_NAME_ID":"1527","PLACE_CLASS":"Settlement","PLACE_TYPE":"Village","DISTRICT":"SK"}},{"type":"Feature","id":2400,"geometry":{"type":"Point","coordinates":[113.97076216157788,22.416030940261269]},"properties":{"OBJECTID":2400,"GEO_NAME_ID":"1528","PLACE_CLASS":"Settlement","PLACE_TYPE":"Village","DISTRICT":"TM"}},{"type":"Feature","id":2401,"geometry":{"type":"Point","coordinates":[114.11070357741082,22.227246982516938]},"properties":{"OBJECTID":2401,"GEO_NAME_ID":"1529","PLACE_CLASS":"Settlement","PLACE_TYPE":"Village","DISTRICT":"ILD"}},{"type":"Feature","id":2402,"geometry":{"type":"Point","coordinates":[114.01843421044515,22.198727616499937]},"properties":{"OBJECTID":2402,"GEO_NAME_ID":"1530","PLACE_CLASS":"Hydrographic","PLACE_TYPE":"Bay","DISTRICT":"ILD"}},{"type":"Feature","id":2403,"geometry":{"type":"Point","coordinates":[114.13543755367209,22.260370645721707]},"properties":{"OBJECTID":2403,"GEO_NAME_ID":"1531","PLACE_CLASS":"Settlement","PLACE_TYPE":"Area","DISTRICT":"STH"}},{"type":"Feature","id":2404,"geometry":{"type":"Point","coordinates":[114.13781446201227,22.260569908273823]},"properties":{"OBJECTID":2404,"GEO_NAME_ID":"1533","PLACE_CLASS":"Settlement","PLACE_TYPE":"Village","DISTRICT":"STH"}},{"type":"Feature","id":2405,"geometry":{"type":"Point","coordinates":[114.20942908628892,22.53136014400064]},"properties":{"OBJECTID":2405,"GEO_NAME_ID":"1535","PLACE_CLASS":"Settlement","PLACE_TYPE":"Village","DISTRICT":"NTH"}},{"type":"Feature","id":2406,"geometry":{"type":"Point","coordinates":[113.95686995673042,22.281954659812364]},"properties":{"OBJECTID":2406,"GEO_NAME_ID":"1536","PLACE_CLASS":"Topographic","PLACE_TYPE":"Hill","DISTRICT":"ILD"}},{"type":"Feature","id":2407,"geometry":{"type":"Point","coordinates":[114.05289664484805,22.465746128814242]},"properties":{"OBJECTID":2407,"GEO_NAME_ID":"1537","PLACE_CLASS":"Settlement","PLACE_TYPE":"Village","DISTRICT":"YL"}},{"type":"Feature","id":2408,"geometry":{"type":"Point","coordinates":[113.96055138119223,22.285752452048587]},"properties":{"OBJECTID":2408,"GEO_NAME_ID":"1539","PLACE_CLASS":"Topographic","PLACE_TYPE":"Hill","DISTRICT":"ILD"}},{"type":"Feature","id":2409,"geometry":{"type":"Point","coordinates":[113.96297733205043,22.400271720093713]},"properties":{"OBJECTID":2409,"GEO_NAME_ID":"1540","PLACE_CLASS":"Topographic","PLACE_TYPE":"Hill","DISTRICT":"TM"}},{"type":"Feature","id":2410,"geometry":{"type":"Point","coordinates":[114.35892208046796,22.500412795614547]},"properties":{"OBJECTID":2410,"GEO_NAME_ID":"1541","PLACE_CLASS":"Topographic","PLACE_TYPE":"Island","DISTRICT":"TP"}},{"type":"Feature","id":2411,"geometry":{"type":"Point","coordinates":[114.29085905452951,22.340636024276872]},"properties":{"OBJECTID":2411,"GEO_NAME_ID":"1542","PLACE_CLASS":"Hydrographic","PLACE_TYPE":"Harbour","DISTRICT":"SK"}},{"type":"Feature","id":2412,"geometry":{"type":"Point","coordinates":[114.24043910532052,22.255866196593026]},"properties":{"OBJECTID":2412,"GEO_NAME_ID":"1543","PLACE_CLASS":"Topographic","PLACE_TYPE":"Pass","DISTRICT":"STH"}},{"type":"Feature","id":2413,"geometry":{"type":"Point","coordinates":[114.24660911594628,22.255475345831869]},"properties":{"OBJECTID":2413,"GEO_NAME_ID":"1544","PLACE_CLASS":"Topographic","PLACE_TYPE":"Hill","DISTRICT":"EST"}},{"type":"Feature","id":2414,"geometry":{"type":"Point","coordinates":[114.17914885461202,22.518820248392938]},"properties":{"OBJECTID":2414,"GEO_NAME_ID":"1546","PLACE_CLASS":"Topographic","PLACE_TYPE":"Hill","DISTRICT":"NTH"}},{"type":"Feature","id":2415,"geometry":{"type":"Point","coordinates":[113.97890864061301,22.24546588942415]},"properties":{"OBJECTID":2415,"GEO_NAME_ID":"1548","PLACE_CLASS":"Settlement","PLACE_TYPE":"Village","DISTRICT":"ILD"}},{"type":"Feature","id":2416,"geometry":{"type":"Point","coordinates":[113.97726182669997,22.244097567899644]},"properties":{"OBJECTID":2416,"GEO_NAME_ID":"1549","PLACE_CLASS":"Settlement","PLACE_TYPE":"Village","DISTRICT":"ILD"}},{"type":"Feature","id":2417,"geometry":{"type":"Point","coordinates":[113.97396271163372,22.237961680280417]},"properties":{"OBJECTID":2417,"GEO_NAME_ID":"1550","PLACE_CLASS":"Hydrographic","PLACE_TYPE":"Bay","DISTRICT":"ILD"}},{"type":"Feature","id":2418,"geometry":{"type":"Point","coordinates":[114.15369498734168,22.446024446234578]},"properties":{"OBJECTID":2418,"GEO_NAME_ID":"1551","PLACE_CLASS":"Settlement","PLACE_TYPE":"Village","DISTRICT":"TP"}},{"type":"Feature","id":2419,"geometry":{"type":"Point","coordinates":[114.16944335870575,22.431839080963599]},"properties":{"OBJECTID":2419,"GEO_NAME_ID":"1552","PLACE_CLASS":"Settlement","PLACE_TYPE":"Village","DISTRICT":"TP"}},{"type":"Feature","id":2420,"geometry":{"type":"Point","coordinates":[114.06810752349266,22.32172062708943]},"properties":{"OBJECTID":2420,"GEO_NAME_ID":"1553","PLACE_CLASS":"Topographic","PLACE_TYPE":"Rock","DISTRICT":"TW"}},{"type":"Feature","id":2421,"geometry":{"type":"Point","coordinates":[114.10049705493012,22.374811691575992]},"properties":{"OBJECTID":2421,"GEO_NAME_ID":"1554","PLACE_CLASS":"Settlement","PLACE_TYPE":"Village","DISTRICT":"TW"}},{"type":"Feature","id":2422,"geometry":{"type":"Point","coordinates":[114.08195775536275,22.508217744503018]},"properties":{"OBJECTID":2422,"GEO_NAME_ID":"1555","PLACE_CLASS":"Settlement","PLACE_TYPE":"Village","DISTRICT":"YL"}},{"type":"Feature","id":2423,"geometry":{"type":"Point","coordinates":[114.2528266823883,22.396765036371932]},"properties":{"OBJECTID":2423,"GEO_NAME_ID":"1556","PLACE_CLASS":"Topographic","PLACE_TYPE":"Hill","DISTRICT":"TP"}},{"type":"Feature","id":2424,"geometry":{"type":"Point","coordinates":[114.36596950413498,22.32214343837045]},"properties":{"OBJECTID":2424,"GEO_NAME_ID":"1557","PLACE_CLASS":"Topographic","PLACE_TYPE":"Island","DISTRICT":"SK"}},{"type":"Feature","id":2425,"geometry":{"type":"Point","coordinates":[114.21163354278779,22.28874646944854]},"properties":{"OBJECTID":2425,"GEO_NAME_ID":"1558","PLACE_CLASS":"Settlement","PLACE_TYPE":"Area","DISTRICT":"EST"}},{"type":"Feature","id":2426,"geometry":{"type":"Point","coordinates":[114.16348189844081,22.504036977677533]},"properties":{"OBJECTID":2426,"GEO_NAME_ID":"1559","PLACE_CLASS":"Topographic","PLACE_TYPE":"Hill","DISTRICT":"NTH"}},{"type":"Feature","id":2427,"geometry":{"type":"Point","coordinates":[114.11340341429428,22.34888154521304]},"properties":{"OBJECTID":2427,"GEO_NAME_ID":"1560","PLACE_CLASS":"Hydrographic","PLACE_TYPE":"Channel","DISTRICT":"KC"}},{"type":"Feature","id":2428,"geometry":{"type":"Point","coordinates":[114.25194108883642,22.338988084878903]},"properties":{"OBJECTID":2428,"GEO_NAME_ID":"1561","PLACE_CLASS":"Topographic","PLACE_TYPE":"Hill","DISTRICT":"SK"}},{"type":"Feature","id":2429,"geometry":{"type":"Point","coordinates":[114.22675146167776,22.232120300922556]},"properties":{"OBJECTID":2429,"GEO_NAME_ID":"1562","PLACE_CLASS":"Topographic","PLACE_TYPE":"Hill","DISTRICT":"STH"}},{"type":"Feature","id":2430,"geometry":{"type":"Point","coordinates":[114.19464508172959,22.23564895642048]},"properties":{"OBJECTID":2430,"GEO_NAME_ID":"1564","PLACE_CLASS":"Hydrographic","PLACE_TYPE":"Bay","DISTRICT":"STH"}},{"type":"Feature","id":2431,"geometry":{"type":"Point","coordinates":[114.19815660414892,22.236000730490055]},"properties":{"OBJECTID":2431,"GEO_NAME_ID":"1565","PLACE_CLASS":"Settlement","PLACE_TYPE":"Area","DISTRICT":"STH"}},{"type":"Feature","id":2432,"geometry":{"type":"Point","coordinates":[113.99672249551476,22.266073760082914]},"properties":{"OBJECTID":2432,"GEO_NAME_ID":"1568","PLACE_CLASS":"Hydrographic","PLACE_TYPE":"River","DISTRICT":"ILD"}},{"type":"Feature","id":2433,"geometry":{"type":"Point","coordinates":[114.19006637920954,22.54138659081968]},"properties":{"OBJECTID":2433,"GEO_NAME_ID":"1570","PLACE_CLASS":"Topographic","PLACE_TYPE":"Hill","DISTRICT":"NTH"}},{"type":"Feature","id":2434,"geometry":{"type":"Point","coordinates":[114.33881532372259,22.342040063900793]},"properties":{"OBJECTID":2434,"GEO_NAME_ID":"1571","PLACE_CLASS":"Hydrographic","PLACE_TYPE":"Harbour","DISTRICT":"SK"}},{"type":"Feature","id":2435,"geometry":{"type":"Point","coordinates":[114.33049206814503,22.541349890503419]},"properties":{"OBJECTID":2435,"GEO_NAME_ID":"1572","PLACE_CLASS":"Topographic","PLACE_TYPE":"Island","DISTRICT":"NTH"}},{"type":"Feature","id":2436,"geometry":{"type":"Point","coordinates":[114.18533168848703,22.215601560094921]},"properties":{"OBJECTID":2436,"GEO_NAME_ID":"1573","PLACE_CLASS":"Topographic","PLACE_TYPE":"Island","DISTRICT":"STH"}},{"type":"Feature","id":2437,"geometry":{"type":"Point","coordinates":[114.02327669420237,22.204548026021996]},"properties":{"OBJECTID":2437,"GEO_NAME_ID":"1574","PLACE_CLASS":"Settlement","PLACE_TYPE":"Village","DISTRICT":"ILD"}},{"type":"Feature","id":2438,"geometry":{"type":"Point","coordinates":[114.02272566181379,22.202940041074825]},"properties":{"OBJECTID":2438,"GEO_NAME_ID":"1575","PLACE_CLASS":"Settlement","PLACE_TYPE":"Village","DISTRICT":"ILD"}},{"type":"Feature","id":2439,"geometry":{"type":"Point","coordinates":[114.02293944885423,22.202542892492275]},"properties":{"OBJECTID":2439,"GEO_NAME_ID":"1576","PLACE_CLASS":"Settlement","PLACE_TYPE":"Village","DISTRICT":"ILD"}},{"type":"Feature","id":2440,"geometry":{"type":"Point","coordinates":[113.99982221151011,22.262338488750647]},"properties":{"OBJECTID":2440,"GEO_NAME_ID":"1577","PLACE_CLASS":"Settlement","PLACE_TYPE":"Village","DISTRICT":"ILD"}},{"type":"Feature","id":2441,"geometry":{"type":"Point","coordinates":[114.26157366715697,22.55169552705377]},"properties":{"OBJECTID":2441,"GEO_NAME_ID":"1581","PLACE_CLASS":"Topographic","PLACE_TYPE":"Island","DISTRICT":"NTH"}},{"type":"Feature","id":2442,"geometry":{"type":"Point","coordinates":[114.34522433033111,22.262790137301497]},"properties":{"OBJECTID":2442,"GEO_NAME_ID":"1582","PLACE_CLASS":"Topographic","PLACE_TYPE":"Island","DISTRICT":"SK"}},{"type":"Feature","id":2443,"geometry":{"type":"Point","coordinates":[114.2672141057263,22.419442221460873]},"properties":{"OBJECTID":2443,"GEO_NAME_ID":"1583","PLACE_CLASS":"Settlement","PLACE_TYPE":"Village","DISTRICT":"TP"}},{"type":"Feature","id":2444,"geometry":{"type":"Point","coordinates":[114.27383309011978,22.383939511052109]},"properties":{"OBJECTID":2444,"GEO_NAME_ID":"1584","PLACE_CLASS":"Settlement","PLACE_TYPE":"Town","DISTRICT":"SK"}},{"type":"Feature","id":2445,"geometry":{"type":"Point","coordinates":[114.26705752616132,22.37825572230048]},"properties":{"OBJECTID":2445,"GEO_NAME_ID":"1585","PLACE_CLASS":"Settlement","PLACE_TYPE":"Village","DISTRICT":"SK"}},{"type":"Feature","id":2446,"geometry":{"type":"Point","coordinates":[114.12274123362194,22.377340173149864]},"properties":{"OBJECTID":2446,"GEO_NAME_ID":"1586","PLACE_CLASS":"Settlement","PLACE_TYPE":"Village","DISTRICT":"TW"}},{"type":"Feature","id":2447,"geometry":{"type":"Point","coordinates":[114.28522625056564,22.52505085631844]},"properties":{"OBJECTID":2447,"GEO_NAME_ID":"1587","PLACE_CLASS":"Settlement","PLACE_TYPE":"Village","DISTRICT":"NTH"}},{"type":"Feature","id":2448,"geometry":{"type":"Point","coordinates":[114.2916508528013,22.547974436422265]},"properties":{"OBJECTID":2448,"GEO_NAME_ID":"1588","PLACE_CLASS":"Settlement","PLACE_TYPE":"Village","DISTRICT":"NTH"}},{"type":"Feature","id":2449,"geometry":{"type":"Point","coordinates":[114.25402992292557,22.43017725854552]},"properties":{"OBJECTID":2449,"GEO_NAME_ID":"1589","PLACE_CLASS":"Settlement","PLACE_TYPE":"Village","DISTRICT":"TP"}},{"type":"Feature","id":2450,"geometry":{"type":"Point","coordinates":[114.03181577262248,22.44803970348211]},"properties":{"OBJECTID":2450,"GEO_NAME_ID":"1590","PLACE_CLASS":"Settlement","PLACE_TYPE":"Village","DISTRICT":"YL"}},{"type":"Feature","id":2451,"geometry":{"type":"Point","coordinates":[113.88374998951825,22.270632213328803]},"properties":{"OBJECTID":2451,"GEO_NAME_ID":"1591","PLACE_CLASS":"Settlement","PLACE_TYPE":"Village","DISTRICT":"ILD"}},{"type":"Feature","id":2452,"geometry":{"type":"Point","coordinates":[114.09287567162094,22.341060772517146]},"properties":{"OBJECTID":2452,"GEO_NAME_ID":"1592","PLACE_CLASS":"Settlement","PLACE_TYPE":"Area","DISTRICT":"KC"}},{"type":"Feature","id":2453,"geometry":{"type":"Point","coordinates":[114.23173690934833,22.305881023410983]},"properties":{"OBJECTID":2453,"GEO_NAME_ID":"1593","PLACE_CLASS":"Settlement","PLACE_TYPE":"Area","DISTRICT":"KT"}},{"type":"Feature","id":2454,"geometry":{"type":"Point","coordinates":[114.37010899649863,22.395908828864417]},"properties":{"OBJECTID":2454,"GEO_NAME_ID":"1594","PLACE_CLASS":"Settlement","PLACE_TYPE":"Village","DISTRICT":"SK"}},{"type":"Feature","id":2455,"geometry":{"type":"Point","coordinates":[114.37287155230345,22.399165503354265]},"properties":{"OBJECTID":2455,"GEO_NAME_ID":"1595","PLACE_CLASS":"Hydrographic","PLACE_TYPE":"Bay","DISTRICT":"SK"}},{"type":"Feature","id":2456,"geometry":{"type":"Point","coordinates":[114.13658532750399,22.283977040225487]},"properties":{"OBJECTID":2456,"GEO_NAME_ID":"1596","PLACE_CLASS":"Settlement","PLACE_TYPE":"Area","DISTRICT":"CW"}},{"type":"Feature","id":2457,"geometry":{"type":"Point","coordinates":[113.90998002971178,22.165894967474717]},"properties":{"OBJECTID":2457,"GEO_NAME_ID":"1597","PLACE_CLASS":"Hydrographic","PLACE_TYPE":"Bay","DISTRICT":"ILD"}},{"type":"Feature","id":2458,"geometry":{"type":"Point","coordinates":[114.02066226518639,22.200897136926187]},"properties":{"OBJECTID":2458,"GEO_NAME_ID":"1598","PLACE_CLASS":"Hydrographic","PLACE_TYPE":"Bay","DISTRICT":"ILD"}},{"type":"Feature","id":2459,"geometry":{"type":"Point","coordinates":[114.01950908636259,22.200128417289768]},"properties":{"OBJECTID":2459,"GEO_NAME_ID":"1599","PLACE_CLASS":"Settlement","PLACE_TYPE":"Village","DISTRICT":"ILD"}},{"type":"Feature","id":2460,"geometry":{"type":"Point","coordinates":[114.22355833613544,22.285022855477507]},"properties":{"OBJECTID":2460,"GEO_NAME_ID":"1601","PLACE_CLASS":"Settlement","PLACE_TYPE":"Area","DISTRICT":"EST"}},{"type":"Feature","id":2461,"geometry":{"type":"Point","coordinates":[114.37770037397641,22.387194199138779]},"properties":{"OBJECTID":2461,"GEO_NAME_ID":"1602","PLACE_CLASS":"Topographic","PLACE_TYPE":"Hill","DISTRICT":"SK"}},{"type":"Feature","id":2462,"geometry":{"type":"Point","coordinates":[114.14203775814818,22.287807287447958]},"properties":{"OBJECTID":2462,"GEO_NAME_ID":"1604","PLACE_CLASS":"Settlement","PLACE_TYPE":"Area","DISTRICT":"CW"}},{"type":"Feature","id":2463,"geometry":{"type":"Point","coordinates":[114.27128484287448,22.506989874127925]},"properties":{"OBJECTID":2463,"GEO_NAME_ID":"1605","PLACE_CLASS":"Settlement","PLACE_TYPE":"Village","DISTRICT":"NTH"}},{"type":"Feature","id":2464,"geometry":{"type":"Point","coordinates":[114.2689403707668,22.518351438755676]},"properties":{"OBJECTID":2464,"GEO_NAME_ID":"1606","PLACE_CLASS":"Settlement","PLACE_TYPE":"Village","DISTRICT":"NTH"}},{"type":"Feature","id":2465,"geometry":{"type":"Point","coordinates":[114.2743810584037,22.514934756653378]},"properties":{"OBJECTID":2465,"GEO_NAME_ID":"1607","PLACE_CLASS":"Hydrographic","PLACE_TYPE":"Bay","DISTRICT":"NTH"}},{"type":"Feature","id":2466,"geometry":{"type":"Point","coordinates":[114.0553795834379,22.336657183329198]},"properties":{"OBJECTID":2466,"GEO_NAME_ID":"1608","PLACE_CLASS":"Settlement","PLACE_TYPE":"Village","DISTRICT":"TW"}},{"type":"Feature","id":2467,"geometry":{"type":"Point","coordinates":[114.25068436380428,22.367326534413806]},"properties":{"OBJECTID":2467,"GEO_NAME_ID":"1609","PLACE_CLASS":"Settlement","PLACE_TYPE":"Village","DISTRICT":"SK"}},{"type":"Feature","id":2468,"geometry":{"type":"Point","coordinates":[114.24166172306013,22.507853374028368]},"properties":{"OBJECTID":2468,"GEO_NAME_ID":"1610","PLACE_CLASS":"Settlement","PLACE_TYPE":"Village","DISTRICT":"NTH"}},{"type":"Feature","id":2469,"geometry":{"type":"Point","coordinates":[114.25139257493095,22.54793491958792]},"properties":{"OBJECTID":2469,"GEO_NAME_ID":"1611","PLACE_CLASS":"Topographic","PLACE_TYPE":"Cape","DISTRICT":"NTH"}},{"type":"Feature","id":2470,"geometry":{"type":"Point","coordinates":[114.24056070279836,22.331488554304418]},"properties":{"OBJECTID":2470,"GEO_NAME_ID":"1612","PLACE_CLASS":"Settlement","PLACE_TYPE":"Area","DISTRICT":"SK"}},{"type":"Feature","id":2471,"geometry":{"type":"Point","coordinates":[114.27968547926748,22.472163526292263]},"properties":{"OBJECTID":2471,"GEO_NAME_ID":"1613","PLACE_CLASS":"Topographic","PLACE_TYPE":"Hill","DISTRICT":"TP"}},{"type":"Feature","id":2472,"geometry":{"type":"Point","coordinates":[114.21422041228624,22.455332168189774]},"properties":{"OBJECTID":2472,"GEO_NAME_ID":"1614","PLACE_CLASS":"Settlement","PLACE_TYPE":"Village","DISTRICT":"TP"}},{"type":"Feature","id":2473,"geometry":{"type":"Point","coordinates":[114.25260649134869,22.456303028492833]},"properties":{"OBJECTID":2473,"GEO_NAME_ID":"1615","PLACE_CLASS":"Topographic","PLACE_TYPE":"Hill","DISTRICT":"TP"}},{"type":"Feature","id":2474,"geometry":{"type":"Point","coordinates":[114.3072983921777,22.376926369361989]},"properties":{"OBJECTID":2474,"GEO_NAME_ID":"1616","PLACE_CLASS":"Hydrographic","PLACE_TYPE":"Harbour","DISTRICT":"SK"}},{"type":"Feature","id":2475,"geometry":{"type":"Point","coordinates":[114.37262288602794,22.3115878456031]},"properties":{"OBJECTID":2475,"GEO_NAME_ID":"1617","PLACE_CLASS":"Topographic","PLACE_TYPE":"Island","DISTRICT":"SK"}},{"type":"Feature","id":2476,"geometry":{"type":"Point","coordinates":[114.01778321706453,22.311501615404861]},"properties":{"OBJECTID":2476,"GEO_NAME_ID":"1618","PLACE_CLASS":"Settlement","PLACE_TYPE":"Village","DISTRICT":"ILD"}},{"type":"Feature","id":2477,"geometry":{"type":"Point","coordinates":[114.01711701547229,22.316982519417511]},"properties":{"OBJECTID":2477,"GEO_NAME_ID":"1619","PLACE_CLASS":"Topographic","PLACE_TYPE":"Pass","DISTRICT":"TW"}},{"type":"Feature","id":2478,"geometry":{"type":"Point","coordinates":[114.01840627704918,22.3098044763797]},"properties":{"OBJECTID":2478,"GEO_NAME_ID":"1620","PLACE_CLASS":"Hydrographic","PLACE_TYPE":"Bay","DISTRICT":"ILD"}},{"type":"Feature","id":2479,"geometry":{"type":"Point","coordinates":[114.33783180413721,22.474265200017197]},"properties":{"OBJECTID":2479,"GEO_NAME_ID":"1621","PLACE_CLASS":"Topographic","PLACE_TYPE":"Cape","DISTRICT":"TP"}},{"type":"Feature","id":2480,"geometry":{"type":"Point","coordinates":[114.06580388883334,22.509155607608296]},"properties":{"OBJECTID":2480,"GEO_NAME_ID":"1622","PLACE_CLASS":"Settlement","PLACE_TYPE":"Area","DISTRICT":"YL"}},{"type":"Feature","id":2481,"geometry":{"type":"Point","coordinates":[114.27192413107261,22.432633031138632]},"properties":{"OBJECTID":2481,"GEO_NAME_ID":"1623","PLACE_CLASS":"Topographic","PLACE_TYPE":"Island","DISTRICT":"TP"}},{"type":"Feature","id":2482,"geometry":{"type":"Point","coordinates":[113.97919124288715,22.382728079058175]},"properties":{"OBJECTID":2482,"GEO_NAME_ID":"1625","PLACE_CLASS":"Settlement","PLACE_TYPE":"Area","DISTRICT":"TM"}},{"type":"Feature","id":2483,"geometry":{"type":"Point","coordinates":[114.26737753153604,22.356815540391452]},"properties":{"OBJECTID":2483,"GEO_NAME_ID":"1626","PLACE_CLASS":"Hydrographic","PLACE_TYPE":"Bay","DISTRICT":"SK"}},{"type":"Feature","id":2484,"geometry":{"type":"Point","coordinates":[114.23424558818728,22.50667320752515]},"properties":{"OBJECTID":2484,"GEO_NAME_ID":"1627","PLACE_CLASS":"Settlement","PLACE_TYPE":"Village","DISTRICT":"NTH"}},{"type":"Feature","id":2485,"geometry":{"type":"Point","coordinates":[114.23415655590095,22.526458784132078]},"properties":{"OBJECTID":2485,"GEO_NAME_ID":"1628","PLACE_CLASS":"Settlement","PLACE_TYPE":"Village","DISTRICT":"NTH"}},{"type":"Feature","id":2486,"geometry":{"type":"Point","coordinates":[114.1295666436405,22.379428362510787]},"properties":{"OBJECTID":2486,"GEO_NAME_ID":"1629","PLACE_CLASS":"Settlement","PLACE_TYPE":"Village","DISTRICT":"TW"}},{"type":"Feature","id":2487,"geometry":{"type":"Point","coordinates":[113.87624502418751,22.268396980272964]},"properties":{"OBJECTID":2487,"GEO_NAME_ID":"1630","PLACE_CLASS":"Settlement","PLACE_TYPE":"Village","DISTRICT":"ILD"}},{"type":"Feature","id":2488,"geometry":{"type":"Point","coordinates":[114.00762265399212,22.43920071366701]},"properties":{"OBJECTID":2488,"GEO_NAME_ID":"1631","PLACE_CLASS":"Settlement","PLACE_TYPE":"Village","DISTRICT":"YL"}},{"type":"Feature","id":2489,"geometry":{"type":"Point","coordinates":[113.98649765823443,22.465112531492423]},"properties":{"OBJECTID":2489,"GEO_NAME_ID":"1632","PLACE_CLASS":"Settlement","PLACE_TYPE":"Village","DISTRICT":"YL"}},{"type":"Feature","id":2490,"geometry":{"type":"Point","coordinates":[113.97899465446349,22.418723271725245]},"properties":{"OBJECTID":2490,"GEO_NAME_ID":"1633","PLACE_CLASS":"Settlement","PLACE_TYPE":"Village","DISTRICT":"TM"}},{"type":"Feature","id":2491,"geometry":{"type":"Point","coordinates":[113.97938847178052,22.401222732160793]},"properties":{"OBJECTID":2491,"GEO_NAME_ID":"1634","PLACE_CLASS":"Settlement","PLACE_TYPE":"Village","DISTRICT":"TM"}},{"type":"Feature","id":2492,"geometry":{"type":"Point","coordinates":[114.26042475365141,22.548869634689222]},"properties":{"OBJECTID":2492,"GEO_NAME_ID":"1635","PLACE_CLASS":"Topographic","PLACE_TYPE":"Cape","DISTRICT":"NTH"}},{"type":"Feature","id":2493,"geometry":{"type":"Point","coordinates":[113.9308314674267,22.267865708318592]},"properties":{"OBJECTID":2493,"GEO_NAME_ID":"1636","PLACE_CLASS":"Settlement","PLACE_TYPE":"Village","DISTRICT":"ILD"}},{"type":"Feature","id":2494,"geometry":{"type":"Point","coordinates":[114.19214824672473,22.554850642446414]},"properties":{"OBJECTID":2494,"GEO_NAME_ID":"1637","PLACE_CLASS":"Settlement","PLACE_TYPE":"Village","DISTRICT":"NTH"}},{"type":"Feature","id":2495,"geometry":{"type":"Point","coordinates":[113.99341411320606,22.436611525462915]},"properties":{"OBJECTID":2495,"GEO_NAME_ID":"1638","PLACE_CLASS":"Settlement","PLACE_TYPE":"Village","DISTRICT":"YL"}},{"type":"Feature","id":2496,"geometry":{"type":"Point","coordinates":[114.07341225088639,22.498414522807018]},"properties":{"OBJECTID":2496,"GEO_NAME_ID":"1639","PLACE_CLASS":"Settlement","PLACE_TYPE":"Village","DISTRICT":"YL"}},{"type":"Feature","id":2497,"geometry":{"type":"Point","coordinates":[114.0970090879063,22.446575284271308]},"properties":{"OBJECTID":2497,"GEO_NAME_ID":"1640","PLACE_CLASS":"Settlement","PLACE_TYPE":"Village","DISTRICT":"YL"}},{"type":"Feature","id":2498,"geometry":{"type":"Point","coordinates":[114.26902575391264,22.160822337280155]},"properties":{"OBJECTID":2498,"GEO_NAME_ID":"1641","PLACE_CLASS":"Topographic","PLACE_TYPE":"Reef","DISTRICT":"ILD"}},{"type":"Feature","id":2499,"geometry":{"type":"Point","coordinates":[114.19819113285843,22.335599558965047]},"properties":{"OBJECTID":2499,"GEO_NAME_ID":"1642","PLACE_CLASS":"Settlement","PLACE_TYPE":"Area","DISTRICT":"WTS"}},{"type":"Feature","id":2500,"geometry":{"type":"Point","coordinates":[114.05101392290729,22.344973910161524]},"properties":{"OBJECTID":2500,"GEO_NAME_ID":"1643","PLACE_CLASS":"Settlement","PLACE_TYPE":"Village","DISTRICT":"TW"}},{"type":"Feature","id":2501,"geometry":{"type":"Point","coordinates":[113.98623189165772,22.439194939720668]},"properties":{"OBJECTID":2501,"GEO_NAME_ID":"1644","PLACE_CLASS":"Settlement","PLACE_TYPE":"Village","DISTRICT":"YL"}},{"type":"Feature","id":2502,"geometry":{"type":"Point","coordinates":[113.9904078269508,22.440084797142614]},"properties":{"OBJECTID":2502,"GEO_NAME_ID":"1645","PLACE_CLASS":"Settlement","PLACE_TYPE":"Village","DISTRICT":"YL"}},{"type":"Feature","id":2503,"geometry":{"type":"Point","coordinates":[113.89485892956499,22.280531314969881]},"properties":{"OBJECTID":2503,"GEO_NAME_ID":"1646","PLACE_CLASS":"Settlement","PLACE_TYPE":"Village","DISTRICT":"ILD"}},{"type":"Feature","id":2504,"geometry":{"type":"Point","coordinates":[113.965308308461,22.239115605814785]},"properties":{"OBJECTID":2504,"GEO_NAME_ID":"1647","PLACE_CLASS":"Settlement","PLACE_TYPE":"Village","DISTRICT":"ILD"}},{"type":"Feature","id":2505,"geometry":{"type":"Point","coordinates":[114.30972136813187,22.351711164300081]},"properties":{"OBJECTID":2505,"GEO_NAME_ID":"1648","PLACE_CLASS":"Topographic","PLACE_TYPE":"Hill","DISTRICT":"SK"}},{"type":"Feature","id":2506,"geometry":{"type":"Point","coordinates":[114.32012361007014,22.526640010564762]},"properties":{"OBJECTID":2506,"GEO_NAME_ID":"1649","PLACE_CLASS":"Topographic","PLACE_TYPE":"Cape","DISTRICT":"NTH"}},{"type":"Feature","id":2507,"geometry":{"type":"Point","coordinates":[113.92142300677381,22.287691361611991]},"properties":{"OBJECTID":2507,"GEO_NAME_ID":"1650","PLACE_CLASS":"Settlement","PLACE_TYPE":"Village","DISTRICT":"ILD"}},{"type":"Feature","id":2508,"geometry":{"type":"Point","coordinates":[114.20824867088885,22.469673770880327]},"properties":{"OBJECTID":2508,"GEO_NAME_ID":"1651","PLACE_CLASS":"Settlement","PLACE_TYPE":"Village","DISTRICT":"TP"}},{"type":"Feature","id":2509,"geometry":{"type":"Point","coordinates":[114.24054722358375,22.493603864988533]},"properties":{"OBJECTID":2509,"GEO_NAME_ID":"1652","PLACE_CLASS":"Settlement","PLACE_TYPE":"Area","DISTRICT":"TP"}},{"type":"Feature","id":2510,"geometry":{"type":"Point","coordinates":[114.07163204327732,22.500716117828794]},"properties":{"OBJECTID":2510,"GEO_NAME_ID":"1653","PLACE_CLASS":"Settlement","PLACE_TYPE":"Area","DISTRICT":"YL"}},{"type":"Feature","id":2511,"geometry":{"type":"Point","coordinates":[114.29172708438384,22.39293120620194]},"properties":{"OBJECTID":2511,"GEO_NAME_ID":"1654","PLACE_CLASS":"Settlement","PLACE_TYPE":"Village","DISTRICT":"SK"}},{"type":"Feature","id":2512,"geometry":{"type":"Point","coordinates":[114.18304967110778,22.371614706550631]},"properties":{"OBJECTID":2512,"GEO_NAME_ID":"1655","PLACE_CLASS":"Settlement","PLACE_TYPE":"Village","DISTRICT":"ST"}},{"type":"Feature","id":2513,"geometry":{"type":"Point","coordinates":[114.13582890320197,22.448233356438099]},"properties":{"OBJECTID":2513,"GEO_NAME_ID":"1656","PLACE_CLASS":"Settlement","PLACE_TYPE":"Village","DISTRICT":"TP"}},{"type":"Feature","id":2514,"geometry":{"type":"Point","coordinates":[114.16665954768779,22.509491562867563]},"properties":{"OBJECTID":2514,"GEO_NAME_ID":"1657","PLACE_CLASS":"Settlement","PLACE_TYPE":"Village","DISTRICT":"NTH"}},{"type":"Feature","id":2515,"geometry":{"type":"Point","coordinates":[114.21594521569737,22.542908511278043]},"properties":{"OBJECTID":2515,"GEO_NAME_ID":"1658","PLACE_CLASS":"Settlement","PLACE_TYPE":"Village","DISTRICT":"NTH"}},{"type":"Feature","id":2516,"geometry":{"type":"Point","coordinates":[114.12224553870531,22.378586219309589]},"properties":{"OBJECTID":2516,"GEO_NAME_ID":"1659","PLACE_CLASS":"Settlement","PLACE_TYPE":"Village","DISTRICT":"TW"}},{"type":"Feature","id":2517,"geometry":{"type":"Point","coordinates":[113.86682574310449,22.250002077091501]},"properties":{"OBJECTID":2517,"GEO_NAME_ID":"1660","PLACE_CLASS":"Settlement","PLACE_TYPE":"Village","DISTRICT":"ILD"}},{"type":"Feature","id":2518,"geometry":{"type":"Point","coordinates":[114.26370925806332,22.390618812712461]},"properties":{"OBJECTID":2518,"GEO_NAME_ID":"1661","PLACE_CLASS":"Settlement","PLACE_TYPE":"Village","DISTRICT":"SK"}},{"type":"Feature","id":2519,"geometry":{"type":"Point","coordinates":[114.24297306237715,22.50630864576279]},"properties":{"OBJECTID":2519,"GEO_NAME_ID":"1662","PLACE_CLASS":"Settlement","PLACE_TYPE":"Village","DISTRICT":"NTH"}},{"type":"Feature","id":2520,"geometry":{"type":"Point","coordinates":[114.16296403810257,22.434222697855645]},"properties":{"OBJECTID":2520,"GEO_NAME_ID":"1663","PLACE_CLASS":"Settlement","PLACE_TYPE":"Village","DISTRICT":"TP"}},{"type":"Feature","id":2521,"geometry":{"type":"Point","coordinates":[114.13263434009312,22.534843087088674]},"properties":{"OBJECTID":2521,"GEO_NAME_ID":"1664","PLACE_CLASS":"Settlement","PLACE_TYPE":"Village","DISTRICT":"NTH"}},{"type":"Feature","id":2522,"geometry":{"type":"Point","coordinates":[114.10066407213719,22.353373271097805]},"properties":{"OBJECTID":2522,"GEO_NAME_ID":"1665","PLACE_CLASS":"Settlement","PLACE_TYPE":"Village","DISTRICT":"KC"}},{"type":"Feature","id":2523,"geometry":{"type":"Point","coordinates":[114.17990681343535,22.510268468560888]},"properties":{"OBJECTID":2523,"GEO_NAME_ID":"1666","PLACE_CLASS":"Settlement","PLACE_TYPE":"Village","DISTRICT":"NTH"}},{"type":"Feature","id":2524,"geometry":{"type":"Point","coordinates":[114.13963533290344,22.455034204415909]},"properties":{"OBJECTID":2524,"GEO_NAME_ID":"1667","PLACE_CLASS":"Settlement","PLACE_TYPE":"Village","DISTRICT":"TP"}},{"type":"Feature","id":2525,"geometry":{"type":"Point","coordinates":[114.24085438396087,22.506426896576428]},"properties":{"OBJECTID":2525,"GEO_NAME_ID":"1668","PLACE_CLASS":"Settlement","PLACE_TYPE":"Village","DISTRICT":"NTH"}},{"type":"Feature","id":2526,"geometry":{"type":"Point","coordinates":[114.1487675455696,22.504459513554764]},"properties":{"OBJECTID":2526,"GEO_NAME_ID":"1669","PLACE_CLASS":"Settlement","PLACE_TYPE":"Village","DISTRICT":"NTH"}},{"type":"Feature","id":2527,"geometry":{"type":"Point","coordinates":[113.99184851473903,22.445170582462048]},"properties":{"OBJECTID":2527,"GEO_NAME_ID":"1670","PLACE_CLASS":"Settlement","PLACE_TYPE":"Village","DISTRICT":"YL"}},{"type":"Feature","id":2528,"geometry":{"type":"Point","coordinates":[114.14870866626342,22.507258922944263]},"properties":{"OBJECTID":2528,"GEO_NAME_ID":"1671","PLACE_CLASS":"Settlement","PLACE_TYPE":"Village","DISTRICT":"NTH"}},{"type":"Feature","id":2529,"geometry":{"type":"Point","coordinates":[113.99072255772514,22.451743431260741]},"properties":{"OBJECTID":2529,"GEO_NAME_ID":"1672","PLACE_CLASS":"Settlement","PLACE_TYPE":"Village","DISTRICT":"YL"}},{"type":"Feature","id":2530,"geometry":{"type":"Point","coordinates":[114.16318525160462,22.45677176034199]},"properties":{"OBJECTID":2530,"GEO_NAME_ID":"1674","PLACE_CLASS":"Settlement","PLACE_TYPE":"Village","DISTRICT":"TP"}},{"type":"Feature","id":2531,"geometry":{"type":"Point","coordinates":[113.97805262645917,22.398159767399257]},"properties":{"OBJECTID":2531,"GEO_NAME_ID":"1675","PLACE_CLASS":"Settlement","PLACE_TYPE":"Village","DISTRICT":"TM"}},{"type":"Feature","id":2532,"geometry":{"type":"Point","coordinates":[114.05764189617574,22.472676032067451]},"properties":{"OBJECTID":2532,"GEO_NAME_ID":"1676","PLACE_CLASS":"Settlement","PLACE_TYPE":"Village","DISTRICT":"YL"}},{"type":"Feature","id":2533,"geometry":{"type":"Point","coordinates":[114.12129779537757,22.270769738529253]},"properties":{"OBJECTID":2533,"GEO_NAME_ID":"1677","PLACE_CLASS":"Hydrographic","PLACE_TYPE":"Bay","DISTRICT":"STH"}},{"type":"Feature","id":2534,"geometry":{"type":"Point","coordinates":[114.11757968095414,22.527577841649656]},"properties":{"OBJECTID":2534,"GEO_NAME_ID":"1678","PLACE_CLASS":"Topographic","PLACE_TYPE":"Hill","DISTRICT":"NTH"}},{"type":"Feature","id":2535,"geometry":{"type":"Point","coordinates":[114.23190714078764,22.319255283212488]},"properties":{"OBJECTID":2535,"GEO_NAME_ID":"1680","PLACE_CLASS":"Settlement","PLACE_TYPE":"Area","DISTRICT":"KT"}},{"type":"Feature","id":2536,"geometry":{"type":"Point","coordinates":[114.01994587469905,22.199776641323894]},"properties":{"OBJECTID":2536,"GEO_NAME_ID":"1686","PLACE_CLASS":"Settlement","PLACE_TYPE":"Village","DISTRICT":"ILD"}},{"type":"Feature","id":2537,"geometry":{"type":"Point","coordinates":[113.88962305973502,22.345072290173359]},"properties":{"OBJECTID":2537,"GEO_NAME_ID":"1688","PLACE_CLASS":"Topographic","PLACE_TYPE":"Island","DISTRICT":"TM"}},{"type":"Feature","id":2538,"geometry":{"type":"Point","coordinates":[113.99559882585162,22.444822650128213]},"properties":{"OBJECTID":2538,"GEO_NAME_ID":"1689","PLACE_CLASS":"Settlement","PLACE_TYPE":"Village","DISTRICT":"YL"}},{"type":"Feature","id":2539,"geometry":{"type":"Point","coordinates":[114.27516682700332,22.38878809024499]},"properties":{"OBJECTID":2539,"GEO_NAME_ID":"1690","PLACE_CLASS":"Settlement","PLACE_TYPE":"Village","DISTRICT":"SK"}},{"type":"Feature","id":2540,"geometry":{"type":"Point","coordinates":[114.35192732011399,22.347535051253359]},"properties":{"OBJECTID":2540,"GEO_NAME_ID":"1691","PLACE_CLASS":"Topographic","PLACE_TYPE":"Cape","DISTRICT":"SK"}},{"type":"Feature","id":2541,"geometry":{"type":"Point","coordinates":[113.99945875283744,22.488091580734114]},"properties":{"OBJECTID":2541,"GEO_NAME_ID":"1692","PLACE_CLASS":"Settlement","PLACE_TYPE":"Village","DISTRICT":"YL"}},{"type":"Feature","id":2542,"geometry":{"type":"Point","coordinates":[114.27020355404925,22.38718360062688]},"properties":{"OBJECTID":2542,"GEO_NAME_ID":"1694","PLACE_CLASS":"Settlement","PLACE_TYPE":"Village","DISTRICT":"SK"}},{"type":"Feature","id":2543,"geometry":{"type":"Point","coordinates":[113.97948950065373,22.460290908997251]},"properties":{"OBJECTID":2543,"GEO_NAME_ID":"1695","PLACE_CLASS":"Settlement","PLACE_TYPE":"Village","DISTRICT":"YL"}},{"type":"Feature","id":2544,"geometry":{"type":"Point","coordinates":[113.991288732838,22.46431440802958]},"properties":{"OBJECTID":2544,"GEO_NAME_ID":"1696","PLACE_CLASS":"Settlement","PLACE_TYPE":"Village","DISTRICT":"YL"}},{"type":"Feature","id":2545,"geometry":{"type":"Point","coordinates":[113.98991043264033,22.463292381753707]},"properties":{"OBJECTID":2545,"GEO_NAME_ID":"1697","PLACE_CLASS":"Settlement","PLACE_TYPE":"Village","DISTRICT":"YL"}},{"type":"Feature","id":2546,"geometry":{"type":"Point","coordinates":[114.20703192328536,22.459532827915893]},"properties":{"OBJECTID":2546,"GEO_NAME_ID":"1698","PLACE_CLASS":"Settlement","PLACE_TYPE":"Village","DISTRICT":"TP"}},{"type":"Feature","id":2547,"geometry":{"type":"Point","coordinates":[114.12384050173154,22.525340495498249]},"properties":{"OBJECTID":2547,"GEO_NAME_ID":"1699","PLACE_CLASS":"Settlement","PLACE_TYPE":"Village","DISTRICT":"NTH"}},{"type":"Feature","id":2548,"geometry":{"type":"Point","coordinates":[114.18377338404693,22.476413375840462]},"properties":{"OBJECTID":2548,"GEO_NAME_ID":"1700","PLACE_CLASS":"Settlement","PLACE_TYPE":"Area","DISTRICT":"TP"}},{"type":"Feature","id":2549,"geometry":{"type":"Point","coordinates":[113.9013409193699,22.285355730294434]},"properties":{"OBJECTID":2549,"GEO_NAME_ID":"1701","PLACE_CLASS":"Settlement","PLACE_TYPE":"Area","DISTRICT":"ILD"}},{"type":"Feature","id":2550,"geometry":{"type":"Point","coordinates":[113.90159230604614,22.29077448874661]},"properties":{"OBJECTID":2550,"GEO_NAME_ID":"1702","PLACE_CLASS":"Hydrographic","PLACE_TYPE":"Bay","DISTRICT":"ILD"}},{"type":"Feature","id":2551,"geometry":{"type":"Point","coordinates":[113.90130402181725,22.289329111456826]},"properties":{"OBJECTID":2551,"GEO_NAME_ID":"1703","PLACE_CLASS":"Settlement","PLACE_TYPE":"Village","DISTRICT":"ILD"}},{"type":"Feature","id":2552,"geometry":{"type":"Point","coordinates":[113.9017369431152,22.286286549126974]},"properties":{"OBJECTID":2552,"GEO_NAME_ID":"1704","PLACE_CLASS":"Settlement","PLACE_TYPE":"Village","DISTRICT":"ILD"}},{"type":"Feature","id":2553,"geometry":{"type":"Point","coordinates":[113.90218635894088,22.284725023805645]},"properties":{"OBJECTID":2553,"GEO_NAME_ID":"1705","PLACE_CLASS":"Settlement","PLACE_TYPE":"Village","DISTRICT":"ILD"}},{"type":"Feature","id":2554,"geometry":{"type":"Point","coordinates":[114.30920710767842,22.526080445182554]},"properties":{"OBJECTID":2554,"GEO_NAME_ID":"1706","PLACE_CLASS":"Topographic","PLACE_TYPE":"Cape","DISTRICT":"NTH"}},{"type":"Feature","id":2555,"geometry":{"type":"Point","coordinates":[114.1327198557584,22.449108490093597]},"properties":{"OBJECTID":2555,"GEO_NAME_ID":"1707","PLACE_CLASS":"Settlement","PLACE_TYPE":"Village","DISTRICT":"TP"}},{"type":"Feature","id":2556,"geometry":{"type":"Point","coordinates":[113.92160895333363,22.388165094324272]},"properties":{"OBJECTID":2556,"GEO_NAME_ID":"1708","PLACE_CLASS":"Settlement","PLACE_TYPE":"Village","DISTRICT":"TM"}},{"type":"Feature","id":2557,"geometry":{"type":"Point","coordinates":[114.11296463680323,22.22492699758984]},"properties":{"OBJECTID":2557,"GEO_NAME_ID":"1709","PLACE_CLASS":"Settlement","PLACE_TYPE":"Village","DISTRICT":"ILD"}},{"type":"Feature","id":2558,"geometry":{"type":"Point","coordinates":[114.11219455204349,22.224221983195282]},"properties":{"OBJECTID":2558,"GEO_NAME_ID":"1710","PLACE_CLASS":"Settlement","PLACE_TYPE":"Village","DISTRICT":"ILD"}},{"type":"Feature","id":2559,"geometry":{"type":"Point","coordinates":[114.05558906845339,22.453358433753369]},"properties":{"OBJECTID":2559,"GEO_NAME_ID":"1711","PLACE_CLASS":"Settlement","PLACE_TYPE":"Village","DISTRICT":"YL"}},{"type":"Feature","id":2560,"geometry":{"type":"Point","coordinates":[114.20657202959157,22.215328142187857]},"properties":{"OBJECTID":2560,"GEO_NAME_ID":"1712","PLACE_CLASS":"Hydrographic","PLACE_TYPE":"Bay","DISTRICT":"STH"}},{"type":"Feature","id":2561,"geometry":{"type":"Point","coordinates":[114.35583910367239,22.423043736715886]},"properties":{"OBJECTID":2561,"GEO_NAME_ID":"1713","PLACE_CLASS":"Settlement","PLACE_TYPE":"Village","DISTRICT":"TP"}},{"type":"Feature","id":2562,"geometry":{"type":"Point","coordinates":[114.4358520762347,22.541250896655271]},"properties":{"OBJECTID":2562,"GEO_NAME_ID":"1714","PLACE_CLASS":"Settlement","PLACE_TYPE":"Village","DISTRICT":"TP"}},{"type":"Feature","id":2563,"geometry":{"type":"Point","coordinates":[114.22435542152468,22.546093958095497]},"properties":{"OBJECTID":2563,"GEO_NAME_ID":"1715","PLACE_CLASS":"Settlement","PLACE_TYPE":"Area","DISTRICT":"NTH"}},{"type":"Feature","id":2564,"geometry":{"type":"Point","coordinates":[114.19113955056856,22.38917856782594]},"properties":{"OBJECTID":2564,"GEO_NAME_ID":"1717","PLACE_CLASS":"Settlement","PLACE_TYPE":"Town","DISTRICT":"ST"}},{"type":"Feature","id":2565,"geometry":{"type":"Point","coordinates":[114.16905833993087,22.368363645392254]},"properties":{"OBJECTID":2565,"GEO_NAME_ID":"1718","PLACE_CLASS":"Settlement","PLACE_TYPE":"Area","DISTRICT":"ST"}},{"type":"Feature","id":2566,"geometry":{"type":"Point","coordinates":[114.21895008995519,22.41743015085359]},"properties":{"OBJECTID":2566,"GEO_NAME_ID":"1720","PLACE_CLASS":"Hydrographic","PLACE_TYPE":"Bay","DISTRICT":"ST"}},{"type":"Feature","id":2567,"geometry":{"type":"Point","coordinates":[114.19954362950264,22.355421465346595]},"properties":{"OBJECTID":2567,"GEO_NAME_ID":"1722","PLACE_CLASS":"Topographic","PLACE_TYPE":"Pass","DISTRICT":"ST"}},{"type":"Feature","id":2568,"geometry":{"type":"Point","coordinates":[114.18870080329154,22.37342952846296]},"properties":{"OBJECTID":2568,"GEO_NAME_ID":"1723","PLACE_CLASS":"Settlement","PLACE_TYPE":"Village","DISTRICT":"ST"}},{"type":"Feature","id":2569,"geometry":{"type":"Point","coordinates":[114.18937020566409,22.367090040407984]},"properties":{"OBJECTID":2569,"GEO_NAME_ID":"1724","PLACE_CLASS":"Settlement","PLACE_TYPE":"Village","DISTRICT":"ST"}},{"type":"Feature","id":2570,"geometry":{"type":"Point","coordinates":[114.19739162669308,22.377736221472212]},"properties":{"OBJECTID":2570,"GEO_NAME_ID":"1725","PLACE_CLASS":"Settlement","PLACE_TYPE":"Village","DISTRICT":"ST"}},{"type":"Feature","id":2571,"geometry":{"type":"Point","coordinates":[114.34806001066677,22.312798643091512]},"properties":{"OBJECTID":2571,"GEO_NAME_ID":"1726","PLACE_CLASS":"Topographic","PLACE_TYPE":"Cape","DISTRICT":"SK"}},{"type":"Feature","id":2572,"geometry":{"type":"Point","coordinates":[114.26575787791002,22.359453356786243]},"properties":{"OBJECTID":2572,"GEO_NAME_ID":"1727","PLACE_CLASS":"Topographic","PLACE_TYPE":"Cape","DISTRICT":"SK"}},{"type":"Feature","id":2573,"geometry":{"type":"Point","coordinates":[113.95718998931507,22.232313802556941]},"properties":{"OBJECTID":2573,"GEO_NAME_ID":"1728","PLACE_CLASS":"Topographic","PLACE_TYPE":"Cape","DISTRICT":"ILD"}},{"type":"Feature","id":2574,"geometry":{"type":"Point","coordinates":[114.2930631370259,22.539484910340523]},"properties":{"OBJECTID":2574,"GEO_NAME_ID":"1729","PLACE_CLASS":"Hydrographic","PLACE_TYPE":"Bay","DISTRICT":"NTH"}},{"type":"Feature","id":2575,"geometry":{"type":"Point","coordinates":[114.28723085163578,22.442069146240406]},"properties":{"OBJECTID":2575,"GEO_NAME_ID":"1730","PLACE_CLASS":"Settlement","PLACE_TYPE":"Village","DISTRICT":"TP"}},{"type":"Feature","id":2576,"geometry":{"type":"Point","coordinates":[114.27830395460757,22.443032230828052]},"properties":{"OBJECTID":2576,"GEO_NAME_ID":"1731","PLACE_CLASS":"Topographic","PLACE_TYPE":"Cape","DISTRICT":"TP"}},{"type":"Feature","id":2577,"geometry":{"type":"Point","coordinates":[114.02736845780747,22.43318786488609]},"properties":{"OBJECTID":2577,"GEO_NAME_ID":"1732","PLACE_CLASS":"Settlement","PLACE_TYPE":"Village","DISTRICT":"YL"}},{"type":"Feature","id":2578,"geometry":{"type":"Point","coordinates":[114.2811304920436,22.442506663694456]},"properties":{"OBJECTID":2578,"GEO_NAME_ID":"1733","PLACE_CLASS":"Hydrographic","PLACE_TYPE":"Bay","DISTRICT":"TP"}},{"type":"Feature","id":2579,"geometry":{"type":"Point","coordinates":[113.85475117743627,22.214605789883986]},"properties":{"OBJECTID":2579,"GEO_NAME_ID":"1734","PLACE_CLASS":"Topographic","PLACE_TYPE":"Hill","DISTRICT":"ILD"}},{"type":"Feature","id":2580,"geometry":{"type":"Point","coordinates":[113.88921454284571,22.274380635072813]},"properties":{"OBJECTID":2580,"GEO_NAME_ID":"1735","PLACE_CLASS":"Settlement","PLACE_TYPE":"Area","DISTRICT":"ILD"}},{"type":"Feature","id":2581,"geometry":{"type":"Point","coordinates":[113.99966133199095,22.320712071202983]},"properties":{"OBJECTID":2581,"GEO_NAME_ID":"1736","PLACE_CLASS":"Topographic","PLACE_TYPE":"Cape","DISTRICT":"TW"}},{"type":"Feature","id":2582,"geometry":{"type":"Point","coordinates":[114.17175284123559,22.229779904969874]},"properties":{"OBJECTID":2582,"GEO_NAME_ID":"1737","PLACE_CLASS":"Topographic","PLACE_TYPE":"Cape","DISTRICT":"STH"}},{"type":"Feature","id":2583,"geometry":{"type":"Point","coordinates":[114.04657055419371,22.205426245545606]},"properties":{"OBJECTID":2583,"GEO_NAME_ID":"1738","PLACE_CLASS":"Topographic","PLACE_TYPE":"Reef","DISTRICT":"ILD"}},{"type":"Feature","id":2584,"geometry":{"type":"Point","coordinates":[114.16144079648659,22.329179493633461]},"properties":{"OBJECTID":2584,"GEO_NAME_ID":"1739","PLACE_CLASS":"Settlement","PLACE_TYPE":"Area","DISTRICT":"SSP"}},{"type":"Feature","id":2585,"geometry":{"type":"Point","coordinates":[114.05955690195725,22.367580843489922]},"properties":{"OBJECTID":2585,"GEO_NAME_ID":"1740","PLACE_CLASS":"Settlement","PLACE_TYPE":"Area","DISTRICT":"TW"}},{"type":"Feature","id":2586,"geometry":{"type":"Point","coordinates":[114.05826384731891,22.370402057977952]},"properties":{"OBJECTID":2586,"GEO_NAME_ID":"1741","PLACE_CLASS":"Settlement","PLACE_TYPE":"Village","DISTRICT":"TW"}},{"type":"Feature","id":2587,"geometry":{"type":"Point","coordinates":[114.06669290011598,22.368001260635982]},"properties":{"OBJECTID":2587,"GEO_NAME_ID":"1742","PLACE_CLASS":"Settlement","PLACE_TYPE":"Village","DISTRICT":"TW"}},{"type":"Feature","id":2588,"geometry":{"type":"Point","coordinates":[114.05853667185102,22.368474123200009]},"properties":{"OBJECTID":2588,"GEO_NAME_ID":"1743","PLACE_CLASS":"Settlement","PLACE_TYPE":"Village","DISTRICT":"TW"}},{"type":"Feature","id":2589,"geometry":{"type":"Point","coordinates":[114.05948684058394,22.370082248295432]},"properties":{"OBJECTID":2589,"GEO_NAME_ID":"1744","PLACE_CLASS":"Settlement","PLACE_TYPE":"Village","DISTRICT":"TW"}},{"type":"Feature","id":2590,"geometry":{"type":"Point","coordinates":[114.05879694051197,22.367184356676272]},"properties":{"OBJECTID":2590,"GEO_NAME_ID":"1746","PLACE_CLASS":"Settlement","PLACE_TYPE":"Village","DISTRICT":"TW"}},{"type":"Feature","id":2591,"geometry":{"type":"Point","coordinates":[114.05766416032354,22.366911202114284]},"properties":{"OBJECTID":2591,"GEO_NAME_ID":"1747","PLACE_CLASS":"Settlement","PLACE_TYPE":"Village","DISTRICT":"TW"}},{"type":"Feature","id":2592,"geometry":{"type":"Point","coordinates":[114.3353506587836,22.368593250422961]},"properties":{"OBJECTID":2592,"GEO_NAME_ID":"1748","PLACE_CLASS":"Hydrographic","PLACE_TYPE":"Bay","DISTRICT":"SK"}},{"type":"Feature","id":2593,"geometry":{"type":"Point","coordinates":[114.39245230687892,22.438513292145068]},"properties":{"OBJECTID":2593,"GEO_NAME_ID":"1749","PLACE_CLASS":"Hydrographic","PLACE_TYPE":"Bay","DISTRICT":"SK"}},{"type":"Feature","id":2594,"geometry":{"type":"Point","coordinates":[114.23996808764005,22.287202714394596]},"properties":{"OBJECTID":2594,"GEO_NAME_ID":"3512","PLACE_CLASS":"Settlement","PLACE_TYPE":"Village","DISTRICT":"KT"}},{"type":"Feature","id":2595,"geometry":{"type":"Point","coordinates":[114.18757652777246,22.400141883764036]},"properties":{"OBJECTID":2595,"GEO_NAME_ID":"3513","PLACE_CLASS":"Settlement","PLACE_TYPE":"Village","DISTRICT":"ST"}},{"type":"Feature","id":2596,"geometry":{"type":"Point","coordinates":[113.98944822320344,22.264259408559219]},"properties":{"OBJECTID":2596,"GEO_NAME_ID":"3517","PLACE_CLASS":"Settlement","PLACE_TYPE":"Village","DISTRICT":"ILD"}},{"type":"Feature","id":2597,"geometry":{"type":"Point","coordinates":[114.11903093836878,22.503332053591592]},"properties":{"OBJECTID":2597,"GEO_NAME_ID":"3518","PLACE_CLASS":"Settlement","PLACE_TYPE":"Village","DISTRICT":"NTH"}},{"type":"Feature","id":2598,"geometry":{"type":"Point","coordinates":[113.98036798174964,22.242719663172785]},"properties":{"OBJECTID":2598,"GEO_NAME_ID":"3519","PLACE_CLASS":"Settlement","PLACE_TYPE":"Village","DISTRICT":"ILD"}},{"type":"Feature","id":2599,"geometry":{"type":"Point","coordinates":[114.15829697382947,22.514322494622661]},"properties":{"OBJECTID":2599,"GEO_NAME_ID":"3524","PLACE_CLASS":"Settlement","PLACE_TYPE":"Village","DISTRICT":"NTH"}},{"type":"Feature","id":2600,"geometry":{"type":"Point","coordinates":[113.99400457863091,22.267064092179051]},"properties":{"OBJECTID":2600,"GEO_NAME_ID":"3525","PLACE_CLASS":"Settlement","PLACE_TYPE":"Village","DISTRICT":"ILD"}},{"type":"Feature","id":2601,"geometry":{"type":"Point","coordinates":[113.99183361283291,22.26527357180818]},"properties":{"OBJECTID":2601,"GEO_NAME_ID":"3526","PLACE_CLASS":"Settlement","PLACE_TYPE":"Village","DISTRICT":"ILD"}},{"type":"Feature","id":2602,"geometry":{"type":"Point","coordinates":[114.24142335800799,22.286569997955919]},"properties":{"OBJECTID":2602,"GEO_NAME_ID":"3527","PLACE_CLASS":"Settlement","PLACE_TYPE":"Village","DISTRICT":"KT"}},{"type":"Feature","id":2603,"geometry":{"type":"Point","coordinates":[114.05568872208464,22.349616258561646]},"properties":{"OBJECTID":2603,"GEO_NAME_ID":"3528","PLACE_CLASS":"Settlement","PLACE_TYPE":"Village","DISTRICT":"TW"}},{"type":"Feature","id":2604,"geometry":{"type":"Point","coordinates":[114.23860980228866,22.287745074618272]},"properties":{"OBJECTID":2604,"GEO_NAME_ID":"3529","PLACE_CLASS":"Settlement","PLACE_TYPE":"Village","DISTRICT":"KT"}},{"type":"Feature","id":2605,"geometry":{"type":"Point","coordinates":[114.27147172179848,22.381376243183389]},"properties":{"OBJECTID":2605,"GEO_NAME_ID":"3530","PLACE_CLASS":"Settlement","PLACE_TYPE":"Village","DISTRICT":"SK"}},{"type":"Feature","id":2606,"geometry":{"type":"Point","coordinates":[113.90730614707702,22.256242137416031]},"properties":{"OBJECTID":2606,"GEO_NAME_ID":"3531","PLACE_CLASS":"Settlement","PLACE_TYPE":"Village","DISTRICT":"ILD"}},{"type":"Feature","id":2607,"geometry":{"type":"Point","coordinates":[113.99107054900205,22.270040866879221]},"properties":{"OBJECTID":2607,"GEO_NAME_ID":"3534","PLACE_CLASS":"Settlement","PLACE_TYPE":"Village","DISTRICT":"ILD"}},{"type":"Feature","id":2608,"geometry":{"type":"Point","coordinates":[114.23958179247843,22.291356951332762]},"properties":{"OBJECTID":2608,"GEO_NAME_ID":"3544","PLACE_CLASS":"Settlement","PLACE_TYPE":"Village","DISTRICT":"KT"}},{"type":"Feature","id":2609,"geometry":{"type":"Point","coordinates":[114.12498357691099,22.443220331954606]},"properties":{"OBJECTID":2609,"GEO_NAME_ID":"3545","PLACE_CLASS":"Settlement","PLACE_TYPE":"Village","DISTRICT":"TP"}},{"type":"Feature","id":2610,"geometry":{"type":"Point","coordinates":[114.12272937670562,22.441429963743438]},"properties":{"OBJECTID":2610,"GEO_NAME_ID":"3547","PLACE_CLASS":"Settlement","PLACE_TYPE":"Village","DISTRICT":"TP"}},{"type":"Feature","id":2611,"geometry":{"type":"Point","coordinates":[113.98025492463751,22.247270968057833]},"properties":{"OBJECTID":2611,"GEO_NAME_ID":"3548","PLACE_CLASS":"Settlement","PLACE_TYPE":"Village","DISTRICT":"ILD"}},{"type":"Feature","id":2612,"geometry":{"type":"Point","coordinates":[114.12358442450157,22.381485463710519]},"properties":{"OBJECTID":2612,"GEO_NAME_ID":"3549","PLACE_CLASS":"Settlement","PLACE_TYPE":"Village","DISTRICT":"TW"}},{"type":"Feature","id":2613,"geometry":{"type":"Point","coordinates":[114.27310271433745,22.38089666352764]},"properties":{"OBJECTID":2613,"GEO_NAME_ID":"3550","PLACE_CLASS":"Settlement","PLACE_TYPE":"Village","DISTRICT":"SK"}},{"type":"Feature","id":2614,"geometry":{"type":"Point","coordinates":[114.12482274957866,22.509751144663657]},"properties":{"OBJECTID":2614,"GEO_NAME_ID":"3551","PLACE_CLASS":"Settlement","PLACE_TYPE":"Village","DISTRICT":"NTH"}},{"type":"Feature","id":2615,"geometry":{"type":"Point","coordinates":[114.14261762918693,22.377065650498643]},"properties":{"OBJECTID":2615,"GEO_NAME_ID":"3552","PLACE_CLASS":"Settlement","PLACE_TYPE":"Village","DISTRICT":"KC"}},{"type":"Feature","id":2616,"geometry":{"type":"Point","coordinates":[114.26806112077148,22.321439003090223]},"properties":{"OBJECTID":2616,"GEO_NAME_ID":"3553","PLACE_CLASS":"Settlement","PLACE_TYPE":"Village","DISTRICT":"SK"}},{"type":"Feature","id":2617,"geometry":{"type":"Point","coordinates":[113.99128567124818,22.26877682663282]},"properties":{"OBJECTID":2617,"GEO_NAME_ID":"3559","PLACE_CLASS":"Settlement","PLACE_TYPE":"Village","DISTRICT":"ILD"}},{"type":"Feature","id":2618,"geometry":{"type":"Point","coordinates":[114.14993094993667,22.468961180411331]},"properties":{"OBJECTID":2618,"GEO_NAME_ID":"3562","PLACE_CLASS":"Settlement","PLACE_TYPE":"Village","DISTRICT":"TP"}},{"type":"Feature","id":2619,"geometry":{"type":"Point","coordinates":[114.15141740870409,22.469747068693955]},"properties":{"OBJECTID":2619,"GEO_NAME_ID":"3563","PLACE_CLASS":"Settlement","PLACE_TYPE":"Village","DISTRICT":"TP"}},{"type":"Feature","id":2620,"geometry":{"type":"Point","coordinates":[114.14783211038754,22.469475550929022]},"properties":{"OBJECTID":2620,"GEO_NAME_ID":"3567","PLACE_CLASS":"Settlement","PLACE_TYPE":"Village","DISTRICT":"TP"}},{"type":"Feature","id":2621,"geometry":{"type":"Point","coordinates":[114.15269695786844,22.487148878524145]},"properties":{"OBJECTID":2621,"GEO_NAME_ID":"3572","PLACE_CLASS":"Settlement","PLACE_TYPE":"Village","DISTRICT":"TP"}},{"type":"Feature","id":2622,"geometry":{"type":"Point","coordinates":[114.04582163982951,22.363967129637473]},"properties":{"OBJECTID":2622,"GEO_NAME_ID":"3591","PLACE_CLASS":"Settlement","PLACE_TYPE":"Village","DISTRICT":"TW"}},{"type":"Feature","id":2623,"geometry":{"type":"Point","coordinates":[114.10647036378408,22.35194003999975]},"properties":{"OBJECTID":2623,"GEO_NAME_ID":"3593","PLACE_CLASS":"Settlement","PLACE_TYPE":"Village","DISTRICT":"KC"}},{"type":"Feature","id":2624,"geometry":{"type":"Point","coordinates":[114.1661279889084,22.343818433510133]},"properties":{"OBJECTID":2624,"GEO_NAME_ID":"2252","PLACE_CLASS":"Settlement","PLACE_TYPE":"Area","DISTRICT":"SSP"}},{"type":"Feature","id":2625,"geometry":{"type":"Point","coordinates":[114.10105210180413,22.353933347261236]},"properties":{"OBJECTID":2625,"GEO_NAME_ID":"2253","PLACE_CLASS":"Settlement","PLACE_TYPE":"Village","DISTRICT":"KC"}},{"type":"Feature","id":2626,"geometry":{"type":"Point","coordinates":[114.29438039980131,22.277429111276614]},"properties":{"OBJECTID":2626,"GEO_NAME_ID":"2254","PLACE_CLASS":"Settlement","PLACE_TYPE":"Area","DISTRICT":"SK"}},{"type":"Feature","id":2627,"geometry":{"type":"Point","coordinates":[114.2927907572579,22.328804613568852]},"properties":{"OBJECTID":2627,"GEO_NAME_ID":"2255","PLACE_CLASS":"Hydrographic","PLACE_TYPE":"Bay","DISTRICT":"SK"}},{"type":"Feature","id":2628,"geometry":{"type":"Point","coordinates":[114.31900085002027,22.331041384533414]},"properties":{"OBJECTID":2628,"GEO_NAME_ID":"2256","PLACE_CLASS":"Hydrographic","PLACE_TYPE":"Bay","DISTRICT":"SK"}},{"type":"Feature","id":2629,"geometry":{"type":"Point","coordinates":[114.03619328386338,22.331945777394221]},"properties":{"OBJECTID":2629,"GEO_NAME_ID":"2257","PLACE_CLASS":"Topographic","PLACE_TYPE":"Hill","DISTRICT":"TW"}},{"type":"Feature","id":2630,"geometry":{"type":"Point","coordinates":[114.03927283279016,22.282515248416825]},"properties":{"OBJECTID":2630,"GEO_NAME_ID":"2258","PLACE_CLASS":"Settlement","PLACE_TYPE":"Village","DISTRICT":"ILD"}},{"type":"Feature","id":2631,"geometry":{"type":"Point","coordinates":[114.12812554970328,22.446605734497666]},"properties":{"OBJECTID":2631,"GEO_NAME_ID":"2259","PLACE_CLASS":"Settlement","PLACE_TYPE":"Village","DISTRICT":"TP"}},{"type":"Feature","id":2632,"geometry":{"type":"Point","coordinates":[114.38661087599036,22.384627263602756]},"properties":{"OBJECTID":2632,"GEO_NAME_ID":"2260","PLACE_CLASS":"Topographic","PLACE_TYPE":"Hill","DISTRICT":"SK"}},{"type":"Feature","id":2633,"geometry":{"type":"Point","coordinates":[114.12583902994692,22.509348353526985]},"properties":{"OBJECTID":2633,"GEO_NAME_ID":"2262","PLACE_CLASS":"Settlement","PLACE_TYPE":"Village","DISTRICT":"NTH"}},{"type":"Feature","id":2634,"geometry":{"type":"Point","coordinates":[114.11411914811615,22.224304328692085]},"properties":{"OBJECTID":2634,"GEO_NAME_ID":"2263","PLACE_CLASS":"Settlement","PLACE_TYPE":"Village","DISTRICT":"ILD"}},{"type":"Feature","id":2635,"geometry":{"type":"Point","coordinates":[114.05777667904785,22.348759904789983]},"properties":{"OBJECTID":2635,"GEO_NAME_ID":"2264","PLACE_CLASS":"Settlement","PLACE_TYPE":"Village","DISTRICT":"TW"}},{"type":"Feature","id":2636,"geometry":{"type":"Point","coordinates":[114.11001695023769,22.528044458138982]},"properties":{"OBJECTID":2636,"GEO_NAME_ID":"2267","PLACE_CLASS":"Settlement","PLACE_TYPE":"Village","DISTRICT":"NTH"}},{"type":"Feature","id":2637,"geometry":{"type":"Point","coordinates":[114.04968311237984,22.494929877434437]},"properties":{"OBJECTID":2637,"GEO_NAME_ID":"2268","PLACE_CLASS":"Settlement","PLACE_TYPE":"Village","DISTRICT":"YL"}},{"type":"Feature","id":2638,"geometry":{"type":"Point","coordinates":[114.10576359808572,22.481761924565912]},"properties":{"OBJECTID":2638,"GEO_NAME_ID":"2269","PLACE_CLASS":"Hydrographic","PLACE_TYPE":"Stream","DISTRICT":"NTH"}},{"type":"Feature","id":2639,"geometry":{"type":"Point","coordinates":[114.13905159246569,22.458050235866466]},"properties":{"OBJECTID":2639,"GEO_NAME_ID":"2270","PLACE_CLASS":"Settlement","PLACE_TYPE":"Village","DISTRICT":"TP"}},{"type":"Feature","id":2640,"geometry":{"type":"Point","coordinates":[114.33728155979797,22.359018996251855]},"properties":{"OBJECTID":2640,"GEO_NAME_ID":"2271","PLACE_CLASS":"Hydrographic","PLACE_TYPE":"Bay","DISTRICT":"SK"}},{"type":"Feature","id":2641,"geometry":{"type":"Point","coordinates":[114.0573852812304,22.352371834773926]},"properties":{"OBJECTID":2641,"GEO_NAME_ID":"2272","PLACE_CLASS":"Hydrographic","PLACE_TYPE":"Bay","DISTRICT":"TW"}},{"type":"Feature","id":2642,"geometry":{"type":"Point","coordinates":[114.30066004211204,22.402533057775937]},"properties":{"OBJECTID":2642,"GEO_NAME_ID":"2273","PLACE_CLASS":"Settlement","PLACE_TYPE":"Village","DISTRICT":"SK"}},{"type":"Feature","id":2643,"geometry":{"type":"Point","coordinates":[114.26829772157235,22.383292538172672]},"properties":{"OBJECTID":2643,"GEO_NAME_ID":"2274","PLACE_CLASS":"Settlement","PLACE_TYPE":"Village","DISTRICT":"SK"}},{"type":"Feature","id":2644,"geometry":{"type":"Point","coordinates":[114.17835175185648,22.511803655420014]},"properties":{"OBJECTID":2644,"GEO_NAME_ID":"2275","PLACE_CLASS":"Settlement","PLACE_TYPE":"Village","DISTRICT":"NTH"}},{"type":"Feature","id":2645,"geometry":{"type":"Point","coordinates":[114.17571779526939,22.513501369856229]},"properties":{"OBJECTID":2645,"GEO_NAME_ID":"2276","PLACE_CLASS":"Settlement","PLACE_TYPE":"Village","DISTRICT":"NTH"}},{"type":"Feature","id":2646,"geometry":{"type":"Point","coordinates":[114.36323500549776,22.451624323337604]},"properties":{"OBJECTID":2646,"GEO_NAME_ID":"2277","PLACE_CLASS":"Settlement","PLACE_TYPE":"Area","DISTRICT":"TP"}},{"type":"Feature","id":2647,"geometry":{"type":"Point","coordinates":[113.99659823393739,22.426188279004396]},"properties":{"OBJECTID":2647,"GEO_NAME_ID":"2278","PLACE_CLASS":"Settlement","PLACE_TYPE":"Village","DISTRICT":"YL"}},{"type":"Feature","id":2648,"geometry":{"type":"Point","coordinates":[114.23584334624705,22.331842533098047]},"properties":{"OBJECTID":2648,"GEO_NAME_ID":"2279","PLACE_CLASS":"Settlement","PLACE_TYPE":"Area","DISTRICT":"SK"}},{"type":"Feature","id":2649,"geometry":{"type":"Point","coordinates":[114.06273481964838,22.340076080830961]},"properties":{"OBJECTID":2649,"GEO_NAME_ID":"2280","PLACE_CLASS":"Topographic","PLACE_TYPE":"Island","DISTRICT":"TW"}},{"type":"Feature","id":2650,"geometry":{"type":"Point","coordinates":[114.35980896165172,22.470941082264751]},"properties":{"OBJECTID":2650,"GEO_NAME_ID":"2281","PLACE_CLASS":"Settlement","PLACE_TYPE":"Village","DISTRICT":"TP"}},{"type":"Feature","id":2651,"geometry":{"type":"Point","coordinates":[114.35864548291478,22.467217431769107]},"properties":{"OBJECTID":2651,"GEO_NAME_ID":"2282","PLACE_CLASS":"Settlement","PLACE_TYPE":"Village","DISTRICT":"TP"}},{"type":"Feature","id":2652,"geometry":{"type":"Point","coordinates":[113.91734366421247,22.378938212358246]},"properties":{"OBJECTID":2652,"GEO_NAME_ID":"2283","PLACE_CLASS":"Topographic","PLACE_TYPE":"Cape","DISTRICT":"TM"}},{"type":"Feature","id":2653,"geometry":{"type":"Point","coordinates":[114.12723598500801,22.489400654944177]},"properties":{"OBJECTID":2653,"GEO_NAME_ID":"2284","PLACE_CLASS":"Settlement","PLACE_TYPE":"Area","DISTRICT":"NTH"}},{"type":"Feature","id":2654,"geometry":{"type":"Point","coordinates":[114.21780592027181,22.357729695651191]},"properties":{"OBJECTID":2654,"GEO_NAME_ID":"2285","PLACE_CLASS":"Topographic","PLACE_TYPE":"Hill","DISTRICT":"ST"}},{"type":"Feature","id":2655,"geometry":{"type":"Point","coordinates":[114.22194159160316,22.357105488381102]},"properties":{"OBJECTID":2655,"GEO_NAME_ID":"2287","PLACE_CLASS":"Topographic","PLACE_TYPE":"Pass","DISTRICT":"WTS"}},{"type":"Feature","id":2656,"geometry":{"type":"Point","coordinates":[114.21485430614523,22.35701700208622]},"properties":{"OBJECTID":2656,"GEO_NAME_ID":"2288","PLACE_CLASS":"Topographic","PLACE_TYPE":"Hill","DISTRICT":"WTS"}},{"type":"Feature","id":2657,"geometry":{"type":"Point","coordinates":[114.26876522618713,22.252059762959831]},"properties":{"OBJECTID":2657,"GEO_NAME_ID":"2289","PLACE_CLASS":"Hydrographic","PLACE_TYPE":"Channel","DISTRICT":"SK"}},{"type":"Feature","id":2658,"geometry":{"type":"Point","coordinates":[114.19183083433691,22.224451180794805]},"properties":{"OBJECTID":2658,"GEO_NAME_ID":"2290","PLACE_CLASS":"Topographic","PLACE_TYPE":"Island","DISTRICT":"STH"}},{"type":"Feature","id":2659,"geometry":{"type":"Point","coordinates":[113.92292374947262,22.15483496384763]},"properties":{"OBJECTID":2659,"GEO_NAME_ID":"2291","PLACE_CLASS":"Topographic","PLACE_TYPE":"Island","DISTRICT":"ILD"}},{"type":"Feature","id":2660,"geometry":{"type":"Point","coordinates":[114.3025997904078,22.550314133346518]},"properties":{"OBJECTID":2660,"GEO_NAME_ID":"2292","PLACE_CLASS":"Topographic","PLACE_TYPE":"Cape","DISTRICT":"NTH"}},{"type":"Feature","id":2661,"geometry":{"type":"Point","coordinates":[114.17196175404126,22.359288061007572]},"properties":{"OBJECTID":2661,"GEO_NAME_ID":"2293","PLACE_CLASS":"Settlement","PLACE_TYPE":"Area","DISTRICT":"ST"}},{"type":"Feature","id":2662,"geometry":{"type":"Point","coordinates":[113.9423138654995,22.276795885042279]},"properties":{"OBJECTID":2662,"GEO_NAME_ID":"2294","PLACE_CLASS":"Settlement","PLACE_TYPE":"Village","DISTRICT":"ILD"}},{"type":"Feature","id":2663,"geometry":{"type":"Point","coordinates":[113.92526210661306,22.257128832909572]},"properties":{"OBJECTID":2663,"GEO_NAME_ID":"2295","PLACE_CLASS":"Settlement","PLACE_TYPE":"Area","DISTRICT":"ILD"}},{"type":"Feature","id":2664,"geometry":{"type":"Point","coordinates":[114.29011301847379,22.270215946413447]},"properties":{"OBJECTID":2664,"GEO_NAME_ID":"2296","PLACE_CLASS":"Settlement","PLACE_TYPE":"Area","DISTRICT":"SK"}},{"type":"Feature","id":2665,"geometry":{"type":"Point","coordinates":[114.20423289761108,22.355836145275372]},"properties":{"OBJECTID":2665,"GEO_NAME_ID":"2298","PLACE_CLASS":"Topographic","PLACE_TYPE":"Hill","DISTRICT":"ST"}},{"type":"Feature","id":2666,"geometry":{"type":"Point","coordinates":[114.24886397492867,22.414665288612007]},"properties":{"OBJECTID":2666,"GEO_NAME_ID":"2299","PLACE_CLASS":"Topographic","PLACE_TYPE":"Hill","DISTRICT":"TP"}},{"type":"Feature","id":2667,"geometry":{"type":"Point","coordinates":[114.15035746243362,22.268889668270667]},"properties":{"OBJECTID":2667,"GEO_NAME_ID":"2300","PLACE_CLASS":"Settlement","PLACE_TYPE":"Area","DISTRICT":"CW"}},{"type":"Feature","id":2668,"geometry":{"type":"Point","coordinates":[114.20647892670655,22.233804968830253]},"properties":{"OBJECTID":2668,"GEO_NAME_ID":"2301","PLACE_CLASS":"Topographic","PLACE_TYPE":"Hill","DISTRICT":"STH"}},{"type":"Feature","id":2669,"geometry":{"type":"Point","coordinates":[114.27878746820446,22.426704861281824]},"properties":{"OBJECTID":2669,"GEO_NAME_ID":"2302","PLACE_CLASS":"Hydrographic","PLACE_TYPE":"Bay","DISTRICT":"TP"}},{"type":"Feature","id":2670,"geometry":{"type":"Point","coordinates":[114.06234094299231,22.394403459374239]},"properties":{"OBJECTID":2670,"GEO_NAME_ID":"2305","PLACE_CLASS":"Settlement","PLACE_TYPE":"Village","DISTRICT":"TM"}},{"type":"Feature","id":2671,"geometry":{"type":"Point","coordinates":[114.28047182460186,22.274493875688577]},"properties":{"OBJECTID":2671,"GEO_NAME_ID":"2306","PLACE_CLASS":"Topographic","PLACE_TYPE":"Pass","DISTRICT":"SK"}},{"type":"Feature","id":2672,"geometry":{"type":"Point","coordinates":[114.28479132621061,22.276748719510639]},"properties":{"OBJECTID":2672,"GEO_NAME_ID":"2307","PLACE_CLASS":"Topographic","PLACE_TYPE":"Hill","DISTRICT":"SK"}},{"type":"Feature","id":2673,"geometry":{"type":"Point","coordinates":[114.26997130742251,22.315363763303477]},"properties":{"OBJECTID":2673,"GEO_NAME_ID":"2308","PLACE_CLASS":"Settlement","PLACE_TYPE":"Village","DISTRICT":"SK"}},{"type":"Feature","id":2674,"geometry":{"type":"Point","coordinates":[114.23824285075366,22.358382464670974]},"properties":{"OBJECTID":2674,"GEO_NAME_ID":"2310","PLACE_CLASS":"Settlement","PLACE_TYPE":"Village","DISTRICT":"SK"}},{"type":"Feature","id":2675,"geometry":{"type":"Point","coordinates":[114.18534176051126,22.381936498874719]},"properties":{"OBJECTID":2675,"GEO_NAME_ID":"2311","PLACE_CLASS":"Settlement","PLACE_TYPE":"Village","DISTRICT":"ST"}},{"type":"Feature","id":2676,"geometry":{"type":"Point","coordinates":[114.05868475944115,22.350458204117572]},"properties":{"OBJECTID":2676,"GEO_NAME_ID":"2312","PLACE_CLASS":"Settlement","PLACE_TYPE":"Village","DISTRICT":"TW"}},{"type":"Feature","id":2677,"geometry":{"type":"Point","coordinates":[113.97970817884344,22.291321625861944]},"properties":{"OBJECTID":2677,"GEO_NAME_ID":"2313","PLACE_CLASS":"Settlement","PLACE_TYPE":"Village","DISTRICT":"ILD"}},{"type":"Feature","id":2678,"geometry":{"type":"Point","coordinates":[114.05922999643772,22.352192573922697]},"properties":{"OBJECTID":2678,"GEO_NAME_ID":"2314","PLACE_CLASS":"Settlement","PLACE_TYPE":"Village","DISTRICT":"TW"}},{"type":"Feature","id":2679,"geometry":{"type":"Point","coordinates":[114.02479521803089,22.432336600943415]},"properties":{"OBJECTID":2679,"GEO_NAME_ID":"2315","PLACE_CLASS":"Settlement","PLACE_TYPE":"Village","DISTRICT":"YL"}},{"type":"Feature","id":2680,"geometry":{"type":"Point","coordinates":[114.34777938817309,22.40100910449344]},"properties":{"OBJECTID":2680,"GEO_NAME_ID":"2317","PLACE_CLASS":"Topographic","PLACE_TYPE":"Hill","DISTRICT":"SK"}},{"type":"Feature","id":2681,"geometry":{"type":"Point","coordinates":[114.24333354023953,22.508141664775717]},"properties":{"OBJECTID":2681,"GEO_NAME_ID":"2320","PLACE_CLASS":"Settlement","PLACE_TYPE":"Village","DISTRICT":"NTH"}},{"type":"Feature","id":2682,"geometry":{"type":"Point","coordinates":[113.99153135028419,22.435281902557065]},"properties":{"OBJECTID":2682,"GEO_NAME_ID":"2321","PLACE_CLASS":"Settlement","PLACE_TYPE":"Village","DISTRICT":"YL"}},{"type":"Feature","id":2683,"geometry":{"type":"Point","coordinates":[114.18055669191057,22.461170119137858]},"properties":{"OBJECTID":2683,"GEO_NAME_ID":"2322","PLACE_CLASS":"Settlement","PLACE_TYPE":"Village","DISTRICT":"TP"}},{"type":"Feature","id":2684,"geometry":{"type":"Point","coordinates":[114.17812689457978,22.369772591099082]},"properties":{"OBJECTID":2684,"GEO_NAME_ID":"2323","PLACE_CLASS":"Settlement","PLACE_TYPE":"Village","DISTRICT":"ST"}},{"type":"Feature","id":2685,"geometry":{"type":"Point","coordinates":[113.92124446582034,22.289822293464223]},"properties":{"OBJECTID":2685,"GEO_NAME_ID":"2324","PLACE_CLASS":"Settlement","PLACE_TYPE":"Village","DISTRICT":"ILD"}},{"type":"Feature","id":2686,"geometry":{"type":"Point","coordinates":[114.0730856184218,22.428067313827775]},"properties":{"OBJECTID":2686,"GEO_NAME_ID":"2325","PLACE_CLASS":"Settlement","PLACE_TYPE":"Village","DISTRICT":"YL"}},{"type":"Feature","id":2687,"geometry":{"type":"Point","coordinates":[114.0697762476773,22.42424526791795]},"properties":{"OBJECTID":2687,"GEO_NAME_ID":"2326","PLACE_CLASS":"Settlement","PLACE_TYPE":"Village","DISTRICT":"YL"}},{"type":"Feature","id":2688,"geometry":{"type":"Point","coordinates":[114.00175572044306,22.454302354591764]},"properties":{"OBJECTID":2688,"GEO_NAME_ID":"2329","PLACE_CLASS":"Settlement","PLACE_TYPE":"Town","DISTRICT":"YL"}},{"type":"Feature","id":2689,"geometry":{"type":"Point","coordinates":[114.1582664260123,22.257954639985709]},"properties":{"OBJECTID":2689,"GEO_NAME_ID":"2333","PLACE_CLASS":"Topographic","PLACE_TYPE":"Hill","DISTRICT":"CW"}},{"type":"Feature","id":2690,"geometry":{"type":"Point","coordinates":[114.07921720269667,22.369038778581601]},"properties":{"OBJECTID":2690,"GEO_NAME_ID":"2336","PLACE_CLASS":"Settlement","PLACE_TYPE":"Village","DISTRICT":"TW"}},{"type":"Feature","id":2691,"geometry":{"type":"Point","coordinates":[114.21941332248637,22.471323778121473]},"properties":{"OBJECTID":2691,"GEO_NAME_ID":"2339","PLACE_CLASS":"Settlement","PLACE_TYPE":"Village","DISTRICT":"TP"}},{"type":"Feature","id":2692,"geometry":{"type":"Point","coordinates":[114.27650539032516,22.263668620290861]},"properties":{"OBJECTID":2692,"GEO_NAME_ID":"2340","PLACE_CLASS":"Settlement","PLACE_TYPE":"Area","DISTRICT":"SK"}},{"type":"Feature","id":2693,"geometry":{"type":"Point","coordinates":[114.29197786158244,22.390854012544729]},"properties":{"OBJECTID":2693,"GEO_NAME_ID":"2341","PLACE_CLASS":"Topographic","PLACE_TYPE":"Hill","DISTRICT":"SK"}},{"type":"Feature","id":2694,"geometry":{"type":"Point","coordinates":[114.09073121845387,22.51285525570168]},"properties":{"OBJECTID":2694,"GEO_NAME_ID":"2342","PLACE_CLASS":"Settlement","PLACE_TYPE":"Village","DISTRICT":"YL"}},{"type":"Feature","id":2695,"geometry":{"type":"Point","coordinates":[114.3015555014647,22.404753869027981]},"properties":{"OBJECTID":2695,"GEO_NAME_ID":"2343","PLACE_CLASS":"Settlement","PLACE_TYPE":"Village","DISTRICT":"SK"}},{"type":"Feature","id":2696,"geometry":{"type":"Point","coordinates":[114.1669625160846,22.466333822826194]},"properties":{"OBJECTID":2696,"GEO_NAME_ID":"5100","PLACE_CLASS":"Topographic","PLACE_TYPE":"Hill","DISTRICT":"TP"}},{"type":"Feature","id":2697,"geometry":{"type":"Point","coordinates":[114.24225576351056,22.306273105031888]},"properties":{"OBJECTID":2697,"GEO_NAME_ID":"5101","PLACE_CLASS":"Topographic","PLACE_TYPE":"Hill","DISTRICT":"SK"}},{"type":"Feature","id":2698,"geometry":{"type":"Point","coordinates":[114.18407199483552,22.392295234453513]},"properties":{"OBJECTID":2698,"GEO_NAME_ID":"5102","PLACE_CLASS":"Topographic","PLACE_TYPE":"Hill","DISTRICT":"ST"}},{"type":"Feature","id":2699,"geometry":{"type":"Point","coordinates":[114.26332447169167,22.325197337407737]},"properties":{"OBJECTID":2699,"GEO_NAME_ID":"5103","PLACE_CLASS":"Topographic","PLACE_TYPE":"Hill","DISTRICT":"SK"}},{"type":"Feature","id":2700,"geometry":{"type":"Point","coordinates":[114.37523956807817,22.356954884014669]},"properties":{"OBJECTID":2700,"GEO_NAME_ID":"5104","PLACE_CLASS":"Hydrographic","PLACE_TYPE":"Bay","DISTRICT":"SK"}},{"type":"Feature","id":2701,"geometry":{"type":"Point","coordinates":[113.98119869343795,22.455448161757324]},"properties":{"OBJECTID":2701,"GEO_NAME_ID":"5105","PLACE_CLASS":"Topographic","PLACE_TYPE":"Hill","DISTRICT":"YL"}},{"type":"Feature","id":2702,"geometry":{"type":"Point","coordinates":[114.19695894960981,22.28228276756326]},"properties":{"OBJECTID":2702,"GEO_NAME_ID":"5097","PLACE_CLASS":"Topographic","PLACE_TYPE":"Hill","DISTRICT":"EST"}},{"type":"Feature","id":2703,"geometry":{"type":"Point","coordinates":[114.14746802237231,22.398920455296718]},"properties":{"OBJECTID":2703,"GEO_NAME_ID":"5109","PLACE_CLASS":"Hydrographic","PLACE_TYPE":"Stream","DISTRICT":"TW"}},{"type":"Feature","id":2704,"geometry":{"type":"Point","coordinates":[114.17689384611424,22.501418718519066]},"properties":{"OBJECTID":2704,"GEO_NAME_ID":"5110","PLACE_CLASS":"Settlement","PLACE_TYPE":"Area","DISTRICT":"NTH"}},{"type":"Feature","id":2705,"geometry":{"type":"Point","coordinates":[113.9354533084888,22.294079381031175]},"properties":{"OBJECTID":2705,"GEO_NAME_ID":"5111","PLACE_CLASS":"Topographic","PLACE_TYPE":"Hill","DISTRICT":"ILD"}},{"type":"Feature","id":2706,"geometry":{"type":"Point","coordinates":[114.03445432079054,22.371588320987158]},"properties":{"OBJECTID":2706,"GEO_NAME_ID":"5112","PLACE_CLASS":"Topographic","PLACE_TYPE":"Hill","DISTRICT":"TM"}}]}